,pval,variance
HLA-DRA,0.0,15.439924187036835
LYZ,0.0,15.170803524965478
S100A9,0.0,14.883961671553239
CST3,0.0,14.72244468790727
TYROBP,0.0,14.655787375394212
LGALS1,0.0,13.991719328213977
HLA-DRB1,0.0,13.50328219781478
HLA-DPB1,0.0,13.49885867314908
HLA-DPA1,0.0,13.28585156640707
IL32,0.0,12.920651498226338
AIF1,0.0,12.685517744550065
S100A8,0.0,12.53654648537174
CCL5,0.0,12.505697485729097
NKG7,0.0,12.498072059621112
SAT1,0.0,12.479565417328637
FCER1G,0.0,12.435011073219977
LST1,0.0,12.387299123143148
CTSS,0.0,12.277762022497384
S100A11,0.0,12.22201190596781
CD3D,0.0,12.163645048558859
LTB,0.0,12.039294401085911
COTL1,0.0,12.027827170508452
PSAP,0.0,11.852552946652363
SRGN,0.0,11.555089867924405
GSTP1,0.0,11.524890300914766
CXCR4,0.0,11.398111298704327
GPX1,0.0,11.380584494744888
PTPRCAP,0.0,11.24997675953411
CD3E,0.0,11.20422924110925
ANXA1,0.0,11.186617355383072
ISG15,0.0,11.10280252911802
FCN1,0.0,11.06115956466286
GABARAP,0.0,11.004169263773145
NPC2,0.0,10.983650064722594
S100A10,0.0,10.94926504744665
NFKBIA,0.0,10.942944904955642
TYMP,0.0,10.89014878091402
GIMAP7,0.0,10.889257647454235
HCST,0.0,10.865082071187476
HLA-DRB5,0.0,10.770587680337622
TSPO,0.0,10.763689429548071
IER2,0.0,10.763103505379613
IFITM1,0.0,10.760344838506374
IL7R,0.0,10.719589679661517
LDHB,0.0,10.69807624049848
ANXA2,0.0,10.697435004282106
PLAC8,0.0,10.690211103838443
NEAT1,0.0,10.66932290734485
SELL,0.0,10.656769466140672
CD99,0.0,10.654164261495232
PSME2,0.0,10.60883830953875
AES,0.0,10.60381606618557
EVL,0.0,10.595423248346913
TAGLN2,0.0,10.584729385537356
SLC25A5,0.0,10.566131533513122
CALM2,0.0,10.56492504556578
RAC1,0.0,10.561193735752608
KLF6,0.0,10.554259369474023
ITGB2,0.0,10.543960868711453
IFI6,0.0,10.543383318250848
PRELID1,0.0,10.54007857371538
RHOA,0.0,10.538319755367226
C6orf48,0.0,10.531707538789876
UCP2,0.0,10.528649011079972
ISG20,0.0,10.522689244533948
TPI1,0.0,10.518534996280717
ARPC5,0.0,10.51463903354515
SERP1,0.0,10.509975561924584
RARRES3,0.0,10.498119651463995
NAP1L1,0.0,10.497475975597817
LY6E,0.0,10.492503984848605
CD53,0.0,10.489509760787772
CLIC1,0.0,10.48164377094215
HSP90AA1,0.0,10.480646827730581
ENO1,0.0,10.480254249686489
LSP1,0.0,10.466619745043307
GSTK1,0.0,10.462869461776933
FKBP1A,0.0,10.461094576204363
PNRC1,0.0,10.457757159010796
FOSB,0.0,10.448864071462072
HMGN1,0.0,10.440084117203817
ZFP36L2,0.0,10.43901915504306
GPX4,0.0,10.43200074420142
TUBA1A,0.0,10.431722210428884
RNASET2,0.0,10.429140387506504
LAMTOR4,0.0,10.427538074056512
MT-ND5,0.0,10.405187300264172
YWHAB,0.0,10.400820332248646
SOD1,0.0,10.393378737540836
PSMB9,0.0,10.389601982991604
NOSIP,0.0,10.382166595670324
PSMA7,0.0,10.37024973848528
BRK1,0.0,10.367127686530933
SRSF7,0.0,10.349831849687785
APRT,0.0,10.343408620498934
CAPZB,0.0,10.334109644187942
PPIB,0.0,10.317527432686422
NDUFA4,0.0,10.316559085058596
KLF2,0.0,10.313282190557903
SLC25A3,0.0,10.306937886174127
VAMP8,0.0,10.306333701697982
ATP5D,0.0,10.302474223564003
COX6B1,0.0,10.302390524236447
PCBP2,0.0,10.301823946578182
TRAF3IP3,0.0,10.301152528421916
UBE2D3,0.0,10.293831915595634
PPP1CA,0.0,10.29179039041715
ERP29,0.0,10.28563446038421
ARL6IP4,0.0,10.275484533771898
ATP6V0E1,0.0,10.27296244381213
ID2,0.0,10.264711512219927
UQCR11-1,0.0,10.259892031573393
HIGD2A,0.0,10.254883950075314
TCEB2,0.0,10.247496508101706
ZFP36,0.0,10.246166368134684
DRAP1,0.0,10.244026752351063
HINT1,0.0,10.241041509022631
GTF3A,0.0,10.240091287209424
COX5B,0.0,10.228372282142248
SNRPD2,0.0,10.227526908176568
RPL41,0.0,10.226632023549701
OST4,0.0,10.226436578045536
LDHA,0.0,10.220148408477142
SUMO2,0.0,10.217786526619982
EIF4A2,0.0,10.209396250698385
GIMAP4,0.0,10.207223622870025
COMMD6,0.0,10.202842565782213
ANAPC16,0.0,10.201604586313566
TMBIM6,0.0,10.196081608446466
ZFAS1,0.0,10.195076896463732
HNRNPK,0.0,10.18533260009231
SRSF3,0.0,10.17773039581985
UBXN1,0.0,10.171963340159996
EIF3L,0.0,10.171929770008136
HNRNPDL,0.0,10.17134252960206
SSR4,0.0,10.156620849142017
HMGB1,0.0,10.153960068099423
RAN,0.0,10.148531727248264
PSMB8,0.0,10.145581730161442
CCNI,0.0,10.145566067144399
HNRNPA2B1,0.0,10.140870000263464
BST2,0.0,10.139525289545183
SSR2,0.0,10.126440212761246
HSP90AB1,0.0,10.125410015375628
TPM3,0.0,10.122941151203058
RBM3,0.0,10.122326318388083
SNX3,0.0,10.121196684102403
IFITM2,0.0,10.119374119443792
JUN,0.0,10.11714599997294
GUK1,0.0,10.111810934248401
PRR13,0.0,10.109065312518817
CALM1,0.0,10.108290297942094
EIF3G,0.0,10.107318856634926
COX6A1,0.0,10.10705785408921
TUBA1B,0.0,10.100654510181549
LIMD2,0.0,10.093143137856517
NEDD8,0.0,10.083579414710547
CD44,0.0,10.077077600893118
CD7,0.0,10.073003343895001
ATP6V1G1,0.0,10.068328415810491
EIF3H,0.0,10.061353304887582
PARK7,0.0,10.060312292827415
IL2RG,0.0,10.050853394394325
SKP1,0.0,10.03028692396115
ARL6IP5,0.0,10.027868239791033
C19orf43,0.0,10.024447107881025
SAP18,0.0,10.021134712088644
VAMP2,0.0,10.018585057178225
PGK1,0.0,10.013412472136388
PCBP1,0.0,10.011528235058835
RAC2,0.0,10.010777170921905
SH3BGRL,0.0,9.999316176696459
HSPA8,0.0,9.9964921725944
HNRNPA0,0.0,9.983197243909814
C11orf31,0.0,9.981282069393664
S100A4,0.0,9.979984049676126
UQCRH,0.0,9.97695513326298
ARF1,0.0,9.974527109486086
PTPRC,0.0,9.959803431730458
ATP5O,0.0,9.956903601836872
NDUFA13,0.0,9.953357326528563
PYCARD,0.0,9.938996141231442
PSMB1,0.0,9.934944277555575
EIF4A1,0.0,9.933483259345497
C1orf162,0.0,9.922619589936671
TRAPPC1,0.0,9.910793963642561
UBL5,0.0,9.88870134046262
EDF1,0.0,9.865760492036054
RGS10,0.0,9.85894021798372
COX6C,0.0,9.857148259019901
PKM,0.0,9.853761194911348
TMEM123,0.0,9.828399230735805
ANP32B,0.0,9.819701748299039
CD69,0.0,9.818206418715675
CCND3,0.0,9.80004320209582
EIF3F,0.0,9.790295057625228
H2AFZ,0.0,9.789827432475596
CAP1,0.0,9.783181095978067
UBE2D2,0.0,9.773613536164069
NDUFB9,0.0,9.772434157751093
COPE,0.0,9.77047157614782
CUTA,0.0,9.76707828932534
ATP5G3,0.0,9.766886437140755
GPSM3,0.0,9.756323453675552
COX7A2L,0.0,9.745444677252225
MCL1,0.0,9.724135966434423
ICAM3,0.0,9.708661563508645
EID1,0.0,9.704531161127957
U2AF1,0.0,9.697813552467755
S100A6,0.0,9.67976031283227
JTB,0.0,9.65687710717558
ATP5A1,0.0,9.65266741574604
C19orf53,0.0,9.643436369376465
CTSW,0.0,9.639826337825724
UXT,0.0,9.637293814206966
TALDO1,0.0,9.624614856797075
TKT,0.0,9.618414216035996
ISCU,0.0,9.61797970552498
ALDOA,0.0,9.609813658436087
RHOG,0.0,9.589681042059736
TMA7,0.0,9.583556302402648
PTGES3,0.0,9.57497777743979
NDUFA11,0.0,9.571492052170546
ACTR3,0.0,9.57016838016154
MT-ATP6,0.0,9.568636274281982
PPP1R15A,0.0,9.565673017414717
ATP5B,0.0,9.563296612390161
GMFG,0.0,9.562928406828195
SF3B5,0.0,9.55452925113777
CD48,0.0,9.550595119151977
MIF,0.0,9.550519305553301
NBEAL1,0.0,9.546681333921601
CRIP1,0.0,9.523733261569632
TIMP1,0.0,9.523594220252644
MORF4L1,0.0,9.52052786163831
CIB1,0.0,9.511079644084594
COX7A2,0.0,9.50630663544874
SRSF2,0.0,9.502501691768591
NDUFB11,0.0,9.497861194963685
CNBP,0.0,9.496133929208476
EIF3D,0.0,9.48487218569984
ATP5L,0.0,9.479700980809314
H3F3A,0.0,9.477718148237695
COX7C,0.0,9.470984444873745
LCK,0.0,9.458822558560728
C10orf54,0.0,9.458205668300096
HNRNPC,0.0,9.453711049541884
NDUFS5,0.0,9.447495902248923
CSTB,0.0,9.430878116793867
MYL12B,0.0,9.423676987891177
NDUFB8-1,0.0,9.421344369958739
LCP1,0.0,9.41248119951973
CD63,0.0,9.403382352295049
GLRX,0.0,9.39722835543946
TMEM59,0.0,9.394809705970205
SPCS1,0.0,9.37503840912211
ST13,0.0,9.373332233982579
CIRBP,0.0,9.37011425459039
PEBP1,0.0,9.358451160192708
PNISR,0.0,9.343663952040709
FYB,0.0,9.339772691058094
COX8A,0.0,9.339061315702127
EMP3,0.0,9.31696320106986
SMDT1,0.0,9.314410435445552
ARPC1B,0.0,9.314111612368439
MZT2B,0.0,9.309672751773748
BIN2,0.0,9.292253357535193
NHP2L1,0.0,9.28940690507955
EIF3E,0.0,9.286306302317161
AP2S1,0.0,9.285461664561971
CEBPB,0.0,9.272372320909335
TRMT112,0.0,9.26786056949036
C11orf58,0.0,9.257974651201353
ATP6V1F,0.0,9.256833472416528
SERPINB1,0.0,9.239473502883426
BTG2,0.0,9.238981385196062
CHCHD2,0.0,9.216688440437832
HCLS1,0.0,9.206666544182742
CMPK1,0.0,9.203351092324322
RPSAP58,0.0,9.19632409705021
HNRNPF,0.0,9.196068608691293
PSMB3,0.0,9.194877532371256
RAP1B,0.0,9.182453969690036
TMEM66,0.0,9.16705360339532
SYF2,0.0,9.164973480131035
UFC1,0.0,9.138266599164169
FXYD5,0.0,9.12849716620661
CDC42,0.0,9.125663358488582
C1QBP,0.0,9.11480973864772
C9orf16,0.0,9.10140887145783
GHITM,0.0,9.097914562410663
MT2A,0.0,9.096109892099864
SRSF5,0.0,9.081391399400793
C4orf3,0.0,9.074340791063717
CALM3,0.0,9.072875242689596
DAD1,0.0,9.06586368856092
GABARAPL2,0.0,9.054503133441784
ATP5F1,0.0,9.041126399881406
TSC22D3,0.0,9.035566045384801
PSME1,0.0,9.024823498315438
ATP6V0B,0.0,9.02068440007481
YWHAZ,0.0,9.012474890270571
POLR2L,0.0,9.012334740884578
DBI,0.0,9.006518255328821
ATP5H,0.0,8.998904595795736
RBM39,0.0,8.997010826254295
PRDX5,0.0,8.995877616059248
CD2,0.0,8.991490777506227
PLP2,0.0,8.988258648719427
LRRFIP1,0.0,8.979258199564095
PSMB10,0.0,8.948683171235624
SEPT7,0.0,8.931500226609908
EIF3K,0.0,8.916569150086048
CD37,0.0,8.913564962571554
CCDC85B,0.0,8.913101927631798
VIM,0.0,8.908290150604822
POLD4,0.0,8.903553335290145
CD74,0.0,8.895046887563991
VPS28,0.0,8.87701410182843
NDUFB2,0.0,8.873450328945896
DYNLL1,0.0,8.873424600605226
AP1S2,0.0,8.871705623655926
UBE2L6,0.0,8.864931033162213
ARF6,0.0,8.857100053811939
LAMTOR1,0.0,8.855861170717052
COX5A,0.0,8.852589500451309
WDR83OS,0.0,8.847972569940852
CYTIP,0.0,8.8296164654752
CNN2,0.0,8.80906132705402
EIF3M,0.0,8.780893655150946
CD164,0.0,8.765268240812071
SERBP1,0.0,8.762692944919966
STK17A,0.0,8.759863682506202
PPIA,0.0,8.749333585245289
SNRPB,0.0,8.744519145138895
UQCR10,0.0,8.733403324624877
TXNIP,0.0,8.727326550673958
PDIA3,0.0,8.722681657741802
YPEL5,0.0,8.703533117466097
ATP5E,0.0,8.695554659240683
ERH,0.0,8.686151364638146
UBE2I,0.0,8.681148501504367
RPL36AL,0.0,8.671112998931672
HMGB2,0.0,8.659343970602583
CSNK2B,0.0,8.656640197399339
SEPT9,0.0,8.644770087227286
SSU72,0.0,8.633334102207991
SEC11A,0.0,8.624511470130246
HLA-F,0.0,8.613769898631723
GIMAP1,0.0,8.606565238662617
DAZAP2,0.0,8.590504725878612
NDUFB10,0.0,8.578040017447625
CD79B,0.0,8.565894126748756
SRP9,0.0,8.54876393960639
EVI2B,0.0,8.542509168175046
RSL1D1,0.0,8.535752294088434
FIS1,0.0,8.531307789011544
LGALS2,0.0,8.528939670429825
ATP5J2,0.0,8.50797619295722
NDUFA1,0.0,8.500915870205487
CCDC109B,0.0,8.491542146154154
NDFIP1,0.0,8.48596200834037
SEC61B,0.0,8.453042034262344
RABAC1,0.0,8.435720527980175
TMEM258,0.0,8.43295258293509
LITAF,0.0,8.431788923192812
ANXA5,0.0,8.419980455869787
DHRS7,0.0,8.41936435587919
HNRNPA3,0.0,8.41720779940344
ACAP1,0.0,8.389757479778165
BLOC1S1,0.0,8.383282459105526
CASP4,0.0,8.38191436673239
UBB,0.0,8.380323820118104
HLA-DMA,0.0,8.380146998832407
TUBB,0.0,8.366737045172668
RGS2,0.0,8.35485823043869
SON,0.0,8.347422976347591
C12orf57,0.0,8.338648146409248
CYCS,0.0,8.336980901717961
HNRNPM,0.0,8.32219510932823
RAP1A,0.0,8.319734185693756
SUB1,0.0,8.317137537839496
PAIP2,0.0,8.312447956901046
OSTF1,0.0,8.304473973498817
XRCC6,0.0,8.304146843876929
PPA1,0.0,8.299683285149566
EIF4G2,0.0,8.29750455072303
HLA-DQB1,0.0,8.292198596847777
RBMX,0.0,8.28707712954607
ZNF706,0.0,8.286476808069114
ATPIF1,0.0,8.281309528587354
EIF3I,0.0,8.278465420213674
ARPC4,0.0,8.271373137096601
CHMP4A,0.0,8.270597505608709
TBC1D10C,0.0,8.269676049542664
H2AFY,0.0,8.267309067075994
SF1,0.0,8.264112828940284
PSMB7,0.0,8.258805597991145
PRDX1,0.0,8.258425743821878
RBM8A,0.0,8.258117831044796
FKBP8,0.0,8.25776164576855
RNH1,0.0,8.236506021903713
RAB7A,0.0,8.234777702678027
FAM65B,0.0,8.23313809845245
TOMM7,0.0,8.226108859744226
ENSA,0.0,8.22143797263101
C20orf24,0.0,8.20146776479512
C14orf166,0.0,8.193266245776611
AP2M1,0.0,8.189051211051178
ANXA6,0.0,8.183687617802065
GDI2,0.0,8.179906292682428
NOP10,0.0,8.176532226464333
CFD,0.0,8.17236342059471
GNLY,0.0,8.167547293351586
PGLS,0.0,8.166199297436842
PTPN6,0.0,8.158007476890814
SRSF9,0.0,8.157979946380182
DNAJB1,0.0,8.148414340522649
IFITM3,0.0,8.148237015134226
FAM49B,0.0,8.143542645651875
ATP5C1,0.0,8.118869427644734
HLA-DQA1,0.0,8.11658490668037
CARD16,0.0,8.112331356362617
TMEM230,0.0,8.111892839423506
KRTCAP2,0.0,8.109537303885784
GYPC,0.0,8.10488245940603
SPCS2,0.0,8.093773418689624
GSTO1,0.0,8.090453979988519
TBCB,0.0,8.074742222584751
BAX,0.0,8.074103856481253
SERPINA1,0.0,8.073421131033713
GIMAP5,0.0,8.072060430208488
XBP1,0.0,8.070007484827789
CD247,0.0,8.05998293065573
CSDE1,0.0,8.05248287532312
ITM2B,0.0,8.052480001306982
SCAND1,0.0,8.048544381818953
IRF1,0.0,8.035966716443456
ARF5,0.0,8.02161629175228
MDH2,0.0,8.019503356461433
LGALS3,0.0,8.018808568311007
SUPT4H1,0.0,8.016591114429678
GNAS,0.0,8.010821565295206
SRP14,0.0,8.008827753096067
LINC00936,0.0,8.001886835273702
ARPC2,0.0,7.997798572550285
GNG5,0.0,7.994234501976903
LAPTM5,0.0,7.983134352552641
RPL39,0.0,7.977495424158314
GZMA,0.0,7.976165966724143
POLR1D,0.0,7.969741742009843
ANKRD12,0.0,7.966818425632846
SELT,0.0,7.964562725063746
PRDX2,0.0,7.94704842809744
YWHAQ,0.0,7.93972797309651
TMBIM4-1,0.0,7.938592009004659
C9orf78,0.0,7.938580744316529
CLTA,0.0,7.937023959718399
DNAJA1,0.0,7.927728295333239
RBX1,0.0,7.923801367561386
UQCRQ,0.0,7.92239901753858
ATP5J,0.0,7.916390143557361
ATP5I,0.0,7.911616616745748
SELK,0.0,7.9103466919564
IGBP1,0.0,7.902895784218255
CNPY3,0.0,7.902742910489433
PSMD8,0.0,7.900563089894464
SEP15,0.0,7.899720190175307
NDUFS7,0.0,7.893579881278649
ARHGDIA,0.0,7.881567366607964
VAPA,0.0,7.878358745932807
PPP1R18,0.0,7.8770798378109985
TBCA,0.0,7.860727198097642
MRPL23,0.0,7.8436421871653685
PPP4C,0.0,7.83748983362467
PDCD6,0.0,7.835418299622872
AURKAIP1,0.0,7.834794220144172
CASP1,0.0,7.827578342137783
PSMC5,0.0,7.820968153559937
CORO1A,0.0,7.817520376676535
FUS,0.0,7.8144023120393715
PRDX6,0.0,7.803687776697734
CST7,0.0,7.799496432645017
ARHGAP15,0.0,7.785663897119288
VDAC2,0.0,7.780172871794232
NDUFB7,0.0,7.779999520673013
DYNLRB1,0.0,7.776559282238316
DUSP2,0.0,7.773536523583863
ABRACL,0.0,7.773036898029219
RANBP1,0.0,7.767624880454778
SP110,0.0,7.76618761221777
MSN,0.0,7.7649148436239805
CTSC,0.0,7.757367584855495
CALR,0.0,7.755823697535843
PPP1R2,0.0,7.7360870451405095
ARPC3,0.0,7.730382731188103
TRA2B,0.0,7.729991624846049
TMEM219,0.0,7.71274740242528
PYURF,0.0,7.709546530544639
ATP5EP2,0.0,7.697940894874362
VASP,0.0,7.692986360635951
PSMD4,0.0,7.689059051916479
AHNAK,0.0,7.688955813619899
FBL,0.0,7.687745017233263
NCOR1,0.0,7.686750616937021
GZMM,0.0,7.680460954386692
GRN,0.0,7.67996079187536
BCAP31,0.0,7.672225195342701
UQCRFS1,0.0,7.668596646979754
IFI44L,0.0,7.665578876329227
LAMTOR5,0.0,7.661588012994955
SNHG7,0.0,7.644639137961159
NDUFV2,0.0,7.643052948256755
DDX5,0.0,7.630616277779533
EIF5,0.0,7.6303519700971565
C19orf60,0.0,7.625586866217005
SUMO1,0.0,7.606646252792065
UQCRC2,0.0,7.603062202805248
RAB5C,0.0,7.590641199585472
YBX1,0.0,7.58459645707487
RPL22,0.0,7.584326365907462
SP100,0.0,7.5799144895621
HSD17B11,0.0,7.577879861808813
PSMB6,0.0,7.570068035135742
SCP2,0.0,7.551870132718618
AMICA1,0.0,7.545784620374716
MTDH,0.0,7.54163720387212
ZNHIT1,0.0,7.531932834466747
PPDPF,0.0,7.518367777867444
NPM1,0.0,7.518335357417268
ATRAID,0.0,7.502744189443386
STXBP2,0.0,7.501141451981524
CD68,0.0,7.495845394406615
SLC2A3,0.0,7.4814593096414
TMEM50A,0.0,7.478946316953219
RGS19,0.0,7.477092816733045
MEAF6,0.0,7.472244606306923
TMED2,0.0,7.470411878322237
LSM7,0.0,7.466886309579118
CYBA,0.0,7.455520152409616
EIF2S2,0.0,7.4554959437430535
TOMM20,0.0,7.4554343920182
ANXA11,0.0,7.439633728710984
LEPROTL1,0.0,7.429781844654411
MZT2A,0.0,7.428197524035166
TAPBP,0.0,7.425570368867051
DUT,0.0,7.413657438029671
ECH1,0.0,7.412024592419253
CCNL1,0.0,7.409602556333619
RHOH,0.0,7.409084247315988
S1PR4,0.0,7.40309147980445
FAM96B,0.0,7.3966620501579525
REEP5,0.0,7.3900262608706155
MINOS1,0.0,7.388163306533108
CHMP1B,0.0,7.3875969602207405
WDR1,0.0,7.385684537853638
ASAH1,0.0,7.379553990358843
PSMA5,0.0,7.374952786193274
GAPDH,0.0,7.372515584232522
PIK3IP1,0.0,7.367422959742302
ARRB2,0.0,7.364519862265015
SRI,0.0,7.364341605677068
TUBA4A,0.0,7.36133490683328
GNB2,0.0,7.347128597214156
ATP5G2,0.0,7.345570937476155
GADD45GIP1,0.0,7.343536304875947
TNFAIP8,0.0,7.333905952158231
PCNP,0.0,7.331691223843936
CHMP2A,0.0,7.322643684837067
CEBPD,0.0,7.316911969769252
CTSD,0.0,7.301273195437308
NDUFA2,0.0,7.289832724679625
NDUFB4,0.0,7.287124582571334
BIN1,0.0,7.274720535508586
SNHG8,0.0,7.267477548085688
ALOX5AP,0.0,7.2557818397992575
SUN2,0.0,7.255214841244665
H2AFV,0.0,7.248718238754036
RWDD1,0.0,7.241314274948649
PPP2R5C,0.0,7.2354612124995565
SEPW1,0.0,7.235288456192008
METTL9,0.0,7.223367505822804
CD27,0.0,7.222597978865268
FCGR3A,0.0,7.220127685757547
LMAN2,0.0,7.218775723894037
ERGIC3,0.0,7.196959964537371
TMED9,0.0,7.188390259017062
TCF25,0.0,7.174062470376132
IDS,0.0,7.1647663396538706
MRPL20,0.0,7.16202048920478
BUD31,0.0,7.157767459798056
NDUFC2,0.0,7.155330993271835
C9orf142,0.0,7.153502409232522
SLC25A6,0.0,7.149697159466005
POLR2J,0.0,7.147133290261676
HSP90B1,0.0,7.144351389096614
FCGRT,0.0,7.1351830146758095
GLTSCR2,0.0,7.134634115696848
CD47,0.0,7.1205323816159565
DOK2,0.0,7.114996953269044
LSM4,0.0,7.10752012057065
RASGRP2,0.0,7.104652461530482
ZFP36L1,0.0,7.104383034271387
BSG,0.0,7.103112138754484
FAM26F,0.0,7.101677420220111
SPI1,0.0,7.099419171402858
CCDC12,0.0,7.095413497542627
TOMM22,0.0,7.091365379064899
MAP1LC3B,0.0,7.078667987678636
ATP6AP2,0.0,7.0498453033338295
HNRNPU,0.0,7.046393613627997
EEF1G,0.0,7.045067345182796
SDCBP,0.0,7.042456680004336
RGCC,0.0,7.04031599666483
POLR2G,0.0,7.0383423338922
PSMA1,0.0,7.036277088595166
KRT10,0.0,7.03398789769923
RNF7,0.0,7.0291731048318695
MYO1F,0.0,7.028686253332654
RPS19BP1,0.0,7.006887023167441
ANAPC11,0.0,7.001868563567535
KMT2E,0.0,7.000342288305138
SRSF11,0.0,6.999200177913583
SSBP1,0.0,6.993884236149291
ICAM2,0.0,6.99272292103979
BANF1,0.0,6.982906990287535
CD79A,0.0,6.982112785709848
SAMHD1,0.0,6.973235649639225
HN1,0.0,6.960732416371157
KHDRBS1,0.0,6.94750797269804
CITED2,0.0,6.943887575818437
EEF2,0.0,6.942395643639148
SEPT1,0.0,6.938713783078487
PA2G4,0.0,6.9384282697606325
ATF4,0.0,6.938175787110999
CAPG,0.0,6.9323654759295135
XRCC5,0.0,6.930664007192544
GADD45B,0.0,6.928716921691957
ARHGEF1,0.0,6.921441243417494
APEX1,0.0,6.916183535167455
RNPS1,0.0,6.908140653063555
NCL,0.0,6.905007784431398
TUFM,0.0,6.90378924359666
PTP4A2,0.0,6.902747036895399
RTN4,0.0,6.902012800860309
MRFAP1,0.0,6.898671494334738
DDX24,0.0,6.886850171364819
NHP2,0.0,6.882377817404223
CFP,0.0,6.879791582605525
NDUFS8,0.0,6.874930327530269
HMGN3,0.0,6.874526553648195
TMEM14B,0.0,6.869872977942364
P4HB,0.0,6.865513820453703
DGUOK,0.0,6.860462209031508
CELF2,0.0,6.858205860649057
DBNL,0.0,6.857817042139549
PDIA6,0.0,6.855134884706857
TCF7,0.0,6.853130974402092
SH3BGRL3,0.0,6.840449241433482
EIF4B,0.0,6.833729798512148
ACP1,0.0,6.830595631194399
MYO1G,0.0,6.819142669845291
CD3G,0.0,6.803098643809291
PPP1CC,0.0,6.790696109755036
OCIAD2,0.0,6.786421711991331
UBE2L3,0.0,6.776226905845409
CDC42SE2,0.0,6.775590805880268
PGAM1,0.0,6.77530630990625
PSMA2-1,0.0,6.77072048722636
TAPSAR1,0.0,6.767624801806797
TAP1,0.0,6.763419965457468
STUB1,0.0,6.762852969421116
TSTD1,0.0,6.758607568162685
MYL6,0.0,6.755570570348134
DDIT4,0.0,6.748766682768294
MED10,0.0,6.745218114959053
LAT,0.0,6.741589534935566
SSB,0.0,6.7412173047361375
ALKBH7,0.0,6.737567382241434
GNAI2,0.0,6.736829807830045
MDH1,0.0,6.724308064222428
MRPS21,0.0,6.717449496552887
NDUFS6,0.0,6.706842071192775
TERF2IP,0.0,6.698689393392114
RNF213,0.0,6.696545580028655
VAMP5,0.0,6.694266545791294
NDUFA3,0.0,6.687366720881911
SHISA5,0.0,6.685206731209377
ACTG1,0.0,6.676069792097585
DEK,0.0,6.671882881952075
IK,0.0,6.671263245247314
CDKN2D,0.0,6.665879065567374
DCTN3,0.0,6.6567584760272185
MYEOV2,0.0,6.647350646631158
TAF7,0.0,6.6452288803370045
CD97,0.0,6.640515243071511
CDC37,0.0,6.638329545959878
LAMTOR2,0.0,6.637468727239039
UBC,0.0,6.634713961871906
HMHA1,0.0,6.626408567422411
APOBEC3G,0.0,6.621700884722218
FMNL1,0.0,6.613080831954556
FGR,0.0,6.611008175352989
SEC62,0.0,6.6087497931499755
MAF1,0.0,6.602276639140559
GLIPR2,0.0,6.600017318711844
EIF4H,0.0,6.590875153968906
CAMLG,0.0,6.585519294368704
MRPL54,0.0,6.583394166144423
RPN2,0.0,6.577426876807708
RALY,0.0,6.571836148905261
EIF6,0.0,6.570497741011286
PRMT2,0.0,6.564258211469079
MX1,0.0,6.56267502904159
SIGIRR,0.0,6.5593718123402835
NSA2,0.0,6.555184680505457
NOL7,0.0,6.553340420636936
SIVA1,0.0,6.5490694688079065
RER1,0.0,6.545018701393763
TNFSF10,0.0,6.542974288633122
C1orf43,0.0,6.542210577647897
RPS27L,0.0,6.541910571329758
CHCHD10,0.0,6.5403366694319365
BTN3A2,0.0,6.530609864789698
TCEA1,0.0,6.527535073603502
PCMT1,0.0,6.519418990996583
FAIM3,0.0,6.510301955140425
CCT8,0.0,6.508216867283764
PAPOLA,0.0,6.507269897316723
SSNA1,0.0,6.493180335225908
RCSD1,0.0,6.483058730328468
M6PR,0.0,6.48185889284417
BRI3,0.0,6.475533983851166
SPOCK2,0.0,6.475250725549141
LAPTM4A,0.0,6.4745806952912215
CAPN2,0.0,6.473484935799468
NDUFA12,0.0,6.468592279838005
ANXA7,0.0,6.4674865117555305
SNX17,0.0,6.461457972196515
C19orf70,0.0,6.458732775436947
CSK,0.0,6.457828162368813
PABPC1,0.0,6.44968582161777
CDC42SE1,0.0,6.448706964655882
DNAJC8,0.0,6.446800374658659
NDUFAF3,0.0,6.442857874725001
RPL23,0.0,6.442342055898801
MBNL1,0.0,6.441121836514354
FLNA,0.0,6.431055921861459
SNX2,0.0,6.4191143739547885
RAB8A,0.0,6.415539424428092
IMP3,0.0,6.41479838801222
C19orf10,0.0,6.413236103590873
DPP7,0.0,6.3985920671842615
CLNS1A,0.0,6.395115143073945
TNFRSF14,0.0,6.390682082077276
MPHOSPH8,0.0,6.390090836118312
SERF2,0.0,6.381911486088312
RNF181,0.0,6.381348696221264
CKLF,0.0,6.381236178669747
BUB3,0.0,6.374619147330771
PRF1,0.0,6.374021109706374
BAZ1A,0.0,6.3649117227120575
CHMP5,0.0,6.362690490955604
XAF1,0.0,6.346551142434573
IL10RA,0.0,6.342091438825359
SNRPD1,0.0,6.340831414982981
WAS,0.0,6.332954959049846
NUDC,0.0,6.328104095663856
TECR,0.0,6.321117165117776
SDHB,0.0,6.317846167645016
HSPE1,0.0,6.302212017551753
PHB,0.0,6.301450457272709
HERPUD1,0.0,6.292204970485685
MGST3,0.0,6.2904499465368335
EIF2S3,0.0,6.290073048409649
PSMB2,0.0,6.287903433383946
STK4,0.0,6.278272381279554
SUMO3,0.0,6.267740980854159
ARL4C,0.0,6.265708961123769
SDHC,0.0,6.263343596052631
LSM10,0.0,6.262276813724889
RBCK1,0.0,6.255361154944203
FNBP1,0.0,6.252314129256144
BID,0.0,6.251409375626497
RPS21,0.0,6.248033489293508
SOD2,0.0,6.245882004828084
CCR7,0.0,6.243892137478052
SQSTM1,0.0,6.241170720980251
ATG3,0.0,6.239363969380206
NDUFB5,0.0,6.2364252212304345
MT-ND3,0.0,6.230113524137285
CCT3,0.0,6.224455548898269
TIMM13,0.0,6.223869690323955
WIPF1,0.0,6.220219614999949
SNRPC,0.0,6.219914712606659
SEPT6,0.0,6.214805934085973
HAX1,0.0,6.213535658802785
VDAC1,0.0,6.208349370448199
HNRNPR,0.0,6.192911589557931
LY86,0.0,6.1911693699453725
RTFDC1,0.0,6.188990523231404
CTSB,0.0,6.186971859567855
LYAR,0.0,6.186492627945797
MKRN1,0.0,6.185403568451787
SPAG7,0.0,6.1843642577042175
DUSP1,0.0,6.183058030254887
RHOC,0.0,6.179981448185909
SBDS,0.0,6.172003697359622
CCT4,0.0,6.161345655735994
HADHA,0.0,6.155543916765521
GLIPR1,0.0,6.149185146912054
MRPS34,0.0,6.149040309216734
CAPZA2,0.0,6.140232535013004
ATP5G1,0.0,6.1316543536136505
POLR3GL,0.0,6.130889029317449
NR4A2,0.0,6.130834092076283
CD55,0.0,6.112211433878439
EMC4,0.0,6.105870139224539
LAMP1,0.0,6.103876289819046
MYL12A,0.0,6.097237813931394
KARS,0.0,6.0885154994892
ETFB,0.0,6.0871757357304475
SF3B2,0.0,6.086421011356603
JAK1,0.0,6.0813088621765745
HSPA5,0.0,6.079580522290719
TMEM243,0.0,6.079505296520949
LSM2,0.0,6.073816057208798
TXN,0.0,6.072904272516458
RSL24D1,0.0,6.0693213392797976
MS4A1,0.0,6.0638656061616265
SHFM1,0.0,6.054378252699821
ILF2,0.0,6.0526816014391915
TGFB1,0.0,6.050253516214749
SRRM2,0.0,6.048345667145704
MRPL51,0.0,6.044899536412799
MRP63,0.0,6.036664616618818
CMTM7,0.0,6.0349583572568966
APH1A,0.0,6.033801275361156
RPL22L1,0.0,6.026244141554989
SF3B14,0.0,6.020449862950896
TRAPPC6A,0.0,6.0082773025577145
UBXN4,0.0,6.008112732423644
BTG1,0.0,6.0030258555415665
CFLAR,0.0,5.997371000219714
EFHD2,0.0,5.986519747908491
JUNB,0.0,5.984706036972575
OAS1,0.0,5.980028899828897
PHB2,0.0,5.9711883070754554
NDUFAB1,0.0,5.970885741846355
TRIM22,0.0,5.969429694797717
EZR,0.0,5.967394831400517
ARL5A,0.0,5.965251846579203
CCNDBP1,0.0,5.964781421487921
OXA1L,0.0,5.961176761665565
GZMB,0.0,5.9597399486714915
MYADM,0.0,5.956571164791777
ANP32A,0.0,5.950299732601459
CRBN,0.0,5.94600099898171
PSMD7,0.0,5.941238387595
YWHAH,0.0,5.938658770653857
COX14,0.0,5.934308490237449
PIN1,0.0,5.93166390145226
HLA-DMB,0.0,5.929752373278031
IDH3G,0.0,5.925479156153043
DSTN,0.0,5.924364921500813
GIMAP2,0.0,5.924012698947198
RAD23A,0.0,5.911799088535226
CBX3,0.0,5.910925931034356
GBP2,0.0,5.909756331886089
EWSR1,0.0,5.908816087948619
DDT,0.0,5.902096409037777
TRAM1,0.0,5.894714735643681
DYNLT1,0.0,5.88939992160995
VPS29,0.0,5.886530924822975
ENY2,0.0,5.886070647446382
HSD17B10,0.0,5.885978617200411
STK17B,0.0,5.885532593111558
MOB1A,0.0,5.884745001520363
OCIAD1,0.0,5.870055257780046
PRRC2C,0.0,5.869594096729547
PIM1,0.0,5.864485656174299
RPL34,0.0,5.858066569829217
ADD3,0.0,5.854922040340391
COX17,0.0,5.847224392143536
EIF1B,0.0,5.844848930912831
PDCD2,0.0,5.84142541623429
CCT7,0.0,5.838547245617139
MED4,0.0,5.838049497768303
CACYBP,0.0,5.8380273818250705
TMEM147,0.0,5.83763146143483
ARPC5L,0.0,5.835737191310037
WASF2,0.0,5.829537332418488
CHURC1,0.0,5.828509708385228
ATP1A1,0.0,5.828216145408808
POLE4,0.0,5.827244977630151
PFDN2,0.0,5.82240352423129
CYC1,0.0,5.821175159323045
MRPL18,0.0,5.820208773369241
MRPL34,0.0,5.813156149402302
RP11-1143G9.4,0.0,5.808428118151197
PPT1,0.0,5.805963620822352
SNF8,0.0,5.798561710720916
MARCKSL1,0.0,5.797116401403711
TMED10,0.0,5.797064524151457
MS4A6A,0.0,5.794920837274456
ARL6IP1,0.0,5.790574158077357
MATR3,0.0,5.788270821217781
TMEM9B,0.0,5.785775796529277
SERPINB6,0.0,5.781810144431307
COPZ1,0.0,5.779984362217741
LYSMD2,0.0,5.7723522402055885
PSIP1,0.0,5.770529022937592
DCK,0.0,5.765434473129666
RILPL2,0.0,5.763859513650421
ACTR2,0.0,5.76325051652686
TMEM160,0.0,5.7607449053555815
NSMCE1,0.0,5.758851196575563
TAGAP,0.0,5.754305758555624
SDHD,0.0,5.748590767983822
PPCS,0.0,5.743882839206541
ORMDL1,0.0,5.743548604812637
CLTB,0.0,5.738434843632383
BLVRA,0.0,5.727819228725746
PRMT1,0.0,5.727041230447568
USMG5,0.0,5.7258615763580964
DDOST,0.0,5.719048301918465
LINC00493,0.0,5.718547837559546
GRK6,0.0,5.707366222895599
NUTF2,0.0,5.705013759771472
COPS6,0.0,5.703512784370813
COX6A1P2,0.0,5.686654228424628
EEF1B2,0.0,5.685814734728831
UGP2,0.0,5.6790968182773085
EIF5A,0.0,5.677545339430537
OSTC,0.0,5.673884641365611
MYH9,0.0,5.67129545329022
C1orf86,0.0,5.664011174701328
MYLIP,0.0,5.660393537548732
C19orf24,0.0,5.659651168029286
NCF2,0.0,5.65567082559232
ZC3H15,0.0,5.651522396150944
RNF130,0.0,5.641364421246237
PDCD4,0.0,5.634004874573735
PDCD5,0.0,5.631654230692771
HLA-E,0.0,5.6312828245437725
DECR1,0.0,5.628442366499097
ABI3,0.0,5.626437640308936
GRB2,0.0,5.623533035682263
CCL3,0.0,5.6188539328583476
FERMT3,0.0,5.618619971466596
ANXA2R,0.0,5.6152206856348785
IFI35,0.0,5.611616493946204
DNAJB6,0.0,5.611196554466592
CTSH,0.0,5.610972155852585
MT-CO2,0.0,5.610632211746011
IDH2,0.0,5.610174878220798
PPHLN1,0.0,5.606775307903779
RPA2,0.0,5.603354393307756
SOCS3,0.0,5.602488049283988
ZNF207,0.0,5.597768860869111
C1orf63,0.0,5.595435318501803
HMOX2,0.0,5.589247960393573
PPP1R7,0.0,5.588258159199382
NECAP2,0.0,5.58475627767292
UBE2N,0.0,5.584737373713585
RASSF5,0.0,5.582866050286865
CCT5,0.0,5.576529735092447
WTAP,0.0,5.5757943382339095
NCF1,0.0,5.573007767567553
MRPS18B,0.0,5.56853067277745
PSMG2,0.0,5.5502236816626995
IFI30,0.0,5.545909077360481
PDAP1,0.0,5.54415122679717
ADAR,0.0,5.53838921546577
C7orf73,0.0,5.538012111835581
MT-ND2,0.0,5.536773482903397
EPSTI1,0.0,5.53677043898095
PSMD9,0.0,5.535685085935998
CD52,0.0,5.534653276299816
HNRNPH3,0.0,5.5336889569885725
ARGLU1,0.0,5.530830642602729
C16orf13,0.0,5.52642102736082
UQCRC1,0.0,5.525380922743146
TWF2,0.0,5.52295730791663
LUC7L3,0.0,5.512162853947647
WSB1,0.0,5.50525532871872
AQP3,0.0,5.5033587774363095
SSR3,0.0,5.499441905993753
IFI16,0.0,5.494816536947306
HOPX,0.0,5.490169338201755
TRADD,0.0,5.488331739697707
EPB41L4A-AS1,0.0,5.486463823480792
CNPY2,0.0,5.485202199912252
NDUFB1,0.0,5.484366299466647
KIF5B,0.0,5.479624300212769
FLT3LG,0.0,5.478737840715793
ZMAT2,0.0,5.471406926548392
RPS4Y1,0.0,5.471002508125483
LRPAP1,0.0,5.468512843309156
NUCKS1,0.0,5.466305658324751
MIEN1,0.0,5.465992552003137
NAAA,0.0,5.4653222743760805
TXNDC12,0.0,5.457089692525878
SELPLG,0.0,5.454623729318105
PLEK,0.0,5.4539279116047625
CD14,0.0,5.447762023484696
DDX18,0.0,5.44601770244945
STAT3,0.0,5.4385309584865285
TXNL1,0.0,5.43726219879839
GGNBP2,0.0,5.434164359644817
TRAT1,0.0,5.430373850523591
MAGOH,0.0,5.429425329504843
KDELR2,0.0,5.429384718234322
PPP1R11,0.0,5.419221433664217
SNRPD3,0.0,5.418415941665798
ERP44,0.0,5.416170033466737
DCXR,0.0,5.411432046573742
PRKCQ-AS1,0.0,5.410109001907217
HSPD1,0.0,5.3967214329413
PSMB4,0.0,5.39445249025105
TSC22D4,0.0,5.390620573424807
MIR142,0.0,5.386932600102172
LGALS9,0.0,5.383756951271245
BAG1,0.0,5.380716844425016
LSMD1,0.0,5.3797903308890715
NUCB1,0.0,5.376588373417236
LBH,0.0,5.372194799007051
SFPQ,0.0,5.369569358570945
MRPL43,0.0,5.3691744488915605
POLR2F,0.0,5.368384800157021
CCDC107,0.0,5.36830830190738
SRRM1,0.0,5.36705639351683
AIP,0.0,5.366768477044886
ATP6V0D1,0.0,5.364249806543761
N4BP2L2,0.0,5.3590999565769755
C19orf66,0.0,5.358033223235312
PSMD13,0.0,5.356998810865966
PPIG,0.0,5.353559403925295
DDX17,0.0,5.351244374632687
SPG21,0.0,5.350282616665728
RNF167,0.0,5.3489802141184
MRPL55,0.0,5.348477755752828
TNFSF13B,0.0,5.344977815905142
ADRM1,0.0,5.342427552121238
IDH3B,0.0,5.340670181260698
TMCO1,0.0,5.340286061212845
RHOF,0.0,5.331594446626654
SURF1,0.0,5.328384841281665
EMC7,0.0,5.326261948479895
YME1L1,0.0,5.3245033376518505
H1FX,0.0,5.32190958498981
RNASEH2C,0.0,5.320129161170075
APLP2,0.0,5.31922149615374
PRKAR1A,0.0,5.319128980506073
AUP1,0.0,5.318037248337146
VDAC3,0.0,5.317028805056328
ZFAND5,0.0,5.313671815399524
CHMP4B,0.0,5.307495833258684
IL16,0.0,5.306948377295994
ZNHIT3,0.0,5.297401032725875
BLVRB,0.0,5.295534757328305
NAA10,0.0,5.293119337992147
SAT2,0.0,5.291238547072997
PET100,0.0,5.286617136903979
BLOC1S4,0.0,5.2846795504071435
C14orf2,0.0,5.28426040980229
STRAP,0.0,5.2794800060476135
SYTL1,0.0,5.278369454769445
FOXP1,0.0,5.276833963976443
LEF1,0.0,5.276215507307653
DAP3,0.0,5.276141360921367
PSMC3,0.0,5.275252284584128
ATP6V1E1,0.0,5.268428958189165
RBM25,0.0,5.265705075627619
CMTM6,0.0,5.249957694071671
RPL38,0.0,5.247400896345234
NDUFA5,0.0,5.245986821432988
IFI27L2,0.0,5.245038778947303
GTF2A2,0.0,5.243318298948897
DGCR6L,0.0,5.2421370257232995
PPP2R1A,0.0,5.242011837357698
SUCLG1,0.0,5.241721768943373
FIBP,0.0,5.241036814208637
MED28,0.0,5.239722294645447
TCP1,0.0,5.236987791097353
NDUFS2,0.0,5.230167729341443
FYN,0.0,5.2236736303291975
CHMP3,0.0,5.218962910397398
NDNL2,0.0,5.216484271151477
EPC1,0.0,5.215178316419552
YPEL3,0.0,5.2117723844205175
COMMD7,0.0,5.209737240092504
MRPS6,0.0,5.2089271528886485
NMI,0.0,5.20425728087429
RAB2A,0.0,5.193543537330076
RNF166,0.0,5.192620694956227
EAPP,0.0,5.190758222311089
GZMK,0.0,5.188301941406053
MFNG,0.0,5.186467621660241
BNIP3L,0.0,5.186453496854235
DENND2D,0.0,5.1817760928821945
SLC9A3R1,0.0,5.181459890709958
BZW1,0.0,5.177764171034793
NONO,0.0,5.176740661186904
CWC15,0.0,5.175790360172669
CORO1B,0.0,5.173313180260731
AKAP13,0.0,5.172742355538978
ABHD14B,0.0,5.164229663137143
CAPZA1,0.0,5.1642138352448175
SHKBP1,0.0,5.163475680791015
LTA4H,0.0,5.155366141692945
OAZ1,0.0,5.154071126959839
CCNG1,0.0,5.152888043016849
RNASEH2B,0.0,5.144839125594189
ATP1B3,0.0,5.143343790593798
IRF7,0.0,5.142981152175116
NDUFS3,0.0,5.141093334787964
GSDMD,0.0,5.136803718118722
TNFAIP3,0.0,5.129695998929224
PLEKHJ1,0.0,5.126862921256822
RNF126,0.0,5.126770466428093
ILF3-AS1,0.0,5.125274061503412
LSM14A,0.0,5.124769179273748
TMED4,0.0,5.121621502743158
SEC11C,0.0,5.120539112460827
PRPF38B,0.0,5.119178853688298
SH3KBP1,0.0,5.115546673627716
TRAPPC2L,0.0,5.114997751137419
ELOVL5,0.0,5.114835270393019
NDUFA6,0.0,5.114598694266925
WBSCR22,0.0,5.11439988725181
PHPT1,0.0,5.113207066470185
LSM6,0.0,5.112704035742622
OAZ2,0.0,5.111539411238546
PSMC4,0.0,5.109719749241368
SMIM7,0.0,5.103025888842769
FGFR1OP2,0.0,5.102206430651853
HSBP1,0.0,5.101403409543949
PBXIP1,0.0,5.0956499965554345
PUF60,0.0,5.0944507582463405
APBB1IP,0.0,5.092336630569837
CCDC115,0.0,5.087404548895918
EIF2A,0.0,5.085262710255081
ZFAND6,0.0,5.0851546379387855
TEX264,0.0,5.084536501583172
MRPS15,0.0,5.081897640581927
JUND,0.0,5.081820191934192
SNRPF,0.0,5.078707706530706
TRAPPC3,0.0,5.075319122877452
COPS5,0.0,5.074633858141798
POLR2E,0.0,5.074570470114449
SMS,0.0,5.0707994662361555
CAST,0.0,5.066571652569612
TPR,0.0,5.061887689669716
DRAM2,0.0,5.053950355266732
BLOC1S2,0.0,5.052573547467778
BTF3,0.0,5.051861371818184
TMEM256,0.0,5.0516624823344936
CYTH1,0.0,5.050144435000508
ITGB1BP1,0.0,5.046249366271241
TAF9,0.0,5.0452876656104815
SRP72,0.0,5.045036624630922
ARHGAP30,0.0,5.042084385249992
TBCC,0.0,5.0416805082287
CCT6A,0.0,5.04091760983724
C4orf48,0.0,5.038800611629825
THOC7,0.0,5.0367985775859925
DDX46,0.0,5.035286358388514
SLC3A2,0.0,5.035136866865792
OTUB1,0.0,5.031258159194184
POU2F2,0.0,5.027991044069504
IMPDH2,0.0,5.0246287874364945
SMAP2,0.0,5.022339885764201
IAH1,0.0,5.019127712384189
TGOLN2,0.0,5.013671719571864
SNRPA1,0.0,5.008082790241364
BCAS2,0.0,5.005799835016064
CDK2AP2,0.0,5.004459540404984
TXN2,0.0,5.003102189752881
FNTA,0.0,5.000174884872263
LYN,0.0,4.9981006626549105
G3BP2,0.0,4.997676625837395
PQBP1,0.0,4.992794538508042
MRPL21,0.0,4.985793511372586
SNRPE,0.0,4.982026779714585
PPM1G,0.0,4.9810831997538
FGFBP2,0.0,4.97783148941804
TMEM179B,0.0,4.977556102944986
HDAC1,0.0,4.97442625875141
FOS,0.0,4.974037718469157
C7orf50,0.0,4.973347411229358
MRPS7,0.0,4.9716986293637975
ADI1,0.0,4.971384173865335
LIMS1,0.0,4.9690727472936524
CDA,0.0,4.966410541958719
SCAF11,0.0,4.958243813816705
RBM17,0.0,4.952694065426231
MRPL11,0.0,4.9504977694221335
COX4I1,0.0,4.949429179628852
ADH5,0.0,4.949128665154097
NDUFA7-1,0.0,4.947899843457318
IFNGR2,0.0,4.946299695615884
RTF1,0.0,4.942423401080326
DNAJC7,0.0,4.939746433463695
PTPN2,0.0,4.938705369364775
MAPRE1,0.0,4.9372564348246195
BRD2,0.0,4.935913526149599
LSM1,0.0,4.922687101916485
PDLIM2,0.0,4.920191873165867
CD8B,0.0,4.917878890788392
SPINT2,0.0,4.908451186968913
ARL4A,0.0,4.908419707952446
ARID4B,0.0,4.907543727472959
HCK,0.0,4.905719858224977
PMPCB,0.0,4.9020316398124955
AP3S1,0.0,4.901064133646005
MPC2,0.0,4.898417315923854
CMTM3,0.0,4.893114877108944
PIM2,0.0,4.881054457089786
DEF6,0.0,4.875929732554244
CSNK1A1,0.0,4.870011901227444
MAX,0.0,4.869673388143691
MYC,0.0,4.866774965642952
NINJ1,0.0,4.862073897846453
PPP1R12A,0.0,4.8602871391304285
GOLGA7,0.0,4.854956394586247
RBM23,0.0,4.8518049213124845
ZNF428,0.0,4.851378139296643
PSMF1,0.0,4.845430613853169
VIMP,0.0,4.8421871442551785
AKR1B1,0.0,4.8409358131167926
IKZF1,0.0,4.839615678253428
MRPL14,0.0,4.837319306042421
EIF4E2,0.0,4.8372817465402385
RPL36A,0.0,4.837002475725057
FDX1,0.0,4.833796577535742
WHSC1L1,0.0,4.833394562253911
C17orf62,0.0,4.831269734082933
POMP,0.0,4.827061658845312
LYPLA1,0.0,4.821082469975826
CCDC59,0.0,4.8190799423236985
NUP214,0.0,4.815516304714466
AGTRAP,0.0,4.8134656230720045
WBP2,0.0,4.809449236629059
MRPL41,0.0,4.806422564174511
LAP3,0.0,4.806269046025808
H2AFJ,0.0,4.8023748370459245
PARVG,0.0,4.801400413200038
MPC1,0.0,4.792789227000141
CTSA,0.0,4.791589215625353
TAF1D,0.0,4.790560260378885
COMT,0.0,4.790489569906798
C12orf75,0.0,4.788898560763387
CCT2,0.0,4.78279598009179
PSMA3,0.0,4.778733755834861
MAT2B,0.0,4.777781511857962
SNX6,0.0,4.771792951072674
TPST2,0.0,4.762674670943091
NME3,0.0,4.762208214366866
PHF5A,0.0,4.756644980164835
NAA38,0.0,4.755394876160223
MGMT,0.0,4.75522596590212
TMEM165,0.0,4.751375986556889
CCL4,0.0,4.749885479019085
DNAJC19,0.0,4.74798829442519
FAM107B,0.0,4.7407648564603795
UBE2B,0.0,4.740218984377037
TMEM14C,0.0,4.739769506263317
SIT1,0.0,4.7382188024826615
DPY30,0.0,4.732797135399761
ATF6B,0.0,4.731466801964487
CANX,0.0,4.731149592007446
NENF,0.0,4.714873371468173
FUNDC2,0.0,4.712827773798816
IFRD1,0.0,4.702443427648833
PCSK7,0.0,4.699490710038982
UFD1L,0.0,4.695386863176949
TAX1BP1,0.0,4.6931759351698465
PPP2CA,0.0,4.691757344295908
MT-ND4L,0.0,4.682821067334435
ATM,0.0,4.677750667007596
RAB10,0.0,4.677705315457176
UPP1,0.0,4.671256819116673
GTF3C6,0.0,4.668722879886525
ZAP70,0.0,4.667679085119169
GZMH,0.0,4.662353643798244
AAK1,0.0,4.660530498631645
SLTM,0.0,4.656331116231986
SYPL1,0.0,4.65619764357134
ZYX,0.0,4.6529584759380604
OPTN,0.0,4.643359140079122
TXNL4A,0.0,4.6414303750706285
SKAP1,0.0,4.639080089668625
NDUFA10,0.0,4.637919645379012
SNHG15,0.0,4.6366409652440215
PDHB,0.0,4.635335301157099
DDX21,0.0,4.62916383981503
SFT2D1,0.0,4.623559827766852
ARHGDIB,0.0,4.62353432145537
SF3B1,0.0,4.619876244618627
CHCHD5,0.0,4.617293462921824
DNAJB9,0.0,4.617190037264942
CFL1,0.0,4.613631634565838
TCL1A,0.0,4.610330334049826
NOP56,0.0,4.608146547971252
METTL23,0.0,4.606911020083229
EIF5B,0.0,4.59853463763907
GPBP1,0.0,4.597030166230019
AKR1A1,0.0,4.593891853485017
NCOA4,0.0,4.589370726938977
POLR2I,0.0,4.5882059091758665
PRKCB,0.0,4.587295969291965
SRP19,0.0,4.587190622986927
DNAJC15,0.0,4.5859088805080885
STX10,0.0,4.5857663871672925
NDUFA8,0.0,4.585325410911709
APOBEC3A,0.0,4.583721187107656
RNF5,0.0,4.580938038381653
SPN,0.0,4.578291511710365
C17orf89,0.0,4.5779950298705305
SDF2L1,0.0,4.574130539059936
SLC7A7,0.0,4.5687773999156
RPS26,0.0,4.567015811747454
EIF1AY,0.0,4.5662112733794995
AKNA,0.0,4.56512150194169
ROCK1,0.0,4.564200839214366
PMVK,0.0,4.563387219389204
BBX,0.0,4.559306782246082
PTGER2,0.0,4.555332163086561
RPAIN,0.0,4.55358360384752
TNIP1,0.0,4.552479311795215
DHPS,0.0,4.551277575765668
ITGB7,0.0,4.545600493064178
RNF149,0.0,4.540269601578428
FBXO7,0.0,4.538978950193006
RAB11B,0.0,4.534409258293658
TAF12,0.0,4.532485935103717
SH3GLB1,0.0,4.531627004490915
HDDC2,0.0,4.52908883358845
MPG,0.0,4.528164791287598
RNF187,0.0,4.5278426228825435
SUSD3,0.0,4.516605948561061
MTCH1,0.0,4.5147468682722005
ANAPC5,0.0,4.514065870574249
SNRPG,0.0,4.50775700040783
PLSCR1,0.0,4.497454829199727
CAT,0.0,4.495644764372725
SQRDL,0.0,4.4903287111324435
SNAP23,0.0,4.490233122092768
PTPN18,0.0,4.483921816379032
EVI2A,0.0,4.48201082228618
GNAI3,0.0,4.480488553860293
SCPEP1,0.0,4.4791438755475355
SARS,0.0,4.4791357937449625
ARHGAP9,0.0,4.477894404393965
HLA-DQA2,0.0,4.476940343707064
FAM32A,0.0,4.475967946310366
HADHB,0.0,4.47593086193039
RBBP7,0.0,4.472631908559979
NDUFB3,0.0,4.472591621643788
MRPL52,0.0,4.471199335466311
MRPL9,0.0,4.470982849797355
PNKD,0.0,4.470956141558475
PSMC2,0.0,4.469603208792765
ELOF1,0.0,4.469471288391282
TNFRSF1B,0.0,4.466892123976769
ARF4,0.0,4.466705515565292
SNRNP70,0.0,4.465768046528072
MAP2K3,0.0,4.465297878472991
PNN,0.0,4.465230637048548
SNW1,0.0,4.464157091156956
EGLN2,0.0,4.462432060550304
MAL,0.0,4.456936634994841
PRKCSH,0.0,4.4543012910785125
MRPS12,0.0,4.4535569722244475
PSENEN,0.0,4.4531608965587335
HM13,0.0,4.453104332054834
YWHAE,0.0,4.444063614090261
PSMD6,0.0,4.442336039099981
RHEB,0.0,4.439896977193362
RSRC2,0.0,4.432676354721953
C11orf48,0.0,4.430655791883388
COX16,0.0,4.429795737202506
PMAIP1,0.0,4.428634654137521
PSMA4,0.0,4.428327501733619
CCM2,0.0,4.427464889672143
FDPS,0.0,4.4238520155348295
BEST1,0.0,4.422841960524227
BIRC3,0.0,4.422287961023927
LSM3,0.0,4.421138371660582
ETHE1,0.0,4.418941891305484
ZNF331,0.0,4.417823029784028
SVIP,0.0,4.416842126519299
FKBP11,0.0,4.412886735291019
STAT1,0.0,4.41051997908149
ECHS1,0.0,4.410397405867313
HPCAL1,0.0,4.409944598313157
MLF2,0.0,4.409068221272483
SET,0.0,4.408850449846928
EMC6,0.0,4.401478910953
ARL2BP,0.0,4.40070897052183
NFKBIZ,0.0,4.393590685397778
XRN2,0.0,4.391673362863751
FKBP2,0.0,4.390588887700156
GLO1,0.0,4.3878898896827
CHD2,0.0,4.384766125175107
IER3IP1-1,0.0,4.380692079107719
TMC8,0.0,4.379150915732722
CD8A,0.0,4.37896788675627
NAA20,0.0,4.378349817162656
TCEB1,0.0,4.376688405832482
TMC6,0.0,4.375554155809828
WARS,0.0,4.3748590318881195
PITHD1,0.0,4.353346397239989
ACAA1,0.0,4.3465305947418855
TINF2,0.0,4.3425290120162074
STX11,0.0,4.3303232718849785
NAP1L4,0.0,4.32805511751804
FBXW5,0.0,4.3251497600114615
THYN1,0.0,4.3226004764257
NXT1,0.0,4.32220632098518
TTC39C,0.0,4.320619912554099
SCAMP2,0.0,4.320371300937019
PMF1,0.0,4.318788208605635
SCO2,0.0,4.313223285533088
SYNGR2,0.0,4.311602874579335
GCA,0.0,4.311379244445642
OLA1,0.0,4.310454732276974
STT3B,0.0,4.31043306254482
FAM162A,0.0,4.309644070046281
TUBB4B,0.0,4.308707720640643
SRSF4,0.0,4.304928059795073
MRPS26,0.0,4.303292248938576
BCL7B,0.0,4.3028103048938675
RNF114,0.0,4.30275574277831
APMAP,0.0,4.301173685059786
HVCN1,0.0,4.301078975470698
NDUFV1,0.0,4.300328067867834
KTN1,0.0,4.2966073101993585
NDUFA9,0.0,4.296531493012701
GLOD4,0.0,4.295961836184087
NKTR,0.0,4.2943224966825415
SRSF1,0.0,4.293517988429844
UBAC2,0.0,4.293066256684399
UBE2F,0.0,4.288018843876744
NDUFS4,0.0,4.287266061576443
CDC123,0.0,4.2807724807104295
MMADHC,0.0,4.278710646776967
SSR1,0.0,4.278314695621976
RCN2,0.0,4.277938479342553
VCP,0.0,4.2773277172284025
OS9,0.0,4.276431009438373
PRDX3,0.0,4.275024367376016
CGGBP1,0.0,4.274615093323579
HNRNPUL1,0.0,4.271435777400859
VMP1,0.0,4.271095004634371
ELF1,0.0,4.268985664827084
PHF11,0.0,4.268740343253109
LCP2,0.0,4.264034345182908
HINT2,0.0,4.263242624319672
DEGS1,0.0,4.260631726471686
HSPA9,0.0,4.26044699128136
RP11-796E2.4,0.0,4.250300464540645
RHOB,0.0,4.2498227493263245
PTRHD1,0.0,4.249076843402109
XXbac-BPG299F13.17,0.0,4.246439343493187
CISD3,0.0,4.2463711187284865
RPS29,0.0,4.243650607960021
AKR7A2,0.0,4.241901285737733
SRM,0.0,4.238938485729589
NDUFB6,0.0,4.2314282065999445
TPM4,0.0,4.227584303905998
STX8,0.0,4.22595320367427
MS4A7,0.0,4.225562024182885
C5orf56,0.0,4.22525090225977
ITM2A,0.0,4.221678718731448
RNF139,0.0,4.221397139926675
TRABD,0.0,4.2209755557980895
MFF,0.0,4.218635784988969
SNRPB2,0.0,4.218362524123533
CYTH4,0.0,4.212246682160458
JAGN1,0.0,4.208894372476034
MNDA,0.0,4.2088602674871565
PABPC4,0.0,4.203708064334187
RP11-347P5.1,0.0,4.203114705997749
CCNH,0.0,4.202104016180459
LYRM4,0.0,4.200538208626431
VPS51,0.0,4.193726313186994
SDF2,0.0,4.193254519590847
MANF,0.0,4.1919253694355545
ABI1,0.0,4.186337085593274
ETFA,0.0,4.183059709148038
DDX39A,0.0,4.1806026797224245
LRCH4,0.0,4.17865853269467
KLRG1,0.0,4.177743689993169
LDLRAP1,0.0,4.17748126198253
NDUFC1,0.0,4.177143058715236
FAM204A,0.0,4.175082032870255
ROMO1,0.0,4.174987605589389
MTPN,0.0,4.174109704330976
F8A1,0.0,4.1722321919340155
RBMS1,0.0,4.170535108678695
DDX6,0.0,4.16858823538362
SMARCE1,0.0,4.168573131359937
RBL2,0.0,4.166390887637339
ATG12,0.0,4.165934791892762
PIH1D1,0.0,4.157852510459144
MED30,0.0,4.157256720052791
PARL,0.0,4.156842609975101
SUCLG2,0.0,4.155467636799881
NT5C,0.0,4.154795070512333
NAPA,0.0,4.150279529369587
TMEM173,0.0,4.14856111257542
PRPF40A,0.0,4.146490113416655
PRKCH,0.0,4.143723209374347
GLUD1,0.0,4.143054251603775
ADIPOR1,0.0,4.1420369346997825
CHCHD7,0.0,4.140244869882422
GRHPR,0.0,4.137315403086518
STOML2,0.0,4.1372797080362025
PFDN1,0.0,4.136277755680957
CNIH1,0.0,4.134071543241339
AKIRIN2,0.0,4.130530944077291
MEA1,0.0,4.129967582078209
C11orf73,0.0,4.128172264791102
DOCK8,0.0,4.126151037557442
RNPEPL1,0.0,4.125636690696104
FGL2,0.0,4.124722081687042
PFDN5,0.0,4.123438381975018
VKORC1,0.0,4.120700765561228
MGAT4A,0.0,4.119240892207417
IRF9,0.0,4.11840721294548
SDHAF2,0.0,4.117197545645394
SLC25A11,0.0,4.115414823346517
ANKRD44,0.0,4.11218738696399
C20orf27,0.0,4.111028244021276
TMEM261,0.0,4.110301722623145
DARS,0.0,4.108158454420573
RSF1,0.0,4.105006115373093
STK10,0.0,4.104512492004113
MID1IP1,0.0,4.10408267949733
ZNRD1,0.0,4.100725025941191
NR1H2,0.0,4.100141268177039
SMARCB1,0.0,4.100031023195385
N4BP2L1,0.0,4.095800940827565
CD300A,0.0,4.095387169759152
PPM1K,0.0,4.094816455772344
HNRNPA1,0.0,4.094302348480102
ASNA1,0.0,4.093853520911937
MYD88,0.0,4.09374950511759
MVP,0.0,4.0935372254126525
SDF4,0.0,4.09041881103466
TCEAL8,0.0,4.089889655749549
EXOSC1,0.0,4.089203166055616
GNG2,0.0,4.085237584907132
SLU7,0.0,4.080432532273
CALCOCO2,0.0,4.0798770884751185
CDC42EP3,0.0,4.076119117688319
YTHDF2,0.0,4.074800647609962
CCZ1,0.0,4.074411245501717
POLR2C,0.0,4.070183953839764
FDFT1,0.0,4.069251174512029
AOAH,0.0,4.069211565218745
GPR183,0.0,4.069075154664097
PTPMT1,0.0,4.068853227719323
COQ7,0.0,4.068337553220437
RBBP6,0.0,4.067674176172584
TMEM208,0.0,4.067346616922981
GLRX3,0.0,4.065046316196801
CAPNS1,0.0,4.063421785375624
EMC3,0.0,4.062714179592167
SAMD3,0.0,4.060986540946896
ODF2L,0.0,4.060787085184268
URM1,0.0,4.059854959409465
MGAT1,0.0,4.058842438786736
EMC10,0.0,4.05650454041633
SLC38A1,0.0,4.0523980685003815
TOB1,0.0,4.04821999787968
TLN1,0.0,4.0476594822750815
CARHSP1,0.0,4.044276212875004
DCTN2,0.0,4.042943672212692
TMEM109,0.0,4.037239643320819
LYST,0.0,4.035077635379353
HSPB1,0.0,4.0333596340492655
HTATIP2,0.0,4.0302794740149865
RTN3,0.0,4.029075462782656
SORL1,0.0,4.028737035816858
ZFAND1,0.0,4.023565047349489
SSBP4,0.0,4.022952514651416
AKIRIN1,0.0,4.022400587722235
CCDC69,0.0,4.020915527426538
TMEM134,0.0,4.020506499175283
HNRNPH1,0.0,4.018886897453148
COMMD3,0.0,4.017784271494717
STX7,0.0,4.015206374140083
CSF3R,0.0,4.014814001677196
LILRA5,0.0,4.014441064874288
ITPA,0.0,4.013906064417123
GRSF1,0.0,4.007734155430488
FRG1,0.0,4.0057483093394355
VTI1B,0.0,4.005614679409222
RAB18,0.0,4.004624324939489
ATXN10,0.0,4.003989496168951
GGA1,0.0,4.002593983743835
SIAH2,0.0,3.999713415285519
RPF1,0.0,3.993145639393387
GMPR2,0.0,3.9891447326665275
NAPRT1,0.0,3.989120845759907
NCBP2,0.0,3.9864744118964115
RNF113A,0.0,3.9859904955395598
RP11-290F20.3,0.0,3.984070227806951
NME4,0.0,3.983009259821993
HMGA1,0.0,3.98282640803135
TAOK3,0.0,3.981018883643995
BABAM1,0.0,3.98075267736359
PEX16,0.0,3.980164290347799
NELFE,0.0,3.9799278690316946
COA3,0.0,3.9798505408971705
CAPN1,0.0,3.9779092772849762
AL592183.1,0.0,3.9761245468108024
CHST12,0.0,3.974473534388111
YY1,0.0,3.973954670919848
CLPP,0.0,3.973505663177521
KLF4,0.0,3.9714921107946357
ODF3B,0.0,3.9704151561774594
NCBP2-AS2,0.0,3.9681227604958322
PPIE,0.0,3.9655981251108523
SPSB3,0.0,3.963357154419439
MRPL22,0.0,3.9628334428371983
MMP24-AS1,0.0,3.9627047867742764
NAGK,0.0,3.962645084429513
EIF4A3,0.0,3.9622458810712056
SCNM1,0.0,3.9606580524749893
NEMF,0.0,3.960648100428374
EIF4EBP1,0.0,3.9599432479670273
PKN1,0.0,3.9598994761750106
UBE2E3,0.0,3.9580640803163405
C18orf32,0.0,3.9578714196887135
GLUL,0.0,3.957753676392316
AMD1,0.0,3.9543958637234713
TRAPPC4,0.0,3.953110238856933
SMCHD1,0.0,3.9529013000216415
TTC3,0.0,3.9509736198903713
ARHGAP4,0.0,3.9506632129215773
MTHFS,0.0,3.9469517586680305
SDHA,0.0,3.9438623417538476
TTC1,0.0,3.943792586187996
SASH3,0.0,3.942993275210355
CPVL,0.0,3.9387844572138397
GPI,0.0,3.93877627737396
RAB11A,0.0,3.9372479865744037
QARS,0.0,3.9307926318182558
CDKN1B,0.0,3.930791622566683
METAP2,0.0,3.929608341254566
RORA,0.0,3.925218837914512
TREX1,0.0,3.92457392556672
CCDC23,0.0,3.924290070719353
ANAPC15,0.0,3.918050020403103
PLAUR,0.0,3.9118446964322926
ARPC1A,0.0,3.910674081281267
ATOX1,0.0,3.910058412410009
AKAP9,0.0,3.9086284477259916
SH3BP5,0.0,3.9066334626568002
MRPL40,0.0,3.904219102404734
DEDD2,0.0,3.8951860922309134
DNAJC4,0.0,3.8932259251050505
COMMD8,0.0,3.8926161821868672
COMMD9,0.0,3.891233044057708
MT-CYB,0.0,3.8906574643660834
PARP1,0.0,3.88949711727316
OXNAD1,0.0,3.8890197199809604
CD96,0.0,3.8887634154559967
NUCB2,0.0,3.8827439092258245
TADA3,0.0,3.8796783271696014
RP1-241P17.4,0.0,3.8795310095959517
MPLKIP,0.0,3.8779503293686477
HP1BP3,0.0,3.877792619544518
POP5,0.0,3.877520444963071
TPGS1,0.0,3.876692176158729
STX5,0.0,3.875277532554548
UBE2A,0.0,3.8743077317279293
BTF3L4,0.0,3.8718363893554972
AHSA1,0.0,3.8694981087251943
CUEDC2,0.0,3.867998695722392
GRAP2,0.0,3.8672518428134137
METTL5,0.0,3.8666468672842496
KPNB1,0.0,3.86330509767573
COX7B,0.0,3.8616380295268047
PDCL3,0.0,3.8608025664260555
RP11-51J9.5,0.0,3.858338302166685
TMEM248,0.0,3.8575259755543563
BRMS1,0.0,3.8569988983856875
NUDT5,0.0,3.8549283852220664
ADK,0.0,3.8546681883322327
ABT1,0.0,3.8545729270352043
UBE2E1,0.0,3.8545237461767763
DDRGK1,0.0,3.854248659058987
SEC61G,0.0,3.853339234748905
PGD,0.0,3.8523474078518323
MRPS16,0.0,3.8487364226069327
LYL1,0.0,3.8456009950213192
RASAL3,0.0,3.8454344425111757
ALDH2,0.0,3.844715279379988
DHRS4L2,0.0,3.8422752019606774
IDI1,0.0,3.8415354070641308
RAB4A,0.0,3.840198276773019
RSU1,0.0,3.8393113891219404
SNAPIN,0.0,3.8386865336449643
THEMIS2,0.0,3.83490086287255
IRF8,0.0,3.8347561201286777
CNOT7,0.0,3.8318244180043006
CHPT1,0.0,3.8278173159746562
SNRNP40,0.0,3.825952921528919
PILRA,0.0,3.8240474437421197
TMEM126B,0.0,3.8233267483127844
BNIP2,0.0,3.823175249619625
DENR,0.0,3.8223876707359716
GCC2,0.0,3.8217802704913098
ARID5A,0.0,3.8204224809510126
KXD1,0.0,3.819664114822762
FBXL15,0.0,3.8149273365704692
PCGF5,0.0,3.8132441942900757
DR1,0.0,3.80757482351739
FLOT1,0.0,3.807260156155681
USP15,0.0,3.8056732503035673
IMP4,0.0,3.804331586284441
MLX,0.0,3.7992263911218522
SMIM12,0.0,3.798521082042263
MESDC2,0.0,3.7964730417272934
CTDSP1,0.0,3.7926430966044067
FLI1,0.0,3.792062628036108
ALKBH5,0.0,3.7916461520014697
PTBP1,0.0,3.7900002371391177
GLG1,0.0,3.7870753636237096
PSTPIP1,0.0,3.7829378545027237
COX11,0.0,3.7791829347820625
ASF1A,0.0,3.777694730974168
ZC3HAV1,0.0,3.776855727797624
SS18L2,0.0,3.776258404543825
FAM177A1,0.0,3.775481216293325
BEX4,0.0,3.772553300753388
MRPS18C,0.0,3.7677683975795917
ERICH1,0.0,3.766529462613021
COA1,0.0,3.7651201742889695
IFT20,0.0,3.7647650524618457
CD4,0.0,3.7608684016721483
GNB1,0.0,3.758567585426152
LSM5,0.0,3.7522093719188296
ARL2,0.0,3.7510650442109554
MRPL33,0.0,3.7507321988744184
PEPD,0.0,3.7497051286338725
GYG1,0.0,3.7479903501091445
MAPKAPK3,0.0,3.7466150343527915
ZDHHC12,0.0,3.744043098688698
UQCRB,0.0,3.74393471297793
CBR1,0.0,3.742272390818317
WDR33,0.0,3.7421561967561265
TANK,0.0,3.7381517185123223
MAPKAPK5-AS1,0.0,3.7378732403362847
TIMM17B,0.0,3.7367789491067285
MRPS23,0.0,3.734747676022372
ERCC1,0.0,3.7340142117511674
WDR61,0.0,3.7335460754948584
CYLD,0.0,3.7301820833885313
MAPK1IP1L,0.0,3.7287524548388977
CARD8,0.0,3.7286686114575587
TMEM205,0.0,3.728468463654251
THRAP3,0.0,3.725929543342446
SLIRP,0.0,3.72572224220074
RPN1,0.0,3.725573134989656
AAMP,0.0,3.7228138713736754
HAGH,0.0,3.722543448977922
MRPL16,0.0,3.721394956281317
CTSZ,0.0,3.720084741536996
ILK,0.0,3.7165376395270404
LAGE3,0.0,3.7163777126071933
NUDCD2,0.0,3.7163217248417095
PSMD5-AS1,0.0,3.7114459454244937
MIR24-2,0.0,3.709735298164662
CIR1,0.0,3.7081429251814395
RAD23B,0.0,3.7042245332667476
CYB561D2,0.0,3.702975447170669
MTIF3,0.0,3.7014871914941234
R3HDM4,0.0,3.7008859366775284
TBXAS1,0.0,3.6997665317969513
EHD1,0.0,3.696862957486849
SLC25A39,0.0,3.6967548491012634
UROS,0.0,3.6857640182891696
UBE2J1,0.0,3.685622502178754
IRF3,0.0,3.6847530350987325
RGL4,0.0,3.6813878803705378
RSBN1L,0.0,3.6800917642309483
MRPL3,0.0,3.678549846323233
SLBP,0.0,3.674271521315068
C12orf10,0.0,3.670333618989129
MRPL32,0.0,3.6698902692175235
EBP,0.0,3.666603662641543
DNAJA2,0.0,3.6658780165176093
CLK1,0.0,3.663865524988101
ARHGAP25,0.0,3.6615513389230228
MKKS,0.0,3.6609891158993277
RFXANK,0.0,3.6598615203477447
SUGT1,0.0,3.659706874018502
ADA,0.0,3.6585620986815623
RGS1,0.0,3.6568468848395628
NANS,0.0,3.656672951852709
CD6,0.0,3.652826951061937
ARID5B,0.0,3.6524391197915964
REL,0.0,3.650985967443836
FPR1,0.0,3.6500890946452524
EIF1AX,0.0,3.641694017279126
MX2,0.0,3.637939378991948
ITGAE,0.0,3.637416836260448
MIF4GD,0.0,3.6334569019614014
REXO2,0.0,3.6320651590078894
ARID4A,0.0,3.6303647639192937
RBBP4,0.0,3.6301076002143886
UBE2J2,0.0,3.6295889090527793
PPP6C,0.0,3.6267075963031994
TIMM8B,0.0,3.6230811664438374
IGSF6,0.0,3.6215804087787755
TXNDC17,0.0,3.617832594863179
STRA13,0.0,3.6177878820568496
RPL7L1,0.0,3.613098390031745
SERINC1,0.0,3.610737556778896
RCAN3,0.0,3.6091675916840993
VBP1,0.0,3.6081691306606456
UBALD2,0.0,3.608026688213737
PAK2,0.0,3.6064574415971737
PTP4A1,0.0,3.60546155504055
PHF14,0.0,3.6024449832051166
TSPAN14,0.0,3.598912266520307
IFI44,0.0,3.598104135975651
CCDC124,0.0,3.592709328409498
C9orf89,0.0,3.591985760582427
CRLF3,0.0,3.5898701987181054
IFIT3,0.0,3.5894369998119413
GIT2,0.0,3.587652187326575
BEX2,0.0,3.5838165413524083
RPIA,0.0,3.583783760749279
AATF,0.0,3.5831618614291836
PLIN2,0.0,3.581239583923331
STMN3,0.0,3.5775279904684356
USE1,0.0,3.5760125991977962
CTDSP2,0.0,3.5755046554016956
TMEM141,0.0,3.5753823995098397
RNASE6,0.0,3.5739020405000765
IQGAP1,0.0,3.5737210544129887
NR3C1,0.0,3.5732037466525157
EIF2AK2,0.0,3.572988155023286
NCR3,0.0,3.571324719568391
MPEG1,0.0,3.5696939099186373
NUDT16L1,0.0,3.5685900869892646
HNRNPD,0.0,3.563553938258712
MSRB1,0.0,3.5610794623453454
CYBB,0.0,3.5586683070217706
FAM173A,0.0,3.5569398386570636
TLE4,0.0,3.552497977544572
CHMP2B,0.0,3.55204022280982
ECHDC1,0.0,3.5515272609845083
C14orf119,0.0,3.551188822217261
MAGED2,0.0,3.5490810600106903
SNX5,0.0,3.5488266961595447
USP16,0.0,3.545389906635451
CD40LG,0.0,3.5446633207211495
FKBP3,0.0,3.5444560096483495
GBP1,0.0,3.5411405491398718
ZNF24,0.0,3.539515210288908
MRPS35,0.0,3.5351770106324025
PRPF31,0.0,3.5338646308288664
RTCB,0.0,3.532787627427856
RPA3,0.0,3.5327289502520665
PIGC,0.0,3.5323795764336245
YBX3,0.0,3.5322423995608063
EBPL,0.0,3.5318850847158405
APOA1BP,0.0,3.5305019608387007
EIF3J,0.0,3.5280603332445972
BANK1,0.0,3.526184109557512
GRAMD1A,0.0,3.5235199344941317
IL27RA,0.0,3.522560924653345
POLR3K,0.0,3.522209696469378
ETS1,0.0,3.5208704001326767
DERL1,0.0,3.5195084643528403
C21orf33,0.0,3.5186868179691952
RGS14,0.0,3.5171316579437124
DNTTIP2,0.0,3.514656716924674
NR4A1,0.0,3.513000428475881
RP11-349A22.5,0.0,3.5124489283891456
SNRPA,0.0,3.511501247399457
CFDP1,0.0,3.509062689325559
MIDN,0.0,3.5089029744580422
IRF2BP2,0.0,3.506524348875285
CCDC91,0.0,3.505737524354212
SH3BP1,0.0,3.5049983470527724
COA4,0.0,3.5043747477858718
MTMR14,0.0,3.501144556032613
ZCRB1,0.0,3.500869677824342
ODC1,0.0,3.4995628783971893
MRPS5,0.0,3.499055025128493
MRPS30,0.0,3.4964974643539
UBE2D1,0.0,3.4950883540412274
CCDC53,0.0,3.4948702525301956
ALDH9A1,0.0,3.4932845859141275
TC2N,0.0,3.4932062400899384
PFN1,0.0,3.4908034387728506
ORMDL3,0.0,3.4901422566462035
SMCO4,0.0,3.4851295449899617
SELM,0.0,3.48379662858435
ITGA4,0.0,3.483709050101891
GCHFR,0.0,3.4824120509928886
SMIM14,0.0,3.4814061079195384
NASP,0.0,3.4787172592544486
EMB,0.0,3.4778672944972238
YIPF4,0.0,3.4767763430821286
RAB1A,0.0,3.476113905375297
NSFL1C,0.0,3.476026703343147
COMMD1,0.0,3.4759666722044913
KDELR1,0.0,3.4743103329873763
IL10RB,0.0,3.4717450476636724
RAD21,0.0,3.469850547400716
CDK5RAP3,0.0,3.4680516910456904
NUDT21,0.0,3.4640447867299438
FRG1B,0.0,3.461255685200536
ADSL,0.0,3.46064536897931
TIAL1,0.0,3.460625526716141
ADPGK,0.0,3.4589214805116892
UBE2V2,0.0,3.4587897354430894
FAM50A,0.0,3.457251074533099
TSSC4,0.0,3.4561723895812633
NOB1,0.0,3.456108600600932
MRPS11,0.0,3.455097143722555
FXR1,0.0,3.4544371884492295
KLF3,0.0,3.4534109132403468
CECR1,0.0,3.450939406032482
SPCS3,0.0,3.4502132737774054
PFKL,0.0,3.4487444405708754
PRNP,0.0,3.448392976991815
CD2BP2,0.0,3.447061251031149
TSG101,0.0,3.4427277558558975
SMIM20,0.0,3.441066269599573
NCKAP1L,0.0,3.4409240947330906
RNF13,0.0,3.440612580078794
SRA1,0.0,3.440391176727708
GID8,0.0,3.4394134266759693
TGFBI,0.0,3.4392733837364413
SH2D1A,0.0,3.43734794002406
HEXB,0.0,3.4363475884687595
ACADVL,0.0,3.4347907810676626
PDCD6IP,0.0,3.4327929063681224
SRPK2,0.0,3.431717913010481
MRPL28,0.0,3.431493181828788
ARFGAP2,0.0,3.4302311335986584
BCLAF1,0.0,3.429686507333403
C19orf38,0.0,3.428311234785806
RRP7A,0.0,3.4243489762016845
RBM4,0.0,3.4243342092978035
TSR2,0.0,3.421244914150336
PRPF38A,0.0,3.420178339817592
IRF2,0.0,3.4201516741833586
PRPF6,0.0,3.4176946017851018
OGFR,0.0,3.415906738043409
SAP30BP,0.0,3.414844682439351
FAM96A,0.0,3.4108268281493026
ITGAL,0.0,3.410080528261475
SLMO2,0.0,3.4053374947447663
ZNF581,0.0,3.4044327807099504
RIC3,0.0,3.403879616271847
GLRX5,0.0,3.403117835366514
LRRC25,0.0,3.402883169748854
WDR74,0.0,3.401206578980285
ATRX,0.0,3.39727232775745
NFATC3,0.0,3.39715461230796
ZFAND2B,0.0,3.3964706610203588
USF2,0.0,3.396355191568124
SEPT2,0.0,3.391837142861304
PSMB5,0.0,3.3908932875394275
DNPH1,0.0,3.389877922522237
EIF3A,0.0,3.3893819486037113
CSRNP1,0.0,3.386659946858685
PSMD14,0.0,3.384119926914104
APOL3,0.0,3.383653065896222
CPPED1,0.0,3.3834061426173294
PTGER4,0.0,3.381712723168361
AIMP1,0.0,3.381556767357147
SH3YL1,0.0,3.376891198055546
ACTR10,0.0,3.37557220475397
NOP58,0.0,3.3754474236946788
CYB5R4,0.0,3.373374902069848
ITGB2-AS1,0.0,3.373157893649663
SUMF2,0.0,3.3687808635259597
PHF20,0.0,3.367331874987745
LRP10,0.0,3.3671157033007355
DPM1,0.0,3.3662204494938197
LINC00926,0.0,3.3659217199448745
PEF1,0.0,3.3645726388558064
SMIM11,0.0,3.363245782453352
MBP,0.0,3.3628967706156363
ARRDC1,0.0,3.362673615526897
MRPL27,0.0,3.3606163822961657
RAB14,0.0,3.36003706432433
FAM200B,0.0,3.3587249084645525
NOTCH2NL,0.0,3.3586409769168903
PDCD10,0.0,3.3585783024760434
CYFIP2,0.0,3.3578756539296424
CTNNBL1,0.0,3.3576388849663914
STX4,0.0,3.3521331898659272
ANXA4,0.0,3.3505913412745727
MAP2K1,0.0,3.349336791472784
UBA2,0.0,3.3479831583291024
MAD1L1,0.0,3.3476111154148653
C5AR1,0.0,3.3475256956057775
CDV3,0.0,3.346991916388177
COPS3,0.0,3.346817194924089
EMG1,0.0,3.344088357629936
GIMAP6,0.0,3.3421748223019883
TMX1,0.0,3.3406864536561724
TMX2,0.0,3.3404123410720823
MGEA5,0.0,3.3402453405126185
CD46,0.0,3.3386976574674643
PIN4,0.0,3.3379938074023485
HPRT1,0.0,3.331186807559313
DGKZ,0.0,3.3307927834475795
CCDC90B,0.0,3.327773539124086
ARL14EP,0.0,3.322350658506633
MARCH7,0.0,3.3186319079663624
ITSN2,0.0,3.3183875998590606
MORF4L2,0.0,3.317926069608266
NMRK1,0.0,3.317785186174607
ANAPC13,0.0,3.311370867380579
MRPS33,0.0,3.3097014019207047
C7orf55-LUC7L2,0.0,3.309286437023482
C14orf1,0.0,3.307430338415958
CHTOP,0.0,3.3073629018622146
LENG1,0.0,3.3067633415913664
RPLP0,0.0,3.3044733651468876
ABTB1,0.0,3.301086539299053
SEC13,0.0,3.2998233620997195
WIPI2,0.0,3.2983437686105455
HNRNPH2,0.0,3.2978450102722916
FOXN3,0.0,3.2968179361076575
SPON2,0.0,3.2965039120462434
NUBP2,0.0,3.295031797823505
VCAN,0.0,3.29394076459933
SURF4,0.0,3.2900283671100663
LINC00152,0.0,3.2893851238368343
RPS6KB2,0.0,3.289105365904353
PPP3CC,0.0,3.2886206735976304
OFD1,0.0,3.288566254171926
CYB5A,0.0,3.288311074764043
PSMD11,0.0,3.2876615778011664
SIPA1,0.0,3.2859500231487946
ELAVL1,0.0,3.2852866734797255
MAFB,0.0,3.283284506950047
ESYT1,0.0,3.279764779382632
LIPA,0.0,3.2760744471667413
TAF15,0.0,3.2755935258031013
POP4,0.0,3.2733156030676414
CCS,0.0,3.2708012173648218
ZNF511,0.0,3.2672830858397064
G3BP1,0.0,3.2662335786943597
SMIM19,0.0,3.265368715274896
DERL2,0.0,3.2651116360800727
GRINA,0.0,3.2641525423396294
HLA-B,0.0,3.2600405288563423
CNDP2,0.0,3.2595052109278666
APOPT1,0.0,3.2593562853133236
GTF2B,0.0,3.2569551249115083
LBR,0.0,3.2563244303590007
PTPN7,0.0,3.255426671784692
TIMM9,0.0,3.2554011740671642
TMED3,0.0,3.2535912117251216
RRAGA,0.0,3.251341311317918
ATP2B1,0.0,3.2489918619931704
DUSP23,0.0,3.2486464851476087
TSR3,0.0,3.247108217022579
DNAJB11,0.0,3.246039598191935
TSTA3,0.0,3.2459267490043677
RPS11,0.0,3.2458586292087626
SAMD9L,0.0,3.2451731634165335
SLA,0.0,3.2445896603796003
PQLC3,0.0,3.244404010558554
UPF3A,0.0,3.2434123281318974
CASP8,0.0,3.24340907512172
STAT6,0.0,3.2420394548507265
NUDT1,0.0,3.2414570294117886
CYB561A3,0.0,3.2402122302934027
ADSS,0.0,3.239970672197023
HEXA,0.0,3.2386998095912434
LAT2,0.0,3.2379420882508545
CAMK4,0.0,3.235923600723396
TSNAX,0.0,3.2351013682401817
PSMD2,0.0,3.2313690943402116
RPSA,0.0,3.231154110096389
C17orf49,0.0,3.2311108788442295
TNFAIP8L2,0.0,3.2297795802404337
ING4,0.0,3.229646381317463
CYB5B,0.0,3.2264534029846312
TRABD2A,0.0,3.2261511203753837
YIPF3,0.0,3.224139587102961
CMC1,0.0,3.2234953157089716
C21orf59,0.0,3.221759528683454
LILRB2,0.0,3.2205898962277613
MAPK1,0.0,3.21974876310752
UNC119,0.0,3.2181843756941277
AK2,0.0,3.2168040920166745
TCIRG1,0.0,3.2156967729018073
C1orf123,0.0,3.2132133776413254
ADRBK1,0.0,3.2122593129359878
EAF2,0.0,3.2091573600769587
TMBIM1,0.0,3.2089835319799267
ISCA2,0.0,3.2082309308368973
SPOP,0.0,3.204351540216008
PCID2,0.0,3.2020661894623874
NT5C3A,0.0,3.20115585071205
LY9,0.0,3.200214922244166
RAB6A,0.0,3.199258706943111
NUB1,0.0,3.197875123157651
MT-ND1,0.0,3.196067657209188
MOB3A,0.0,3.1918227492749462
UBE2G1,0.0,3.1915547855786346
CLEC2B,0.0,3.1883496284459953
PRKAG1,0.0,3.187232767971407
ESD,0.0,3.184356870766329
SREK1IP1,0.0,3.1840344141089343
ADD1,0.0,3.18397986197267
FLOT2,0.0,3.1834784463921957
ACAP2,0.0,3.180780321211924
CELF1,0.0,3.180156064638445
EXOSC8,0.0,3.1775754117156967
SNX10,0.0,3.1765662827663035
EML4,0.0,3.176433160728709
KCNAB2,0.0,3.1755149157006786
ARPP19,0.0,3.174349789042727
YIF1A,0.0,3.1742770602043606
DNAJC1,0.0,3.17154489299519
NOC2L,0.0,3.1710831615885016
MTERFD2,0.0,3.1707385909876193
RIN3,0.0,3.1628720127621412
CCDC167,0.0,3.161361185319177
ORMDL2,0.0,3.1607021961362696
LASP1,0.0,3.159368564855633
DDX3X,0.0,3.158457214169834
HMGN2,0.0,3.157716592768809
PFDN6,0.0,3.1557313768982107
MAZ,0.0,3.155627820358581
LINC-PINT,0.0,3.153560389853731
ILF3,0.0,3.152968264038939
HNRNPL,0.0,3.1481041442591877
RABGAP1L,0.0,3.1462034422968816
EMD,0.0,3.1447456614453984
MFSD10,0.0,3.1439398433742474
MCTS1,0.0,3.1431519551625873
MBD4,0.0,3.133144836518128
RAB24,0.0,3.132630139905111
PYCR2,0.0,3.132519259628876
CCNC,0.0,3.131991625792485
TSEN34,0.0,3.128366297501534
FBXL5,0.0,3.1265254579867285
TNRC6B,0.0,3.125027396257111
SHARPIN,0.0,3.124227777290039
COX19,0.0,3.123330064592067
LARP7,0.0,3.121736011335713
PHF1,0.0,3.118092594589588
SNRNP200,0.0,3.1180569813782983
OXLD1,0.0,3.115574866316787
PTK2B,0.0,3.1147945733119116
GPAA1,0.0,3.1132456613533392
SF3A3,0.0,3.111837781192879
TIMMDC1,0.0,3.1098977939288512
DTNBP1,0.0,3.1014389336366475
RASSF1,0.0,3.1014264401755276
TPP1,0.0,3.0981182941740433
NGFRAP1,0.0,3.0977346203686538
ZNF32,0.0,3.096518367950368
PLEKHF2,0.0,3.095608257978033
JOSD2,0.0,3.094588737963933
CEP57,0.0,3.0944179523496658
DYNLT3,0.0,3.0918545481800828
NCK1,0.0,3.0906616048576248
RP11-139H15.1,0.0,3.0894296436303685
LENG8,0.0,3.088717562410128
TBRG1,0.0,3.0879734841846593
NARS,0.0,3.0856890012743934
PLBD1,0.0,3.0845893047835458
PPIH,0.0,3.084448148104872
ORAI1,0.0,3.084374147826833
IL8,0.0,3.0812380266711963
CERS2,0.0,3.080955413727845
ZRANB2,0.0,3.079196051158874
NIFK,0.0,3.0787979721387684
NAE1,0.0,3.077555944450381
KRCC1,0.0,3.0756838769511243
GBAS,0.0,3.0751989321794277
IGFBP7,0.0,3.0733866017645695
ZSWIM7,0.0,3.0716506955996508
ACO2,0.0,3.0688575001091114
LAIR1,0.0,3.0682090878538797
CDC25B,0.0,3.0668614309359183
SND1,0.0,3.0638889021577183
ABHD14A,0.0,3.0635163871271147
FGD3,0.0,3.0601482698776614
C10orf32,0.0,3.059958387398927
RICTOR,0.0,3.0591152171796847
STARD7,0.0,3.058376657534263
HTATSF1,0.0,3.055994306918353
PTPLAD2,0.0,3.0536352868045094
SURF2,0.0,3.0515095213475787
P2RY8,0.0,3.051101843959922
PRPF8,0.0,3.050441138490942
LINC00861,0.0,3.049994759253216
DUSP6,0.0,3.0493492443437065
ZNF22,0.0,3.043849727539379
DNPEP,0.0,3.042387975440602
PRPS1,0.0,3.041535606985966
PRMT10,0.0,3.0411015235158128
TNFRSF1A,0.0,3.0410724089752126
MT-ND6,0.0,3.0376215972852743
PROSC,0.0,3.033794279473605
ZNF524,0.0,3.0324316722280176
SERTAD1,0.0,3.0316443139622438
TP53TG1,0.0,3.0311565878833973
NUDT22,0.0,3.0299653751323734
EIF2AK1,0.0,3.0279831641699966
PHYKPL,0.0,3.027861770753486
SLC38A2,0.0,3.0267494894212215
UFM1,0.0,3.0249092696739677
SLC44A2,0.0,3.0248119004974257
SLC11A1,0.0,3.019862494397641
DTD1,0.0,3.0164764953081535
GRPEL1,0.0,3.0154853940946458
U2AF1L4,0.0,3.0129909531350925
ST3GAL1,0.0,3.012319081914981
WBP11,0.0,3.011407610941621
DNAJC2,0.0,3.010705434009901
ATIC,0.0,3.010670593189615
TSPAN32,0.0,3.0091799342491425
KLHDC2,0.0,3.008746816719427
OAS2,0.0,3.007373025367461
TMEM167A,0.0,3.007171598768796
SAMSN1,0.0,3.004347252270042
ASCC2,0.0,2.9994765525708424
ACN9,0.0,2.999440711573186
RNPEP,0.0,2.999240434244574
IFNGR1,0.0,2.992020863865948
LETMD1,0.0,2.99167506750093
C19orf25,0.0,2.991102341921525
MACF1,0.0,2.9903026056495414
INTS10,0.0,2.9900556600519814
TES,0.0,2.98981573410141
CDC40,0.0,2.988114159147172
ACTR1A,0.0,2.987942849862006
TMUB1,0.0,2.987181951717008
CAMTA1,0.0,2.9835739904993726
KIAA1551,0.0,2.9802809110910116
SLFN5,0.0,2.9780977667769175
ZNF394,0.0,2.9771444106148244
SMAP1,0.0,2.9770420220250666
RPS20,0.0,2.9768615624312127
POLR2H,0.0,2.97393656678438
IP6K2,0.0,2.9730893920136006
SCAMP3,0.0,2.9725846808402854
TRIM69,0.0,2.9723780603370926
CDIPT,0.0,2.969857029626556
DIAPH1,0.0,2.9695534409789723
DDX27,0.0,2.969442908271524
FAM133B,0.0,2.969307031239655
NUDT2,0.0,2.968392786788996
DOCK2,0.0,2.9657986212490424
WNK1,0.0,2.965546597356851
NSL1,0.0,2.9650111244745476
RPL37,0.0,2.9642086499422886
MITD1,0.0,2.9636793302007503
EIF2S1,0.0,2.9619453210533493
PSMC6,0.0,2.959595026712037
MOB2,0.0,2.9587112136031095
DDA1,0.0,2.9585385049979633
SNX20,0.0,2.956402119598456
RPL24,0.0,2.955451083034839
COPS8,0.0,2.9553079676905343
ZNF622,0.0,2.955147804762847
PPA2,0.0,2.9537935125973185
PTPRE,0.0,2.953435650399706
IL1B,0.0,2.953408176958984
CRELD2,0.0,2.9502592367962497
TSN,0.0,2.949773499007605
XPA,0.0,2.9496581180947823
GUSB,0.0,2.9492872929717375
HSF1,0.0,2.9470974236798106
UBL7,0.0,2.9468024703707876
U2SURP,0.0,2.946018798040369
MOAP1,0.0,2.9453329238748025
SETD5-AS1,0.0,2.9428494162813332
ATP6V0E2,0.0,2.942729533286156
EIF2B1,0.0,2.9414720968434276
NAMPT,0.0,2.9414641519599023
CLDND1,0.0,2.9414570852929605
TMED5,0.0,2.939982600181578
DCTPP1,0.0,2.939411050762816
PSMA6,0.0,2.9386274553792586
OSER1,0.0,2.937006847326203
PRPF18,0.0,2.9363493129317315
RASA3,0.0,2.936201712497502
MARK3,0.0,2.9345080547287714
DUSP11,0.0,2.9338805498746603
RNF115,0.0,2.933142545229859
ARF3,0.0,2.933021216358389
SATB1,0.0,2.93205035260322
MRPL48,0.0,2.9308437711399002
STK38,0.0,2.9306604189976717
WAC,0.0,2.926907411822264
NFYC,0.0,2.9246329408696803
SLC31A2,0.0,2.923760468128534
C22orf39,0.0,2.9214401410521558
CLEC2D,0.0,2.920300321625306
KRAS,0.0,2.9199703089080273
SNAPC5,0.0,2.919671447357308
PIM3,0.0,2.918714435156322
GGPS1,0.0,2.918316591134086
RAB7L1,0.0,2.915806120374048
HERPUD2,0.0,2.9129591861181723
LINC00116,0.0,2.9106366776628914
ACAA2,0.0,2.910417113392806
SEPHS2,0.0,2.9102112043101114
SZRD1,0.0,2.9100824385467905
MRPL36,0.0,2.9098664568801493
FAM192A,0.0,2.90892086955429
UQCC2,0.0,2.9086408938290362
MSL3,0.0,2.9083300670841234
RPS6KA1,0.0,2.9073342112259235
B3GAT3,0.0,2.9068226445998375
CUTC,0.0,2.905213349108207
MRPL53,0.0,2.905074856334281
COA6,0.0,2.9049271238045877
GPATCH8,0.0,2.9012923502628682
MRPL4,0.0,2.899361886122301
EXOC7,0.0,2.8978996699999677
CCDC57,0.0,2.895328534814506
UTRN,0.0,2.895060780751578
ARL6IP6,0.0,2.8944719549667837
RUNX3,0.0,2.8932836936958366
RPL37A,0.0,2.8926604964190465
PPAPDC1B,0.0,2.891527607839656
HARS,0.0,2.8911500605266753
BFAR,0.0,2.8908504463572684
LYPLA2,0.0,2.889334309076452
RBPJ,0.0,2.8844832742882596
INPP5D,0.0,2.8824953270189213
FAM104A,0.0,2.8814969185858823
USP3,0.0,2.8803392798385814
FHIT,0.0,2.879978985119665
UBA3,0.0,2.8779791925374885
SIRT7,0.0,2.8777565425417597
VPS35,0.0,2.873991346404051
RAB32,0.0,2.873422265303166
MOB4,0.0,2.869569986626505
NGDN,0.0,2.8673328558264313
SSSCA1,0.0,2.866852137262706
VPS4B,0.0,2.865985423207311
RASSF7,0.0,2.865604310409322
FCGR2A,0.0,2.8645179831982572
PIK3CD,0.0,2.858359095264132
SRPR,0.0,2.8580927522192536
VMA21,0.0,2.8575408065107273
FAM89B,0.0,2.8515052018813942
SF3B4,0.0,2.84969658204731
RABGGTB,0.0,2.8493728945052696
HSH2D,0.0,2.8489565193682806
STX16,0.0,2.8486210215725003
DNASE2,0.0,2.8471545805545735
EBNA1BP2,0.0,2.8460425700570315
ARFRP1,0.0,2.844897644492569
MYCBP2,0.0,2.844314001050585
VIM-AS1,0.0,2.8437393682803678
IFT57,0.0,2.8431186415618295
FAM45A,0.0,2.8410780119707413
HPS1,0.0,2.8407980990092287
TSPYL1,0.0,2.8383909638832683
RALB,0.0,2.8369973944293028
THOC2,0.0,2.836477170119291
PRDX4,0.0,2.8362845562923718
MPHOSPH6,0.0,2.8353130135196953
PLD3,0.0,2.834824977796827
OARD1,0.0,2.833716209556931
LPXN,0.0,2.8334777116715246
VPREB3,0.0,2.832743297740309
MAP2K2,0.0,2.8278397919361953
GPR108,0.0,2.827275009295253
MRPS36,0.0,2.8271087463839346
CCDC28A,0.0,2.825647532390599
MTF2,0.0,2.8244178948627097
ALOX5,0.0,2.8238745305301785
RANGRF,0.0,2.8205753157428255
AMZ2,0.0,2.8195250880424485
STOM,0.0,2.819032421341707
POLDIP2,0.0,2.8185184520396547
PABPN1,0.0,2.818093373367456
CARS2,0.0,2.8177591336208216
MED8,0.0,2.817729696023621
PTPN4,0.0,2.8172275357650434
RPP25L,0.0,2.8165837360788206
NQO2,0.0,2.81557611003762
GTF2F1,0.0,2.812378891800895
BAD,0.0,2.8091538700631378
TM2D3,0.0,2.8072097753047944
TRIM38,0.0,2.8065630570104236
BCL11B,0.0,2.8057919492258114
DPEP2,0.0,2.8053961016883986
BECN1,0.0,2.8049516887232877
MRPL24,0.0,2.8034679060899808
NRBP1,0.0,2.803359913076943
RDH14,0.0,2.799626792527598
COPS4,0.0,2.799573494518007
WIBG,0.0,2.7991431392734336
SEMA4D,0.0,2.798705815299319
G6PD,0.0,2.798468058478393
NELFCD,0.0,2.7970634877021787
MTSS1,0.0,2.796803470702279
PIGT,0.0,2.7956252026141777
CNOT2,0.0,2.795097505102934
ATP6AP1,0.0,2.7948287943765937
SNHG9,0.0,2.793010282694357
PRKRA,0.0,2.7921016624282666
CHCHD1,0.0,2.7917047365303413
FIP1L1,0.0,2.791269543893513
TPD52,0.0,2.7868564005529675
GNL3,0.0,2.7848090851751217
BAG6,0.0,2.783916481838024
UNC93B1,0.0,2.783610439437543
HIST1H2BK,0.0,2.7831598596205542
ARHGEF2,0.0,2.783100266252007
RPL26L1,0.0,2.7803663756537405
PDCD7,0.0,2.7801530928803713
BZW2,0.0,2.7791064756464605
TERF1,0.0,2.7786891667628746
ZNF277,0.0,2.778491092337566
TROVE2,0.0,2.7774943537335552
USP10,0.0,2.7764722852162103
C6orf1,0.0,2.7764348143802966
MPHOSPH10,0.0,2.7750377447257297
IMPDH1,0.0,2.774801127105892
MRPL12,0.0,2.772336918971925
UROD,0.0,2.769706402722392
SAFB,0.0,2.7696795022602956
PAG1,0.0,2.7696716254171605
DDIT3,0.0,2.767798750887477
C12orf44,0.0,2.766953751720788
BATF,0.0,2.7667521538138704
PANK2,0.0,2.7664529337090573
ASGR1,0.0,2.7662857102740843
C15orf57,0.0,2.7655746420881577
RBM42,0.0,2.763907790039112
MAD2L2,0.0,2.7619396413435044
ENOPH1,0.0,2.7614171710730044
MRPL47,0.0,2.7609640053622617
MCRS1,0.0,2.7598696376909992
GSPT1,0.0,2.759758677059907
PHAX,0.0,2.7578367651902784
SNORA76,0.0,2.7577792756769544
ACTR1B,0.0,2.7574322470672112
NARF,0.0,2.7568722539780866
CCDC88C,0.0,2.756205460947541
ZNF655,0.0,2.75571605010793
SAE1,0.0,2.7535235881993687
PTDSS1,0.0,2.7529057993464785
APOBEC3C,0.0,2.7515488383882016
MRPS31,0.0,2.750931396904499
NUDT3,0.0,2.7502766768888516
SECISBP2,0.0,2.749842914353735
UBL3,0.0,2.7498035316102905
TTC14,0.0,2.7471297736208773
G0S2,0.0,2.747017859073879
SYNE2,0.0,2.7465664855787013
SSRP1,0.0,2.743752158229893
BTK,0.0,2.7433703839245585
MTCH2,0.0,2.743013980292162
NT5DC1,0.0,2.742646825661808
HDAC2,0.0,2.7393239615212
RAB9A,0.0,2.7390941924178454
ZEB2,0.0,2.739045809775371
PHIP,0.0,2.7389004968669535
TRA2A,0.0,2.738861682284314
TUSC2,0.0,2.7387784040676775
C11orf83,0.0,2.7380247994398275
SMIM15,0.0,2.7379742893977754
KLHDC3,0.0,2.73729969397754
PLGRKT,0.0,2.7369393169016285
NUMB,0.0,2.7361472678057766
NFU1,0.0,2.735907238920104
ATG5,0.0,2.7357705519682263
GTF2E2,0.0,2.7352615994360447
WDR45,0.0,2.7343262893980924
SNAP29,0.0,2.7340399477100825
GATA3,0.0,2.7336977549589063
DRG1,0.0,2.733396745914148
MED11,0.0,2.731215681147069
THAP7,0.0,2.7307173299317355
TTC19,0.0,2.7293157924713958
CNIH4,0.0,2.726241154857089
RPL27,0.0,2.726064962785161
UXS1,0.0,2.7260296583622656
TXK,0.0,2.725953021191011
FKBP5,0.0,2.725547839598747
RNF145,0.0,2.72381151971672
SERINC3,0.0,2.7228587414927157
MT1X,0.0,2.721114584320153
TMEM126A,0.0,2.7199804980010835
IFIT1,0.0,2.7188507974941882
BCL2,0.0,2.7186158524532846
IQGAP2,0.0,2.718348105344998
MEI1,0.0,2.7167420635845674
TMEM11,0.0,2.7140975221556918
CX3CR1,0.0,2.7139847008051032
YDJC,0.0,2.7088059857010185
AC010642.1,0.0,2.707438209982241
CPSF6,0.0,2.7065081034383427
ITK,0.0,2.7062004520552554
NOL12,0.0,2.705482662265399
ATP6V1B2,0.0,2.7049559459445573
CISH,0.0,2.7031503927654676
ISY1,0.0,2.701929361618063
WDR82,0.0,2.70090972363718
PARP14,0.0,2.6992584134524646
CSNK1D,0.0,2.6977693059986914
TMEM203,0.0,2.6970672296195155
RPS24,0.0,2.696950872017586
RPL36,0.0,2.6951508073125834
NSD1,0.0,2.6939440189339123
PSMD3,0.0,2.693922632332705
ATF1,0.0,2.6935297623780072
LLPH,0.0,2.691982278693351
THOC6,0.0,2.6917907304769693
RBM38,0.0,2.6903905673170248
ECI2,0.0,2.6878933779661094
IFNAR2,0.0,2.6875049125620953
TIGIT,0.0,2.6864501519163957
ACADM,0.0,2.6855519865690844
TESC,0.0,2.6806347778278834
MARCH1,0.0,2.680293459967112
DHX36,0.0,2.678929285938104
RPL17,0.0,2.678214481273039
UPF2,0.0,2.677176417814356
PLEKHO1,0.0,2.67432705887108
EIF4EBP2,0.0,2.672907949470006
VOPP1,0.0,2.6727959625452935
MT-ND4,0.0,2.672492937981256
SF3A2,0.0,2.670566964589906
PITPNC1,0.0,2.668597264787381
SCOC,0.0,2.6674865955958875
TMEM259,0.0,2.666901937435542
RAB27A,0.0,2.665287072814488
STMN1,0.0,2.664351175903294
NRD1,0.0,2.659951861897237
RNF10,0.0,2.6595709202644757
IL12RB1,0.0,2.6591615971090916
SCIMP,0.0,2.6576044255368627
TAF11,0.0,2.655606117433545
ATP6V1D,0.0,2.6542063322333442
MICU2,0.0,2.651986628552218
RNF138,0.0,2.6517137247394253
CCDC101,0.0,2.650460780198194
C1orf122,0.0,2.650012017178027
BLCAP,0.0,2.649493746972467
CTD-2035E11.3,0.0,2.649041066105615
FAM60A,0.0,2.648605345669014
TOX4,0.0,2.646195031889386
ZC3H13,0.0,2.6455011813748825
HDAC3,0.0,2.6451897990341013
ZBTB8OS,0.0,2.6447159638128723
ZRSR2,0.0,2.644141578359229
TPD52L2,0.0,2.642518970289329
RUVBL1,0.0,2.6418689235726838
DPH5,0.0,2.6417895182126827
MAPRE2,0.0,2.6415288828111034
VRK3,0.0,2.6407611105461823
RSBN1,0.0,2.6405087697962237
GORASP2,0.0,2.635907784059689
TMEM204,0.0,2.633696456925967
C1D,0.0,2.6334374321161342
PPP2R3C,0.0,2.633074824874104
HHEX,0.0,2.6321263932811148
H3F3B,0.0,2.631699527462559
PDIA4,0.0,2.6294864678135985
CHCHD3,0.0,2.629106861379716
QDPR,0.0,2.626673161122817
COQ10B,0.0,2.6265004951411166
SYK,0.0,2.6260512653599495
MRPL10,0.0,2.625082133418308
SLC25A38,0.0,2.6245178730120418
GBP5,0.0,2.622589849449866
TRMT1,0.0,2.6216824334207107
SP140L,0.0,2.6214891867327097
DPM2,0.0,2.619159450919686
CDC5L,0.0,2.6160736510488696
UBXN11,0.0,2.6150002398226073
MRPL19,0.0,2.614301751976882
HLA-A,0.0,2.609330326874389
COX20,0.0,2.6082345478946443
SYS1,0.0,2.607578248780686
PBDC1,0.0,2.6075279897321644
CISD2,0.0,2.6063467560329023
APIP,0.0,2.6054133924237997
ALG3,0.0,2.6042650747585356
MRPL44,0.0,2.6038741049310823
SYNCRIP,0.0,2.60270851365972
OBFC1,0.0,2.6023852454975427
SART1,0.0,2.601650358202448
DCAF7,0.0,2.600754460188945
LMO4,0.0,2.599418914016666
MAP7D1,0.0,2.597487256938163
NHLRC3,0.0,2.5966775274524574
RBP7,0.0,2.594611711405898
LYRM5,0.0,2.593505530336714
EI24,0.0,2.5928508349414923
TMEM101,0.0,2.590036756724864
JMJD1C,0.0,2.5893662631538823
CNOT1,0.0,2.589315263845452
EIF5AL1,0.0,2.587591366740861
TRIAP1,0.0,2.5873066310929076
FAM110A,0.0,2.587105168233081
PTOV1,0.0,2.584658071691671
CCDC104,0.0,2.584428899501625
RDH11,0.0,2.583301975730829
FAM134A,0.0,2.5808257600841835
VPS25,0.0,2.579790311386166
CYB5R3,0.0,2.5795296601399333
NRBF2,0.0,2.5794823624409458
MAEA,0.0,2.5775213241089525
CRTAP,0.0,2.576176276813712
FAM102A,0.0,2.5752247158150388
ZCCHC17,0.0,2.5748631038031693
NUBP1,0.0,2.5743728635949314
GPS2,0.0,2.5729819482761207
CNPPD1,0.0,2.572936598778606
TM2D1,0.0,2.5726167655817953
ATF7IP2,0.0,2.5724126940125016
NUDT16,0.0,2.5722432930496764
C15orf40,0.0,2.5720004249119413
DNAJC9,0.0,2.570846944274909
CXXC5,0.0,2.5691899804575864
DAXX,0.0,2.5689856768470074
TMEM242,0.0,2.5682323696882827
FLYWCH2,0.0,2.5674197948323068
LINC00667,0.0,2.5665960701548958
CRYZL1,0.0,2.566469111596234
TXNDC9,0.0,2.5664559517488446
TMX4,0.0,2.564655317933798
CCSER2,0.0,2.5611929271252016
MATK,0.0,2.5599275369046772
THAP11,0.0,2.5598381512873
SSH2,0.0,2.5580292539736886
RBM14,0.0,2.55781112039183
DCTN6,0.0,2.55706207749614
PTTG1IP,0.0,2.5552963014965204
ATP6V1H,0.0,2.555078502269878
ORAI2,0.0,2.5536397448708423
CCDC25,0.0,2.5516150687866923
CPSF3L,0.0,2.5512184767064925
BRIX1,0.0,2.5493496349776654
TOR1A,0.0,2.5492535159428065
DCTD,0.0,2.548110496780859
WDR54,0.0,2.5475496194013814
DAZAP1,0.0,2.547541113227856
RPL4,0.0,2.5470978790409804
DNMT1,0.0,2.54606183052416
SMC3,0.0,2.545915777256856
UNC50,0.0,2.545664495852738
PHF3,0.0,2.5449026316034398
SCFD1,0.0,2.543551743938953
ANP32E,0.0,2.5419737478390334
FNBP4,0.0,2.5417568408750997
CLIC3,0.0,2.541290254335817
PPP1CB,0.0,2.5412565530785236
BST1,0.0,2.538362509038109
ACTN1,0.0,2.5375320221587154
BSDC1,0.0,2.536900188925107
FASTK,0.0,2.534683495657456
MEF2C,0.0,2.5313606902451657
PRPSAP2,0.0,2.527378442459593
SF3A1,0.0,2.527054049282474
PPID,0.0,2.5264407838736154
ATXN2L,0.0,2.5255459911161746
KMT2A,0.0,2.5254688189572705
POP7,0.0,2.52469898495107
BAZ2A,0.0,2.5246607894938573
E2F4,0.0,2.5245098779919353
TMEM30A,0.0,2.523143451869494
TMEM87A,0.0,2.5230309319666127
IGFLR1,0.0,2.52055397608134
TIMM17A,0.0,2.520310336630559
LEPROT,0.0,2.520090633914736
SCML4,0.0,2.5185644108424747
RPS13,0.0,2.5180393322130676
ZNF106,0.0,2.5180011322342404
CMC2,0.0,2.5158967535428896
SNX1,0.0,2.514607721908291
PSPC1,0.0,2.5144776971143172
FLII,0.0,2.512497154489357
RBM22,0.0,2.509839888282952
RBMX2,0.0,2.5091392346180257
POLR2A,0.0,2.5073204599815044
ZNF90,0.0,2.5070211894911263
HBP1,0.0,2.506015856271103
PRCP,0.0,2.5053769977862235
CD5,0.0,2.5035020621898267
RAB4B,0.0,2.503395051038722
RTCA,0.0,2.5025467277018096
PEX2,0.0,2.5025114660106795
STAT4,0.0,2.5021270581963324
NDUFV3,0.0,2.50157509512098
CD83,0.0,2.5000732438273983
ZNF688,0.0,2.4990334303817323
CD33,0.0,2.4984914035644485
OSGEP,0.0,2.4957348346101726
CREM,0.0,2.4945881804189263
CLK3,0.0,2.4938220873294155
DCAF11,0.0,2.4936541057809056
GPBP1L1,0.0,2.4936533517465116
PXN,0.0,2.4935320368745604
KLF13,0.0,2.4933790058251266
TDP2,0.0,2.493053619729627
STARD3NL,0.0,2.492213350200399
GTPBP6,0.0,2.4912085140819062
PTPN1,0.0,2.49002154654655
ASB8,0.0,2.486323864901523
UPF3B,0.0,2.4863202542403253
RAF1,0.0,2.4855143931369907
GMPS,0.0,2.4847629071171466
ASNSD1,0.0,2.4845739849902477
COMMD5,0.0,2.4842667442904633
TOPORS-AS1,0.0,2.483000215437326
AGPAT2,0.0,2.482580370613686
FTL,0.0,2.479629246445114
CEBPZ-AS1,0.0,2.4790272443318973
CDK4,0.0,2.477576413135653
VPS4A,0.0,2.477423239934085
BRE,0.0,2.477308376863166
MPPE1,0.0,2.475896435047192
EMC8,0.0,2.4738534880183436
METTL21A,0.0,2.4729263050366814
UCHL3,0.0,2.4725909187470743
NUP210,0.0,2.47171179022024
LACTB,0.0,2.4713417902413255
SEC63,0.0,2.471050976075263
ZBTB7A,0.0,2.4704270451652373
LYRM1,0.0,2.4688524840447594
MRPL15,0.0,2.467660221222722
RPS27A,0.0,2.46749947478063
ADAM8,0.0,2.4669274127149956
TNIP2,0.0,2.4659371085416386
DUSP22,0.0,2.4658239871556265
TFG,0.0,2.464968265788043
POLR2K,0.0,2.464963167504846
MED6,0.0,2.464602128986463
IL2RB,0.0,2.4627326697403213
VPS26B,0.0,2.4626509415330364
EPRS,0.0,2.461527873107472
C15orf61,0.0,2.459293905071707
TGFBR2,0.0,2.4568235089662496
ILKAP,0.0,2.455975275597031
SLC25A45,0.0,2.4544240496138072
PARP9,0.0,2.454252734822131
MTHFD2,0.0,2.453840856957495
TGIF1,0.0,2.452000699962266
SP140,0.0,2.450830428167785
CHIC2,0.0,2.450731454635843
NIT2,0.0,2.4506034676231843
EEF1D,0.0,2.4504703555749447
CD82,0.0,2.45001007970158
ELOVL1,0.0,2.449245596267641
ARRDC2,0.0,2.4490472178106177
C1orf131,0.0,2.448834357950452
DDX50,0.0,2.4486422326442616
RALA,0.0,2.4485658216145985
REST,0.0,2.448523479699474
TMEM154,0.0,2.448491011503334
EBAG9,0.0,2.447375972720261
RHOT2,0.0,2.447317562447018
OAS3,0.0,2.4460234266195586
SREK1,0.0,2.443145732751869
TIMM10,0.0,2.4384966870742915
GCH1,0.0,2.4381677471876673
STK16,0.0,2.4350584890372224
MECP2,0.0,2.4334800465502204
PLK3,0.0,2.4330509956722715
POLE3,0.0,2.432880688221881
HIST1H1C,0.0,2.4306589082760075
TOR3A,0.0,2.4299958778886164
CTA-29F11.1,0.0,2.42926495346004
SLC16A3,0.0,2.429259085340505
TXNDC15,0.0,2.4289010061108876
TACC1,0.0,2.4274434924022326
CAND1,0.0,2.426790314397505
NSMCE4A,0.0,2.4257730862525304
HIST1H4C,0.0,2.4240596969206547
SUPT20H,0.0,2.4218939544183833
EIF4E,0.0,2.4213691855034702
SAFB2,0.0,2.420675295737419
PRPSAP1,0.0,2.419304453945341
C6orf62,0.0,2.4182308014345244
MRPS14,0.0,2.4166796242677253
CEBPG,0.0,2.4154762001374843
DGKA,0.0,2.413187157026612
RPL7,0.0,2.4113051346043655
NGLY1,0.0,2.4109092525985214
CLN3-1,0.0,2.409821912868923
HMG20B,0.0,2.408726576590386
MYO9B,0.0,2.4079453813261065
CTNNB1,0.0,2.407571031927209
URI1,0.0,2.407418538816888
PPM1B,0.0,2.4074045435700984
PHF20L1,0.0,2.4073587906869127
BRD4,0.0,2.4063017556425934
CHTF8,0.0,2.40593406842685
TMPO,0.0,2.4023400792623155
PDHA1,0.0,2.401762596905756
CRTC3,0.0,2.400642925593708
ICT1,0.0,2.4002059424349285
NBPF10,0.0,2.3994029157378627
C1orf228,0.0,2.3972857580918228
HSPB11,0.0,2.396223410353803
RAB5A,0.0,2.3946445096429776
NTMT1,0.0,2.3932239435528992
MDM4,0.0,2.3917262145944407
UBE2K,0.0,2.3900835022948215
VAMP3,0.0,2.3877712375043836
CDKN1A,0.0,2.387643600709018
TOLLIP,0.0,2.3871429658205456
PLRG1,0.0,2.3860392558756196
CWC25,0.0,2.3856777482641918
TM9SF2,0.0,2.3845459928943527
ANKRD11,0.0,2.3843056756638368
VPS72,0.0,2.3839025779600145
MAP4K1,0.0,2.3819783931794816
BCL7C,0.0,2.3800308628194213
PDLIM1,0.0,2.377403700423547
CALHM2,0.0,2.3773485300024517
CHRAC1,0.0,2.3763591837177733
GGCT,0.0,2.376280769998051
QRSL1,0.0,2.3756687037833815
SDR39U1,0.0,2.375143818877424
CWC27,0.0,2.3727456050983764
COMMD2,0.0,2.36948983831494
YEATS4,0.0,2.3670098673340587
TESPA1,0.0,2.3664370775812564
UBE2G2,0.0,2.3658746114374964
CKS1B,0.0,2.365706352821313
EXOSC7,0.0,2.365158455595746
GON4L,0.0,2.363978701740509
ISCA1,0.0,2.363534642168354
TBPL1,0.0,2.363045542614456
KDM5A,0.0,2.3626500804629713
RPP38,0.0,2.36226249072581
ELMO1,0.0,2.361942787472625
UBE2R2,0.0,2.361445239482123
SEC61A1,0.0,2.3598987986184667
SAR1A,0.0,2.359747404223513
EEF1E1,0.0,2.357371006064285
PNKP,0.0,2.3563743529068684
UBQLN1,0.0,2.3561655270584185
HSPA1A,0.0,2.3560175669122048
KRR1,0.0,2.3559462957297264
PIGP,0.0,2.355736181823755
DIMT1,0.0,2.3550172461654912
MED29,0.0,2.3548806491843797
CHD4,0.0,2.354360960808372
FAM207A,0.0,2.3540093374057904
RP11-660L16.2,0.0,2.35365976873432
ALG5,0.0,2.3528733817100482
MRFAP1L1,0.0,2.352848337869395
NXF1,0.0,2.3528169205645004
YIF1B,0.0,2.3526971353184005
PSMG3,0.0,2.3524451107692164
RP1-313I6.12,0.0,2.351929142166104
INSIG1,0.0,2.34970830934776
ST6GAL1,0.0,2.3492110232279386
CSF1R,0.0,2.3483666625155513
TMEM183A,0.0,2.347562648425327
WDR13,0.0,2.3443296623838754
YAF2,0.0,2.3442650474873314
RASSF3,0.0,2.343770845170728
GALT,0.0,2.3421978067267544
TMEM50B,0.0,2.341161064528712
RNU12,0.0,2.3400290738523157
DDAH2,0.0,2.3392757175676366
HMOX1,0.0,2.33911439033713
PJA2,0.0,2.338002204927164
AFF4,0.0,2.336920560392467
FCER2,0.0,2.336383476363386
TMEM55B,0.0,2.334892375846789
TEN1,0.0,2.334528473556413
MIB2,0.0,2.3339418266521816
NDUFAF4,0.0,2.332796038154537
NFE2L2,0.0,2.33230540226932
DNTTIP1,0.0,2.33204565391034
CREG1,0.0,2.329352273410625
FUOM,0.0,2.3282271345538694
ZCCHC7,0.0,2.3276004173263027
PPM1M,0.0,2.326659630191968
PIAS1,0.0,2.3264624739722426
SH3BP2,0.0,2.3255674481836954
FAM195A,0.0,2.3250487137109634
CNOT8,0.0,2.324989206207699
BRD9,0.0,2.3242941779055366
GS1-251I9.4,0.0,2.322908236131081
HAUS4,0.0,2.322263374788909
ID3,0.0,2.319335578201447
TAX1BP3,0.0,2.319313179969176
MRPL49,0.0,2.3182154541477322
TMEM18,0.0,2.317480390066732
KLRD1,0.0,2.3167028922632507
PTPRA,0.0,2.3166560091399884
C11orf21,0.0,2.316545231221309
USB1,0.0,2.316376990678235
ZNF131,0.0,2.3158172995742374
TBC1D1,0.0,2.3157844941130317
CCAR1,0.0,2.3139814713215845
TARDBP,0.0,2.3124043301615895
COA5,0.0,2.3121323070774618
HAUS1,0.0,2.311925637266771
ABLIM1,0.0,2.311506096282249
ABHD3,0.0,2.3114839290871547
DNM2,0.0,2.3111017744953535
ARAF,0.0,2.311022379022189
SDHAF1,0.0,2.309790064195632
CDKN2AIPNL,0.0,2.3063562601657166
LCMT1,0.0,2.304433302217001
CINP,0.0,2.30394743165897
ALG13,0.0,2.303510597792306
ABCF1,0.0,2.3004034374009286
RHBDD2,0.0,2.2998251560738825
IFNAR1,0.0,2.298855664744161
STIP1,0.0,2.2982117544497336
EPM2AIP1,0.0,2.298165458308533
RAB11FIP1,0.0,2.295727685816147
CBWD1,0.0,2.295418068378776
CIAPIN1,0.0,2.2954000337538885
CHMP7,0.0,2.2924007241846445
OSBPL8,0.0,2.2909879082091624
PRPF19,0.0,2.2906047045238083
EPS15,0.0,2.290524725280478
DESI1,0.0,2.2889515471082955
NIPA2,0.0,2.2886583658722865
RBM7,0.0,2.2885813418566108
ABHD17A,0.0,2.288248458466299
KIAA1143,0.0,2.287543404343474
MALSU1,0.0,2.287381185116499
ECSIT,0.0,2.2869727055855935
DDX19B,0.0,2.2866331519316363
TOP1,0.0,2.2858850506936386
SNN,0.0,2.284920765338408
ORAI3,0.0,2.2833439254756
SAMM50,0.0,2.2830145733073586
ANKRD10,0.0,2.282549975589644
TSEN54,0.0,2.2824543000801785
SPNS1,0.0,2.281997767463256
CSRP1,0.0,2.281472635206366
NELL2,0.0,2.2811094677479122
RBM6,0.0,2.279518849042329
SLC35B1,0.0,2.2772488154825252
WDR46,0.0,2.276398461176063
AP2A1,0.0,2.275063094246627
PASK,0.0,2.275061722410289
TMEM176B,0.0,2.2746237126114224
NME1,0.0,2.2745001567572105
RNF125,0.0,2.2744867172082617
DHX9,0.0,2.2740482740464394
PRAM1,0.0,2.2738435929643193
PRDM2,0.0,2.273390451810163
ELP5,0.0,2.2712682052518787
ARFGAP3,0.0,2.270514322126957
CHID1,0.0,2.270477704161338
CEBPZ,0.0,2.2694821276105994
FYTTD1,0.0,2.2683850364864444
NKAP,0.0,2.2670440322833185
PSMD12,0.0,2.266755282169706
ATG16L2,0.0,2.2663859365630787
SRSF6,0.0,2.265380898248218
PREX1,0.0,2.2646497527544116
ID1,0.0,2.2641929401463576
HECTD1,0.0,2.2641796776335146
ATP2A3,0.0,2.2621356544164115
CLEC7A,0.0,2.2615123185028705
BCCIP,0.0,2.2611843114439925
MRPL45,0.0,2.261179286262809
RECQL,0.0,2.260244865361164
BPTF,0.0,2.2594168864510826
STX12,0.0,2.25854087824993
PAPD4,0.0,2.256687727931055
WDR45B,0.0,2.2560755532305885
C1orf35,0.0,2.2557236693394227
GAPT,0.0,2.2549598996581275
GPBAR1,0.0,2.254143527071287
NIPSNAP3A,0.0,2.2540744019065198
UBQLN2,0.0,2.2536442070766345
CHMP1A,0.0,2.253591392566384
ZNF259,0.0,2.2535787090765673
C7orf55,0.0,2.2535106790267916
TMEM138,0.0,2.253082932237884
RBM5,0.0,2.25243618582496
MRPS25,0.0,2.2508269039136057
NAT9,0.0,2.2486132537635877
RPL5,0.0,2.245529430356813
HK1,0.0,2.2444353691372636
ITM2C,0.0,2.2444237588426597
CDS2,0.0,2.2444002686378988
ARID1A,0.0,2.2422229343838356
FUBP1,0.0,2.239237277153265
FAM58A,0.0,2.2387976783515176
INPP4B,0.0,2.238030944669779
PAIP1,0.0,2.2369163567434396
LGALS3BP,0.0,2.2368646837226613
TAP2-1,0.0,2.236580064174986
MRPL37,0.0,2.2365509839873035
SLC25A26,0.0,2.2362581890615263
S100A12,0.0,2.2362092471081296
BRD7,0.0,2.23603047291027
RIC8A,0.0,2.2346679123893183
RIPK2,0.0,2.2337685329874937
GNPTG,0.0,2.233710391973036
MRPL46,0.0,2.231870499272193
RP11-220I1.1,0.0,2.2310027922464757
KIF22,0.0,2.229933427072219
MED15,0.0,2.229287211551799
TMEM223,0.0,2.2291285671365713
IVNS1ABP,0.0,2.228143011587044
KAT8,0.0,2.227141244262599
TMEM106B,0.0,2.2269579759371814
TMEM70,0.0,2.2267380471183933
LYRM2,0.0,2.2263098632732543
PILRB,0.0,2.2260122101405355
HELZ2,0.0,2.2238100371172504
TNFRSF25,0.0,2.2231558619302607
COMMD4,0.0,2.2231268533980617
LPAR6,0.0,2.2230540707348108
ARHGEF3,0.0,2.222473637611158
CHST11,0.0,2.222176794206283
CHD9,0.0,2.2218787498887465
MRPS22,0.0,2.2216690148476705
HNRNPAB,0.0,2.2211968784016753
C16orf80,0.0,2.220528743068976
LARP1,0.0,2.2195385454898098
FOLR3,0.0,2.2164856288031225
PDZD11,0.0,2.2162912705025892
MPP1,0.0,2.214961148089909
TPRKB,0.0,2.2141430484933835
ACYP2,0.0,2.2132770378920403
LMNA,0.0,2.213091854365831
TSEN15,0.0,2.2123901875809615
KIAA0040,0.0,2.2118720799191576
ZDHHC4,0.0,2.211584518183359
TOR2A,0.0,2.2094017976697207
NTAN1,0.0,2.207262113291729
ACBD6,0.0,2.2071909985366824
CUX1,0.0,2.2067984532985454
ASCL2,0.0,2.206559735807487
IMMT,0.0,2.2063785137771
VAMP7,0.0,2.205405735481458
GABARAPL1,0.0,2.204548809476198
DTYMK,0.0,2.203871770121538
DLD,0.0,2.2038101549920137
THUMPD1,0.0,2.203800466190656
TNFAIP2,0.0,2.2036539006514952
PDXK,0.0,2.202697235365672
CMAS,0.0,2.2026277399087135
HEBP1,0.0,2.2008585389264423
PAFAH1B1,0.0,2.1998292268186668
ANKRD13A,0.0,2.1997216934171546
SRP54,0.0,2.1988652067176115
TMA16,0.0,2.19848976065157
ERGIC1,0.0,2.198292976159941
CD320,0.0,2.1976566746971433
MIR4435-1HG,0.0,2.1974038022976785
LGALS8,0.0,2.1953277604544206
ZMYM2,0.0,2.19523262397683
SIRT2,0.0,2.1950312030768986
ARMC10,0.0,2.1946064682207496
RPS10,0.0,2.19379437546032
ITGB1,0.0,2.19365395578799
GFER,0.0,2.1930392645369072
SMARCA5,0.0,2.192551473992828
CARS,0.0,2.192327879953364
SMAD2,0.0,2.192223605232633
DSCR3,0.0,2.192019461260324
PSMG4,0.0,2.191754321942165
FAM46A,0.0,2.189867768081155
FAM136A,0.0,2.187765965934907
SPTSSA,0.0,2.1872058331031465
SEC31A,0.0,2.1868974674550223
CD59,0.0,2.1859515555602917
NLRC5,0.0,2.1840303189945747
RP11-489E7.4,0.0,2.183619389220116
UTP18,0.0,2.183406591401423
PWP1,0.0,2.1829045613824496
ERI3,0.0,2.182210389148736
SH2D2A,0.0,2.182056771285476
RNF11,0.0,2.181111704225148
THAP9-AS1,0.0,2.1802223363883666
TRMT10C,0.0,2.1795792754273813
CD28,0.0,2.1785584552644024
RAB37,0.0,2.1783613678637166
APEH,0.0,2.178334423220562
CORO7,0.0,2.177622713185493
SLC39A3,0.0,2.1775100469352995
TPMT,0.0,2.176994237096882
RPA1,0.0,2.1768379566511524
YTHDC1,0.0,2.176235990684364
EPB41,0.0,2.175914011160677
MRPS9,0.0,2.1757440314137155
NCF4,0.0,2.174769597582898
ANKRD13D,0.0,2.1740481687213125
VPS26A,0.0,2.1736954452261132
CD40,0.0,2.1730153199821673
ACAT2,0.0,2.170282794091448
AZIN1,0.0,2.16794068882216
BLOC1S6,0.0,2.1673248441128097
RCBTB2,0.0,2.16339732316573
MZT1,0.0,2.16330296952337
HEBP2,0.0,2.162317251767547
ZDHHC6,0.0,2.162181950802877
NOA1,0.0,2.1609652593997994
B4GALT3,0.0,2.1607208066730714
DDX54,0.0,2.159571642460787
DDX1,0.0,2.1587505374648206
DNAJB2,0.0,2.1585318593516134
VPS36,0.0,2.157057162570431
IL4R,0.0,2.1568454531515364
UBE2Q2,0.0,2.1560297931050587
NFATC2IP,0.0,2.155876175778165
EXOSC5,0.0,2.1550594426906216
PHKG2,0.0,2.1549288559908346
GNPAT,0.0,2.1523233251119223
ARHGAP1,0.0,2.151691614300866
RALBP1,0.0,2.1515558969680737
ACAT1,0.0,2.151507076509968
RAB1B,0.0,2.1506951222318396
PGP,0.0,2.150149814085772
TMEM222,0.0,2.1496218176221285
IRAK4,0.0,2.1471838718690526
PYHIN1,0.0,2.145603091942798
PARP8,0.0,2.145569761178716
POMC,0.0,2.145483464189523
ISOC2,0.0,2.1446817128231004
CCND2,0.0,2.1436913561382935
BCL2L13,0.0,2.1431240647432657
TMOD3,0.0,2.1431013031418638
PRR5,0.0,2.1428028221719764
TTC17,0.0,2.1421348132355655
NPM3,0.0,2.1418582208724315
CRIP2,0.0,2.1411483485512046
RPL31,0.0,2.1400439667557065
KLRB1,0.0,2.1396255951771272
YIPF5,0.0,2.1396027735644054
DPH3,0.0,2.138855765504714
TRIM8,0.0,2.1385765469727196
ACTN4,0.0,2.137666776738887
MAT2A,0.0,2.1376180381419014
ZDHHC3,0.0,2.1368783094492296
ZMAT5,0.0,2.134985191441235
NLRP1,0.0,2.1340677914145716
LINC00176,0.0,2.134040122075965
TAPBPL,0.0,2.1332019222091727
BIRC6,0.0,2.1329015613882762
ITFG1,0.0,2.132494128514641
LPIN1,0.0,2.132441045840659
LRRC59,0.0,2.131682686609535
RP11-1094M14.11,0.0,2.1313933237249403
CRLS1,0.0,2.129910920639298
MRPS18A,0.0,2.127221935536669
PCNA,0.0,2.124527553570367
GPN3,0.0,2.124200334571964
A1BG,0.0,2.1235332795611077
MTFP1,0.0,2.1228987675488455
DAPP1,0.0,2.1221760907912057
TMEM60,0.0,2.1205383802143554
OCEL1,0.0,2.1204381048978838
LILRA3,0.0,2.1194729450772396
POLD2,0.0,2.1187441236870423
NSRP1,0.0,2.118572104715985
MCMBP,0.0,2.1184410800470443
GARS,0.0,2.1184170930687065
CMSS1,0.0,2.1184072614307055
PHC3,0.0,2.118036896095152
DAP,0.0,2.117529366635138
HDDC3,0.0,2.1170298213344854
CD84,0.0,2.117011691698381
ATG4B,0.0,2.116747184909919
MPV17,0.0,2.1166912797741353
TMEM167B,0.0,2.116616436538018
ZNF101,0.0,2.1161210109014026
DMAP1,0.0,2.114141001234294
MIS18BP1,0.0,2.1125497837838854
MGAT2,0.0,2.1123366111407615
CTNNBIP1,0.0,2.112194672136071
RRS1,0.0,2.111927079729496
RUFY1,0.0,2.1114554510235712
CCNK,0.0,2.110362247422196
CD300E,0.0,2.1103268473276477
VSTM1,0.0,2.1094934494672577
DCP2,0.0,2.1090885655622214
SUPT5H,0.0,2.108942761121712
KDM2A,0.0,2.108676499575637
RPUSD3,0.0,2.108650044837698
SLC50A1,0.0,2.1084787423063425
AP2B1,0.0,2.1079006202604162
HOTAIRM1,0.0,2.1075615888859844
ZCCHC11,0.0,2.1075262540073165
AKTIP,0.0,2.106923400857111
SLC20A1,0.0,2.1068935784870004
DPM3,0.0,2.1055791406406743
VAV1,0.0,2.104578840958092
CXXC1,0.0,2.10355014770597
DDX3Y,0.0,2.103286908462309
C12orf65,0.0,2.103051166702843
TBC1D10A,0.0,2.1027780946046684
SDAD1,0.0,2.1025491110154713
DDB1,0.0,2.1018763528294113
SRP68,0.0,2.0990348229950007
MRPL17,0.0,2.0989407839402365
SKAP2,0.0,2.0984429997623173
DHX29,0.0,2.0976538006862366
TRPV2,0.0,2.0975883108716897
CD302,0.0,2.0969818964924576
DCAF13,0.0,2.095837463053537
NME1-NME2,0.0,2.0957778628975827
PIK3R1,0.0,2.095580865347777
ZNF593,0.0,2.0954858082271905
ACOT8,0.0,2.0951010834443022
KAT5,0.0,2.0937736364817887
USP14,0.0,2.093129093472161
NIPBL,0.0,2.0924504360767013
SULT1A1,0.0,2.0922551681556523
NUPL2,0.0,2.0918612164279593
TIA1,0.0,2.0917035368518127
CMPK2,0.0,2.0915367330991486
RNF216,0.0,2.0912328116015124
NACA,0.0,2.0907877907096837
IER5,0.0,2.090400553046787
RELA,0.0,2.089493254896274
MARCH5,0.0,2.0888389863200527
ME2,0.0,2.0858225073850134
SLC35C2,0.0,2.0853742027688926
SMEK2,0.0,2.084652238225442
SLC39A1,0.0,2.0837880348437996
MAP3K11,0.0,2.0829948753127923
AP1G2,0.0,2.081394335081438
MKNK2,0.0,2.0811497894576476
SCAF4,0.0,2.0810883972136267
KANSL1,0.0,2.080964065863023
CDK11A,0.0,2.0808376564860125
FBP1,0.0,2.0801548790193714
AP1M1,0.0,2.078857180557554
NMT1,0.0,2.0786749019656336
TNFRSF4,0.0,2.0783620404923777
PPP2R2A,0.0,2.0782208588472413
ARMC1,0.0,2.07821721996901
NUP160,0.0,2.077417220516904
BTN3A1,0.0,2.076966937196011
RP1-3J17.3,0.0,2.0762700038919335
PCM1,0.0,2.0762533347784315
TIPRL,0.0,2.0758503915391704
GDI1,0.0,2.07566946487633
COASY,0.0,2.075207387174796
XCL2,0.0,2.0749960142729167
RPL35,0.0,2.0748590235303865
MFSD1,0.0,2.074411095928096
SIRPG,0.0,2.073016434919123
WDR77,0.0,2.0719832184746254
ZDHHC7,0.0,2.0704598371873275
JMJD6,0.0,2.069577674877151
PCED1B,0.0,2.0692890641028754
C1orf52,0.0,2.069244761686335
FAM105A,0.0,2.0690059280837128
FXN,0.0,2.068428443537414
ZBP1,0.0,2.0683407133419687
RP3-395M20.12,0.0,2.0681137707712307
PARP12,0.0,2.0674936397199426
MRPS2,0.0,2.0669279905303064
ATP5S,0.0,2.0659674172655813
NIPAL3,0.0,2.0654971233726314
RIOK3,0.0,2.064688194007625
PRAF2,0.0,2.0623591232804697
WHAMM,0.0,2.0622312427738314
TOMM40,0.0,2.0620807372467946
SYNRG,0.0,2.061977586792601
TIMM10B,0.0,2.0609392319612403
COQ4,0.0,2.0581112777605037
NBR1,0.0,2.0566186055062072
LNPEP,0.0,2.056600180421935
RWDD4,0.0,2.0551573612134755
LILRB1,0.0,2.0540799387991244
SNRNP25,0.0,2.0538495024316576
MLEC,0.0,2.052760195464299
STAT2,0.0,2.052562665144411
PLIN3,0.0,2.0510006998109764
DOCK10,0.0,2.0505368895961804
CTD-3184A7.4,0.0,2.0494327572139888
MSRA,0.0,2.0489126301229055
NUP107,0.0,2.048238513752595
KIAA1033,0.0,2.0463856666409597
MAGEF1,0.0,2.046032900282492
MRPL2,0.0,2.045987350087785
COPA,0.0,2.0456131609047987
USP1,0.0,2.044435544195459
NRROS,0.0,2.04411251224445
MSRB2,0.0,2.044067511516275
FTH1,0.0,2.044042194444292
EDEM2,0.0,2.0434718134064838
GOLT1B,0.0,2.0419974185168064
SBNO1,0.0,2.0412074609027924
CPQ,0.0,2.039788294036293
NEK7,0.0,2.0396426309810884
TSPAN3,0.0,2.039266882801832
SDCCAG8,0.0,2.037677502191372
YBEY,0.0,2.037420486436068
TOR1AIP1,0.0,2.036493637676143
IGLL5,0.0,2.036377084118969
MIIP,0.0,2.0359318783694063
WDR18,0.0,2.035727158804444
PPP1R8,0.0,2.0355665806212317
POLR2M,0.0,2.035343199419932
MRPS10,0.0,2.0351578006355635
CTBS,0.0,2.0338410463955126
TMEM170A,0.0,2.03309959865845
IST1,0.0,2.032820831331366
MPST,0.0,2.0328050960620296
C1GALT1,0.0,2.032632828827494
ZNF430,0.0,2.032571569399
SPTAN1,0.0,2.0316677975461084
ZCCHC9,0.0,2.031210003033703
SNRNP27,0.0,2.028499798615501
ITFG2,0.0,2.0283045672881452
DALRD3,0.0,2.027290293821992
ZNF276,0.0,2.027125008667457
IFIT2,0.0,2.0255021674472795
ARHGAP27,0.0,2.0243332153174802
HMCES,0.0,2.023139399310334
CTDNEP1,0.0,2.022404904955899
CCDC174,0.0,2.0222483306518257
ATPAF1,0.0,2.0221853352120323
ASH1L,0.0,2.0219662868880346
XPC,0.0,2.021496472308694
TMEM106C,0.0,2.0214200613876057
KMT2C,0.0,2.0213545743101
RNF34,0.0,2.0195420922021294
SYAP1,0.0,2.0189930338441266
CHD1,0.0,2.0186716126380473
CAPRIN1,0.0,2.0181575681944244
RRAGC,0.0,2.0179992078452544
INPP4A,0.0,2.0173812822268755
UBL4A,0.0,2.0172356240318674
CHMP6,0.0,2.0166245080780607
SMEK1,0.0,2.016311356851279
FRA10AC1,0.0,2.01629655154328
IL6R,0.0,2.015994664247538
DCPS,0.0,2.014625813659705
UBA1,0.0,2.0140555395836417
BOLA3,0.0,2.013849323222738
P2RX5,0.0,2.0131657152547557
KATNBL1,0.0,2.0129684746636216
FAM159A,0.0,2.0119434475980364
TOMM5,0.0,2.011182962841175
PCBD1,0.0,2.009767576377387
ATF3,0.0,2.008737856186096
CRYL1,0.0,2.0086415155712563
CAMK1,0.0,2.0077812848238388
PPP2R5A,0.0,2.006985115362026
GGA2,0.0,2.006195380318361
BIRC2,0.0,2.006115576085521
KMT2E-AS1,0.0,2.0039002895795623
UNC13D,0.0,2.003573954084541
DKC1,0.0,2.0035706183155075
CCNB1IP1,0.0,2.000217344075373
TAZ,0.0,1.9994958350395706
SHMT2,0.0,1.997548453335314
DENND1C,0.0,1.9965839737337563
C6orf226,0.0,1.9960251478087854
CBX1,0.0,1.9954556568983084
PNPLA2,0.0,1.9950218795686203
TMEM199,0.0,1.9946885721668886
AGA,0.0,1.9946116203735955
DCUN1D5,0.0,1.9945257277865387
TMIGD2,0.0,1.993357007315287
GNG7,0.0,1.9904637414357513
CYTH2,0.0,1.9902853658242723
CNTRL,0.0,1.9898886028869318
MAP3K8,0.0,1.989152162913551
CAMK2G,0.0,1.987869605118563
FBXL3,0.0,1.9856944089154374
TFDP1,0.0,1.9854485267406887
LMF2,0.0,1.9853636513916826
QTRT1,0.0,1.9852526332146467
APPL1,0.0,1.9834769522729576
CEPT1,0.0,1.9831841211412138
ZNFX1,0.0,1.9825744170731172
ZNF791,0.0,1.9817924088514942
NFKB1,0.0,1.9813452343564466
ASXL1,0.0,1.9811845685719351
NIP7,0.0,1.980863526748315
PTEN,0.0,1.9808099410890507
PARP10,0.0,1.9803266927340442
ASPSCR1,0.0,1.979080083156737
CLPTM1,0.0,1.97669891204108
RPL9,0.0,1.976470906846501
TDG,0.0,1.9763690907570086
LARS,0.0,1.9759745794211665
TWISTNB,0.0,1.9758757429135174
ARL1,0.0,1.975097125693876
PLEKHB2,0.0,1.9749050551556446
HSPA4,0.0,1.9725614950333898
FN3KRP,0.0,1.9713311078876776
GINM1,0.0,1.9701542258219547
TSSC1,0.0,1.9661572360317678
CTC-479C5.12,0.0,1.9653423813829827
TRPC4AP,0.0,1.9650379247938397
RABIF,0.0,1.9648000048571856
DUS3L,0.0,1.964663445417543
DEXI,0.0,1.9629324897028817
CECR5,0.0,1.9625926600390062
ZNF274,0.0,1.9615879291161933
GPS1,0.0,1.9601450300935714
C5orf15,0.0,1.9593709652646647
TUBA1C,0.0,1.9581629805974978
ABCE1,0.0,1.957631669712781
COPB2,0.0,1.9574848801707527
BLK,0.0,1.9562833080476116
BOD1,0.0,1.9549282215969392
PLEKHA1,0.0,1.954903087295374
SGSM3,0.0,1.9543127758650338
NAA50,0.0,1.9531100737384688
CD300LF,0.0,1.9530325782150013
NUP62,0.0,1.9530185557844675
RPS3A,0.0,1.9517466526282627
ATP5SL,0.0,1.9485360233929168
MLLT6,0.0,1.9479165601900412
RSAD2,0.0,1.9478322600271947
PTGES2,0.0,1.9471874620148002
C1orf50,0.0,1.9446041358540382
THEM4,0.0,1.9443748159808742
R3HCC1,0.0,1.943811408799429
UBTF,0.0,1.9437203523328175
REPIN1,0.0,1.9431735402300432
LAMP2,0.0,1.9428928955071167
SYNE1,0.0,1.941709714837989
LTV1,0.0,1.9411406424947026
RP11-664D1.1,0.0,1.939956739032182
PPP1R10,0.0,1.93931651960582
RPS28,0.0,1.9376308020037594
TRIM39,0.0,1.9372645911266086
IQSEC1,0.0,1.9370888898235838
ECHDC2,0.0,1.9368359964274975
MYCBP,0.0,1.93669340850286
CD81,0.0,1.935882712757236
SFI1,0.0,1.935130208628812
DHRS1,0.0,1.933175869807344
ZNF330,0.0,1.932982271757422
PRCC,0.0,1.9328710797617354
CTC-523E23.11,0.0,1.9324615683330015
RPP30,0.0,1.9311836843586385
FOPNL,0.0,1.9305486289392824
REXO4,0.0,1.9303512869127044
MAGEH1,0.0,1.9283759989638394
INPP5K,0.0,1.927838942239547
NSG1,0.0,1.9266492161888729
C14orf64,0.0,1.9257820964468786
ARMCX3,0.0,1.9245840180884481
MT1F,0.0,1.922691967870696
AASDHPPT,0.0,1.9225470576731636
CLINT1,0.0,1.922358320356187
WAC-AS1,0.0,1.921632090055957
RPP21,0.0,1.9210982008547965
SIGLEC10,0.0,1.9208493742039026
SOCS1,0.0,1.9205116206795376
COPB1,0.0,1.9204222798787907
XRRA1,0.0,1.9197873544826436
THEMIS,0.0,1.9195102673978885
EPN1,0.0,1.9181880681465984
COPS2,0.0,1.9178528398428265
MLXIP,0.0,1.9174662413356005
CNOT4,0.0,1.9171804100342256
UTP6,0.0,1.9170327302427248
FARSA,0.0,1.9163134990431268
CBFB,0.0,1.9157686479780005
GBP4,0.0,1.9157573987866154
TACC3,0.0,1.9122791649826334
SLC52A2,0.0,1.9106256021618078
PCMTD1,0.0,1.9103750568665887
MAPK14,0.0,1.9103130592011022
EHD4,0.0,1.9087970635089067
MARCH6,0.0,1.9082739890413616
ELF2,0.0,1.9076689763114705
ACIN1,0.0,1.9075849840181927
ARL16,0.0,1.9063224466922568
RPS5,0.0,1.905719215948934
DNAJC5,0.0,1.9048896021367305
CD36,0.0,1.904422285603263
MPDU1,0.0,1.9043793621778535
BHLHE40,0.0,1.903157116059273
LRBA,0.0,1.901274989101024
SPG7,0.0,1.8989756780772573
CUL4A,0.0,1.8982284774855465
FH,0.0,1.8981388967396795
RNF44,0.0,1.8977565950938504
ATXN3,0.0,1.897433688964596
ZNF775,0.0,1.896740051113093
ACSS1,0.0,1.8966790737357906
GDE1,0.0,1.8963689389278555
HDGF,0.0,1.8955114813906375
API5,0.0,1.8954426983734238
SETD5,0.0,1.8954275864911656
HDAC10,0.0,1.8945273137003047
SERPINB9,0.0,1.894041341779395
CERK,0.0,1.893216406388162
GTPBP4,0.0,1.8919329445934188
UBA52,0.0,1.891685598619409
NPRL2,0.0,1.891562308203142
CTBP1,0.0,1.8913500561849936
MARCH2,0.0,1.890895008048914
SPPL2A,0.0,1.8897183473745742
GPN1,0.0,1.888656077359994
CCDC50,0.0,1.8872835214600214
ISG20L2,0.0,1.8871886372621165
CREB1,0.0,1.886778609027632
MAGOHB,0.0,1.886729677122975
KIN,0.0,1.8864748641409408
BCAS4,0.0,1.8862622115752137
ERGIC2,0.0,1.885128091191804
DEF8,0.0,1.8843240198042774
TBRG4,0.0,1.882187338691445
C21orf2,0.0,1.8815011238053316
RUVBL2,0.0,1.8813020010516177
ARHGEF40,0.0,1.8797685108844693
PRKD2,0.0,1.8790721723300243
TMEM71,0.0,1.8789472903503914
ARIH2,0.0,1.8784276368574526
SPSB2,0.0,1.877290435080573
RNF141,0.0,1.8771834183883702
GLT8D1,0.0,1.8770476704426842
ETNK1,0.0,1.876356105121842
LMBRD1,0.0,1.8762506462306443
TCEA2,0.0,1.8762390857000608
XAB2,0.0,1.8761928252427393
MCM3,0.0,1.8759192108468419
PARVB,0.0,1.8754404444038808
NDEL1,0.0,1.8753143213545187
FAM175A,0.0,1.8752948494900854
EFCAB14,0.0,1.8750514157404947
LPCAT1,0.0,1.8749380195366432
AKAP17A,0.0,1.8741759858222435
GEMIN7,0.0,1.8740519977003631
SETD3,0.0,1.8738365668784607
DNAJB12,0.0,1.8722045771801763
FBXO6,0.0,1.8721682165098212
PET117,0.0,1.871605804924009
UFL1,0.0,1.870974607482223
RP11-169K16.9,0.0,1.8707328583788079
MRPS28,0.0,1.8671910211850853
DYNC1H1,0.0,1.8664822524803273
PML,0.0,1.8664486330835184
KAT6A,0.0,1.8660095680323052
RFC1,0.0,1.8658568564632119
STK25,0.0,1.8644353343754836
C16orf54,0.0,1.863988683618565
APBA2,0.0,1.8631625570715824
RBM33,0.0,1.8624987605761876
HCFC1R1,0.0,1.8619707225376543
IKBKE,0.0,1.8616956017912083
IKBIP,0.0,1.8612307208209173
RXRA,0.0,1.8608502645306735
UBE3A,0.0,1.8605523839277622
CYSTM1,0.0,1.8600306181249293
DERA,0.0,1.8594084434733933
ELP2,0.0,1.858954302954657
CD1D,0.0,1.8584981010384036
SMC4,0.0,1.8584395374332952
ALDH16A1,0.0,1.8582671392394559
EPHX2,0.0,1.8581043602224188
SCGB3A1,0.0,1.857267278692602
SWAP70,0.0,1.8558010036812116
COMMD10,0.0,1.8549562912306603
KLF12,0.0,1.8533290643732259
TFPT,0.0,1.8532168244673635
TRAPPC12,0.0,1.8531158266123917
RNF4,0.0,1.8514927470499825
RP11-94L15.2,0.0,1.8498058592494726
USP48,0.0,1.849263597848805
CAMK1D,0.0,1.8491516093428326
TNFSF12,0.0,1.847264985080024
DNAAF2,0.0,1.8470208378891744
GPR65,0.0,1.8464398208901758
HUS1,0.0,1.8462344850708992
PCF11,0.0,1.8445459040704446
TUBGCP2,0.0,1.8437810917580708
PDE7A,0.0,1.843732084113627
TTC38,0.0,1.8433132645397199
SERTAD3,0.0,1.8421773468378069
RAB8B,0.0,1.8410573382590154
PSME3,0.0,1.8407418001596119
ARFIP2,0.0,1.8406501220987528
LIX1L,0.0,1.8401334261981082
DPF2,0.0,1.840095528741361
PIGX,0.0,1.8397667692232191
METTL17,0.0,1.839524449652119
PRKCD,0.0,1.8390957621509374
HELZ,0.0,1.838700202828698
GNL1,0.0,1.8385086266813615
TMEM128,0.0,1.8384372211029811
MBOAT7,0.0,1.8382987434295806
CD86,0.0,1.8382204111660745
AMPD2,0.0,1.8378061125047418
OSCAR,0.0,1.8376382896058254
HDLBP,0.0,1.8375162809830436
OSBPL9,0.0,1.837164986699682
ZNF75A,0.0,1.8364537073075793
KDM6B,0.0,1.8356472103624442
ORC4,0.0,1.8346378605564309
GPR171,0.0,1.8346292402250617
C7orf26,0.0,1.83442403011573
TRIM14,0.0,1.8338949975377183
UBR4,0.0,1.8334532618423247
EIF2D,0.0,1.8327083068706458
RAD50,0.0,1.8325628455994278
FLAD1,0.0,1.8324402703515725
BRWD1,0.0,1.8323672010413516
PPP3R1,0.0,1.8321184571625972
TSPAN13,0.0,1.832027466317609
TMUB2,0.0,1.8311718550207705
ZNF146,0.0,1.830546290095514
TMEM43,0.0,1.829985091911636
ERLEC1,0.0,1.8289849324354535
NMD3,0.0,1.82846331948672
HES4,0.0,1.8278301548160607
FKBP4,0.0,1.8270727478084943
TMEM63A,0.0,1.8269926603898103
CD58,0.0,1.8269319098723447
LZIC,0.0,1.8266492407393733
CETN2,0.0,1.8254133804583241
CCNL2,0.0,1.82436185254373
CCBL2,0.0,1.8243408215178392
GALK1,0.0,1.8225947714305113
NFKB2,0.0,1.8223288344471933
EML3,0.0,1.821953492036481
ING3,0.0,1.821572749611517
SNHG12,0.0,1.8214380506173729
TMEM55A,0.0,1.8202884805226736
LINC00657,0.0,1.8197623458789802
TRAPPC5,0.0,1.8187536150826515
CTSL,0.0,1.8187234400390564
PLEKHF1,0.0,1.8163303241662951
NAA15,0.0,1.81538775923289
CLSTN1,0.0,1.815323080779488
JPX,0.0,1.8151123808799694
MVB12A,0.0,1.814672072206207
SENP6,0.0,1.8145515692275265
AGGF1,0.0,1.814525427746723
AK3,0.0,1.8142844232481252
SLC35A4,0.0,1.8138021479595408
MICAL1,0.0,1.813721797356155
HDAC7,0.0,1.8125840236488318
LINC01003,0.0,1.8104658369230318
TRNAU1AP,0.0,1.8097720393154046
VPS37B,0.0,1.8097431946924025
AIM1,0.0,1.8088284533775982
C1orf174,0.0,1.8077503090728448
GALM,0.0,1.8066870468939806
RNF6,0.0,1.8060951762718311
PIGH,0.0,1.8056524104655263
SUPT3H,0.0,1.8054323075682595
SAR1B,0.0,1.8053495523787428
ELP6,0.0,1.804920970483066
AZI2,0.0,1.8044758461709096
SERINC5,0.0,1.8035181403271754
HMGXB4,0.0,1.8032589425430832
OGT,0.0,1.8030978466955871
NOL11,0.0,1.8022222756902375
HMBOX1,0.0,1.801584665567743
CIAO1,0.0,1.8015615778875982
RAE1,0.0,1.799344987521132
PITPNA-AS1,0.0,1.798849105348664
SHOC2,0.0,1.7985696921196008
PIK3AP1,0.0,1.7978377415808016
FAM3C,0.0,1.7952134159733988
ETF1,0.0,1.7943334039377035
TMEM80,0.0,1.7940020608822653
C4orf27,0.0,1.793986073693929
PI4KB,0.0,1.79280501485556
RNFT1,0.0,1.7921783039973986
MPRIP,0.0,1.7913550019607904
ZBTB1,0.0,1.7901718546546754
RAB31,0.0,1.7889177028277499
NSUN5,0.0,1.7873805217693335
PTGDR,0.0,1.7871499696951711
U2AF2,0.0,1.7865587040146815
SRD5A3,0.0,1.786050264411286
GMCL1,0.0,1.7859685166356913
PPP1R35,0.0,1.7847421104792995
PNRC2,0.0,1.7833179232183713
TPGS2,0.0,1.7827269537664023
PACS1,0.0,1.781719374701993
GPCPD1,0.0,1.7811990661487396
NDE1,0.0,1.7804418742166344
CSNK2A1,0.0,1.7799548510577623
BCKDK,0.0,1.7780576496880194
UBN1,0.0,1.7773472331517262
EXOSC3,0.0,1.776360630305451
PSMD1,0.0,1.7763148957182464
TBC1D22A,0.0,1.7761531227566325
ADPRHL2,0.0,1.776029266500295
DCAF8,0.0,1.7752198179360728
HIF1A,0.0,1.7746450545714159
KDSR,0.0,1.7741388115380483
NMT2,0.0,1.7738209948642427
LRMP,0.0,1.7720666530840714
HLA-DOB,0.0,1.7720498531935371
NEU1,0.0,1.7711224339355152
ARHGEF6,0.0,1.771100784784911
NUDCD3,0.0,1.771037065490639
GANAB,0.0,1.7704580266057062
MVD,0.0,1.7702211122662799
TRAFD1,0.0,1.770211317463703
MAPKAP1,0.0,1.770171685675873
YY1AP1,0.0,1.7700879780516348
GLTP,0.0,1.7699548358833583
PREB,0.0,1.7698447544542366
LRRFIP2,0.0,1.7694370130105215
SNRK,0.0,1.7690492263816753
EIF2B5,0.0,1.768978836721606
MCUR1,0.0,1.7670250203167976
C12orf76,0.0,1.7669439228170953
DCP1A,0.0,1.765653602735304
C15orf39,0.0,1.7654909610225005
RPL7A,0.0,1.765477818944987
S1PR5,0.0,1.7651038935009
SEC14L1,0.0,1.7650477660937884
CD72,0.0,1.7650159524283124
ZDHHC24,0.0,1.7636008824636966
LINS,0.0,1.7630365279396751
LINC00649,0.0,1.7613994741633978
DHX15,0.0,1.7599359713984177
TCEAL4,0.0,1.7595795036305115
TAF3,0.0,1.7595559875150941
NDUFAF2,0.0,1.75900985036615
GOLPH3,0.0,1.7585575369900008
NCSTN,0.0,1.7581298752390666
ZNF148,0.0,1.7580657854036257
C14orf159,0.0,1.7579151644529056
NCOA3,0.0,1.7577578403466478
SWI5,0.0,1.757605070628877
ADAM10,0.0,1.7571777707783882
RAD9A,0.0,1.757165587501396
OSTM1,0.0,1.7565422330036635
PDE6D,0.0,1.7543854263071226
PNP,0.0,1.754015306664644
EXOC4,0.0,1.7538902017266171
SARNP,0.0,1.7534159598216714
DYNC1LI1,0.0,1.7527308866605382
ACOT9,0.0,1.7521536880293285
HOOK3,0.0,1.7498878032009375
DDX56,0.0,1.7498870110049731
CNP,0.0,1.7497314956023935
ATG2A,0.0,1.749266758302277
CDC37L1,0.0,1.7486778323513423
TIMM22,0.0,1.7470258469920386
ANKZF1,0.0,1.746686487779339
DIP2A,0.0,1.746463920017719
MRPL1,0.0,1.7464017938572642
HIGD1A,0.0,1.7460461039039534
PRR14,0.0,1.7458504883416923
RNF135,0.0,1.7457944880094123
PATL2,0.0,1.7453763185732944
HMGCL,0.0,1.7449165149269712
GNB2L1,0.0,1.7444889574516875
PAFAH1B3,0.0,1.7441302542117936
AKT2,0.0,1.7424742896514924
BDP1,0.0,1.742204208639296
GOLGA4,0.0,1.7417240325082963
FBXW2,0.0,1.7417086707164018
AAED1,0.0,1.741685581798355
MTX1,0.0,1.740500629428893
TNRC6C,0.0,1.7386519752194614
LILRB4,0.0,1.738615979199175
FAM98C,0.0,1.737339498165951
CD22,0.0,1.7373384449957003
GTF2H5,0.0,1.736500633812094
UBA7,0.0,1.7360556475923723
GSN,0.0,1.7355494719659041
ASMTL,0.0,1.7354652332204004
HSCB,0.0,1.7353965990038709
CREBL2,0.0,1.7352637319343525
AHCY,0.0,1.7322700428088642
C18orf21,0.0,1.7311521968879495
BBC3,0.0,1.7309644748199717
YARS,0.0,1.7309565421170974
ZFAND3,0.0,1.7309430546284474
GUCD1,0.0,1.7307236897508744
ERV3-1,0.0,1.7296822613925222
SP3,0.0,1.729634745560296
FAM120AOS,0.0,1.7282360219716664
TSFM,0.0,1.72746986924764
TMED1,0.0,1.7271791879395675
FAM122A,0.0,1.727058659514268
MTFR1L,0.0,1.7267543615490684
TOM1,0.0,1.7255658603025248
GTF2F2,0.0,1.7248202522038962
MESDC1,0.0,1.7239674117315584
PDS5A,0.0,1.7238160546421757
RNASEH1,0.0,1.7233466036105651
SETX,0.0,1.722770487347822
C16orf74,0.0,1.7226798854344672
ING2,0.0,1.7226308214926795
PAK1,0.0,1.7223708584046011
DBP,0.0,1.7222117352156554
NECAP1,0.0,1.7222062165407122
NCK2,0.0,1.7220000672001066
IL17RA,0.0,1.7214662010441844
TP53RK,0.0,1.7209979658999996
AC092580.4,0.0,1.7205521314446144
TRAF5,0.0,1.7201854201905913
HSPA14,0.0,1.7197041726897573
MRPL42,0.0,1.719632751045086
VRK1,0.0,1.7191057784626422
LMAN1,0.0,1.7185250577156015
PRKAG2,0.0,1.7176498624284393
ATP5L2,0.0,1.716964556856698
CHD3,0.0,1.7157927886705877
TSPYL2,0.0,1.715776284466197
PRKAA1,0.0,1.7157277545585807
DYRK4,0.0,1.7156919347750765
RING1,0.0,1.714594262263315
SSBP2,0.0,1.7142627022573727
UCKL1,0.0,1.7135207104015968
ZBTB25,0.0,1.71215702425643
TCOF1,0.0,1.7115816347211603
SNRNP35,0.0,1.7108754204320538
CYB5R1,0.0,1.7102913611268848
SPG20,0.0,1.7097876119112068
PLEKHA3,0.0,1.7096461340401676
DCAF5,0.0,1.7096451685020064
RTP4,0.0,1.7085323106708787
QPCT,0.0,1.7081610285775424
SLAMF6,0.0,1.707263189293318
PRPF4B,0.0,1.7063860062334397
C3orf38,0.0,1.7058437601534016
SCCPDH,0.0,1.7057690329070332
TIMM50,0.0,1.7055584182036958
MAP2K7,0.0,1.7049273296290943
SIK1,0.0,1.7020757422089354
PKIG,0.0,1.701346758257221
SLC38A10,0.0,1.7002080455023023
HAT1,0.0,1.6991592404359266
RNASEK,0.0,1.6986409006671956
TMEM69,0.0,1.6983085801573123
GNPTAB,0.0,1.698228716633853
FCRLA,0.0,1.6976470002252575
ANKRD39,0.0,1.696863948704124
LINC00969,0.0,1.6967674869331912
CNOT6L,0.0,1.6966810304504711
STARD3,0.0,1.696452196141465
LPIN2,0.0,1.6962351054799558
GNL2,0.0,1.6956791561820035
FRAT2,0.0,1.6932704019270215
USP4,0.0,1.6932048962797246
METTL10,0.0,1.6928086265504967
MTMR11,0.0,1.6924099454257966
ARAP1,0.0,1.6919628831494173
FAM53C,0.0,1.6914512995083562
TRIM27,0.0,1.6909694057805853
CWF19L2,0.0,1.6897016035290713
ARMC8,0.0,1.689276187560563
METTL12,0.0,1.6890330813456635
KYNU,0.0,1.6886238086334304
ZNF44,0.0,1.6875634801009893
AIMP2,0.0,1.6862259954033314
C18orf8,0.0,1.6857320744123057
PRRC2B,0.0,1.6855855422785977
HERC1,0.0,1.6855790812624623
JADE2,0.0,1.6855253470343816
KLHL36,0.0,1.6852671284063387
NABP2,0.0,1.6840822667161395
FKBP15,0.0,1.683901360729488
ZNF91,0.0,1.6827536903697018
HLA-C,0.0,1.681878097264829
BIN3,0.0,1.681532850763967
TXNDC11,0.0,1.6808887616060415
OGFOD3,0.0,1.6796751251962758
LINC00938,0.0,1.678426858976115
C16orf87,0.0,1.6777180929211637
SMARCC1,0.0,1.6777089503243883
MRTO4,0.0,1.6771562850480508
VPS13C,0.0,1.6766453145552558
HAVCR2,0.0,1.6757583141983954
SLC25A24,0.0,1.6756718881461927
CXCL16,0.0,1.675084310169208
RELT,0.0,1.6749207678083131
ZNF580,0.0,1.6747057964760774
DNAJA3,0.0,1.6741571889338043
PPAN,0.0,1.6741295339224949
RBM18,0.0,1.673993030716377
GPANK1,0.0,1.6739656934764013
RHNO1,0.0,1.6728233341003609
TMEM107,0.0,1.671537615123216
PPP4R2,0.0,1.6706652130795419
DDX41,0.0,1.6688110743002083
MLLT10,0.0,1.6662095284565641
HERC4,0.0,1.6657942344323529
SRSF10,0.0,1.6640826818446879
SCRN2,0.0,1.6635332780242196
VTA1,0.0,1.6631376838418728
RPS25,0.0,1.6627758622833524
TIFA,0.0,1.662684241626441
PRR7,0.0,1.662257035884938
TBX21,0.0,1.6620448688268417
MFSD11,0.0,1.661348144124645
SRRT,0.0,1.660868784586967
CXCR3,0.0,1.6601798314480858
PSMG1,0.0,1.659984376269211
TRIP4,0.0,1.6598823353633125
FARS2,0.0,1.6595287305289383
CROCCP2,0.0,1.6593107610393174
SEC22C,0.0,1.6592278162458183
KIAA0907,0.0,1.6582401257476038
HGSNAT,0.0,1.6578072045343317
CTD-2336O2.1,0.0,1.6568808238679034
PNO1,0.0,1.6565444575112056
KIF2A,0.0,1.6563615241035088
PFKP,0.0,1.6560486326311972
ERN1,0.0,1.6558636016060588
GAK,0.0,1.6558507824627418
INO80E,0.0,1.6545635913377392
CLK4,0.0,1.6544100677354114
STX18,0.0,1.6541605841626241
XPO1,0.0,1.6539864220521505
OGDH,0.0,1.6532707648822829
RASSF4,0.0,1.6525632283404577
DDX39B,0.0,1.651807239198137
STAT5A,0.0,1.6511345266785498
RHOT1,0.0,1.6510489199640845
UFSP2,0.0,1.6506900301024425
LONP2,0.0,1.650202984810412
DRG2,0.0,1.6494223949700924
IFT27,0.0,1.6492670509043788
GAR1,0.0,1.6487808696320325
ARL3,0.0,1.6480863117726048
RBMXL1,0.0,1.6476520648787503
MED19,0.0,1.6469043431867358
PRKACB,0.0,1.6468076084597407
PER1,0.0,1.646780162179682
P2RY10,0.0,1.6456128879180147
ACYP1,0.0,1.6451392064028816
FAM49A,0.0,1.644380114756601
APOL6,0.0,1.6441702199810595
RELB,0.0,1.6439686856413158
RUNX1,0.0,1.6422420042954926
NUP93,0.0,1.6416128290679792
ZNF92,0.0,1.641469454334552
PLCB2,0.0,1.6414389318621256
SMARCA4,0.0,1.6413401013911768
INO80C,0.0,1.6403258281014463
RAB5B,0.0,1.6394534813163029
MBTPS1,0.0,1.639040826674563
TMEM251,0.0,1.6380188468604555
ERBB2IP,0.0,1.6375601710509777
PLEC,0.0,1.6373680107543531
PRR4,0.0,1.6371740901322516
CYP20A1,0.0,1.637074529812996
CCDC22,0.0,1.634899715078894
POLDIP3,0.0,1.6340254213171508
AC013264.2,0.0,1.6334969572088602
ANKH,0.0,1.6326383192269651
RSAD1,0.0,1.632160302727323
STAU1,0.0,1.6321016129999468
ADCY7,0.0,1.6310307316078076
HSD17B8,0.0,1.6306919221257552
FAM127A,0.0,1.6299654700061104
UTP3,0.0,1.629005020391519
GMIP,0.0,1.628667287709958
ZCCHC10,0.0,1.6274725774935415
RAB22A,0.0,1.6272125784246587
MED16,0.0,1.6265163426304003
CREB3,0.0,1.6264912596026793
FCRL1,0.0,1.6263727337278329
TSPAN31,0.0,1.625890294223892
CBX7,0.0,1.6256503211933828
GTF2H1,0.0,1.6254207795741606
SLC2A4RG,0.0,1.6250072418768862
ZNF292,0.0,1.6248586034158077
ZBTB20,0.0,1.623194227496285
MALT1,0.0,1.6229605226829564
FBXO18,0.0,1.6228257017967724
TM7SF3,0.0,1.6227887526819094
HENMT1,0.0,1.6223807708528433
TTF1,0.0,1.6223740676522285
RERE,0.0,1.6223272349769227
PRPS2,0.0,1.6216103662408472
CPNE3,0.0,1.621316829680908
OAT,0.0,1.6212342792379988
NIT1,0.0,1.6210516943334743
ZNF385A,0.0,1.6209216232917487
ARRDC3,0.0,1.6203958361300745
OASL,0.0,1.6203120383071856
DDX49,0.0,1.6201771459519259
MED17,0.0,1.620083964893646
DUSP12,0.0,1.6190287998638264
CREBRF,0.0,1.6182428156297048
C16orf91,0.0,1.618241195378985
FGD5-AS1,0.0,1.6180772267191275
ST3GAL5,0.0,1.617463422868103
C6orf89,0.0,1.6173366595991634
CBWD2,0.0,1.6168692704111447
ENTPD1,0.0,1.6167004836786987
ZNF302,0.0,1.616674976413502
PPM1A,0.0,1.6165150568111832
FTSJ2,0.0,1.6161170755774477
PRKAR2A,0.0,1.6153829085050386
NAGPA,0.0,1.6152137224737735
DHX30,0.0,1.6149675480437582
IREB2,0.0,1.6144387339127797
NSMCE2,0.0,1.6143557737218488
LEMD2,0.0,1.6140734957913663
CASC4,0.0,1.614058928535921
WAPAL,0.0,1.6138787628142857
FAM134C,0.0,1.6137936920132046
POLR2J3,0.0,1.6136851353776402
CHORDC1,0.0,1.6135498713329903
PSD4,0.0,1.6134985488073703
PLD4,0.0,1.6132312661221726
CTCF,0.0,1.6115945351551468
RSRC1,0.0,1.6110653471084249
IGSF8,0.0,1.6098374319100244
CREBBP,0.0,1.609826385254923
IFRD2,0.0,1.6075595356856829
KPNA3,0.0,1.6068455056076432
SUPT16H,0.0,1.6060978434594755
RARS,0.0,1.605989770863213
CD300C,0.0,1.6058794997430894
MRPL50,0.0,1.6053321097259003
NOTCH2,0.0,1.605001256458226
OTUD5,0.0,1.6045801069668624
CHD6,0.0,1.602827700950856
USP33,0.0,1.6027176477539435
SERGEF,0.0,1.6011980350535657
CHKB,0.0,1.6009151996503286
KLC1,0.0,1.600305223650709
PHACTR1,0.0,1.599773501492989
PLA2G12A,0.0,1.599096076776159
FCGR1A,0.0,1.599042677622103
CCDC159,0.0,1.5989485485567063
CTB-31O20.2,0.0,1.5986736259598644
CCDC66,0.0,1.5981019153539433
HTRA2,0.0,1.5979582470330145
NUP88,0.0,1.5975544395897527
SIKE1,0.0,1.5971735917873413
CABIN1,0.0,1.5968868268872138
MCM5,0.0,1.5960169312618406
TMEM42,0.0,1.5955316954306173
RB1,0.0,1.59490308741503
CCDC94,0.0,1.5946052145376453
PTBP3,0.0,1.5940026434837833
NUP54,0.0,1.59389192522328
GPR18,0.0,1.5925624477195797
CORO1C,0.0,1.592499158984877
AP1B1,0.0,1.5919207717645594
MTX2,0.0,1.5914435010398393
KIAA1430,0.0,1.5908324508170821
SMYD2,0.0,1.5905280595183113
MEF2BNB,0.0,1.5899763416507628
TAF10,0.0,1.5898905577710603
IDH3A,0.0,1.589119262039508
VTI1A,0.0,1.588797449894167
SFSWAP,0.0,1.587333319065481
AKR1C3,0.0,1.5870959924843002
HNRNPUL2,0.0,1.5855082658835205
CCNG2,0.0,1.584853567807366
GCLM,0.0,1.5847750613870881
FBLN5,0.0,1.5846596226978893
RETN,0.0,1.5846041984180537
WDR6,0.0,1.5838502011554951
DNAJB14,0.0,1.5836375032379422
GLB1,0.0,1.5818591284090993
CDC73,0.0,1.5814322871822153
SMPD1,0.0,1.5811073404425382
RABGGTA,0.0,1.5808815985680835
BPGM,0.0,1.5805860993689342
JADE1,0.0,1.5804390119962282
IL23A,0.0,1.5804381858767729
C17orf59,0.0,1.5803236665740228
LYRM9,0.0,1.5801052196818166
USP8,0.0,1.579624834715464
EGLN1,0.0,1.579317120194055
BTN3A3,0.0,1.579008866930507
SLC7A6,0.0,1.5783408028651005
NAGA,0.0,1.5766258833364646
FEZ2,0.0,1.5760167816888746
FAM46C,0.0,1.5759611355790457
PACSIN2,0.0,1.5748876268674024
DLGAP4,0.0,1.5747466473546856
EFCAB2,0.0,1.5743627111403706
LUC7L,0.0,1.574301310937934
HNMT,0.0,1.5737278447474226
LOH12CR1,0.0,1.5723955608021094
BCAP29,0.0,1.5716412656141754
LRRC47,0.0,1.5713056471460038
COQ5,0.0,1.5712288026002819
CDKN2AIP,0.0,1.5702105156209514
TMED7,0.0,1.5695333174800967
RHBDF2,0.0,1.567690785104686
CCPG1,0.0,1.5668267042676034
FBXO3,0.0,1.5642272562468418
SNX14,0.0,1.564191757228354
PRKCA,0.0,1.563819318973572
MAP1LC3B2,0.0,1.5635003048672684
IFT52,0.0,1.5629494790456337
NKIRAS2,0.0,1.5614658324828536
IKBKB,0.0,1.561062093909491
FES,0.0,1.5608274905050517
RRP1B,0.0,1.5587868427219447
SMARCC2,0.0,1.5574588011833377
SPIB,0.0,1.5570296399803478
RPS23,0.0,1.5569368026192771
TECPR1,0.0,1.556933692248734
MT-CO3,0.0,1.5565052296018762
FBXO9,0.0,1.555781245074806
TRPT1,0.0,1.5557753474663047
CD151,0.0,1.5553990640588413
PRKX,0.0,1.5549628006484137
PBRM1,0.0,1.554823649147378
XIAP,0.0,1.5527455219042985
RFC2,0.0,1.5526737885923496
PICALM,0.0,1.5522250974618639
RP11-108M9.4,0.0,1.5521338373589755
GSAP,0.0,1.5515599354557283
PRKRIP1,0.0,1.5514855883388623
SLC2A6,0.0,1.551279623875714
TRAP1,0.0,1.5493711996030801
ROGDI,0.0,1.5491717280526451
DDX23,0.0,1.548435926669415
GOSR2,0.0,1.5474679364689974
ZNF830,0.0,1.5472463842711297
NADK,0.0,1.5464230848146943
MAPKAPK5,0.0,1.5459220043583095
ZFPL1,0.0,1.545711087263783
YRDC,0.0,1.5456020050475454
ATAD1,0.0,1.5453184183246296
MTA1,0.0,1.5451713844723374
TRIM4,0.0,1.5451025728202537
POLR2B,0.0,1.5450169697372595
UBR2,0.0,1.5447303814106557
SPTLC2,0.0,1.5444946946183442
SLA2,0.0,1.5444127789969577
TM2D2,0.0,1.5442535034782765
UTP11L,0.0,1.5436871797908238
SMU1,0.0,1.5431909271925606
TMEM216,0.0,1.5419278213991185
PRKDC,0.0,1.5414836313286913
GLYR1,0.0,1.5409760832315336
PGRMC2,0.0,1.5408758122916286
ADPRM,0.0,1.5389655022656352
CNOT10,0.0,1.5379556557621925
CISD1,0.0,1.5374204267423246
FHL3,0.0,1.5369143002295598
HSPBP1,0.0,1.5361185833929139
MKRN2,0.0,1.535281839716817
EXOG,0.0,1.5340303254555436
ACP5,0.0,1.533670861148512
THAP1,0.0,1.5335034438833584
TRMT2A,0.0,1.5334435685094945
PNPLA8,0.0,1.5333971530300345
GPX7,0.0,1.5323684965328284
MAP4,0.0,1.5319360014853776
PCMTD2,0.0,1.5309298053213822
RBM27,0.0,1.5308446245836147
SF3B3,0.0,1.5308343969350189
RIOK2,0.0,1.53055688344122
ZNF414,0.0,1.5301415906116484
MAP3K1,0.0,1.5296376480300964
CSTA,0.0,1.5293947386172209
CUL1,0.0,1.5293674701162148
MOSPD3,0.0,1.5285673383726455
MARS,0.0,1.5275302487765179
TMEM189,0.0,1.5268121271550283
UCHL5,0.0,1.526466421269347
CCDC28B,0.0,1.5244737635075283
FBXO25,0.0,1.5244639326976435
COPG1,0.0,1.5244474059540343
TMF1,0.0,1.5242679570636242
DMTF1,0.0,1.5237774707109095
AP3D1,0.0,1.522205815212761
HDHD2,0.0,1.5214964913244666
FAM78A,0.0,1.521444178120226
SCYL1,0.0,1.5213717864858853
PDLIM5,0.0,1.520378863299879
ACTL6A,0.0,1.5200869957593364
RP11-18H21.1,0.0,1.5199781010362192
ZC3H11A,0.0,1.5192156855023367
FUBP3,0.0,1.5189837474332102
RABL6,0.0,1.5184354269552247
GPR155,0.0,1.5181184313120117
PPP2R5E,0.0,1.5175963487214519
HOOK2,0.0,1.5164593738797374
CHI3L2,0.0,1.5164527454902266
C5orf45,0.0,1.5154851046397266
C6orf47,0.0,1.5151445065982077
XPNPEP1,0.0,1.5150911199607298
PELI1,0.0,1.5149411611612695
ZNF226,0.0,1.5147073425699957
AP3B1,0.0,1.5141268374628871
GNS,0.0,1.5132845162411033
RARS2,0.0,1.5132617111698974
TARS,0.0,1.5132088289791146
CBX5,0.0,1.512579897875232
RCE1,0.0,1.5119828356048302
AP1S1,0.0,1.5118612225649277
PLA2G16,0.0,1.5116904709690284
CS,0.0,1.5112714104696052
TBL1XR1,0.0,1.5111269058635335
ZKSCAN1,0.0,1.5110242465305725
ACD,0.0,1.5104194799189476
LRRC41,0.0,1.5098224505972788
MMAB,0.0,1.5097381794879443
BLNK,0.0,1.5089281664733116
CCDC47,0.0,1.5076769971247475
BET1,0.0,1.5071985313242255
DFFA,0.0,1.5060893132642443
SMYD3,0.0,1.5059675089098452
CXorf40B,0.0,1.505735271279015
GPKOW,0.0,1.5056500381791096
PTP4A3,0.0,1.5056254816068535
LFNG,0.0,1.5054755379669431
DOK1,0.0,1.5053179091302271
SUCLA2,0.0,1.5051936894185531
CEP350,0.0,1.5050254110666585
SNUPN,0.0,1.5050176983400274
MAP4K4,0.0,1.5045286547144707
TPP2,0.0,1.504466896745594
TRIM28,0.0,1.5039695275311296
ABHD13,0.0,1.5027400418174701
SIGMAR1,0.0,1.500773768012678
PGRMC1,0.0,1.5006258945410136
KIAA0020,0.0,1.5004484079236864
UIMC1,0.0,1.5002990855890257
CDIP1,0.0,1.5000928734900023
CGRRF1,0.0,1.4994197426248916
TBC1D17,0.0,1.4991799217102988
ATF7IP,0.0,1.4990957970236116
RCHY1,0.0,1.4986336618467393
POM121,0.0,1.4986292020145302
CEP63,0.0,1.4986091630548537
NFKBIB,0.0,1.498395979005293
ZNF800,0.0,1.4957644321360575
RNMT,0.0,1.4954182049185645
PAPSS1,0.0,1.4944417728259014
ACSF3,0.0,1.4938038679718866
PPIF,0.0,1.4929176266509123
SRPRB,0.0,1.492651510276386
KLHL24,0.0,1.491711333809332
SPTBN1,0.0,1.4914839805629199
APOBEC3B,0.0,1.4909725624122752
CMTM8,0.0,1.4902917874032475
AP5M1,0.0,1.4901743569539905
KPNA2,0.0,1.4894232251575417
ZNF721,0.0,1.4889411499246406
AP003733.1,0.0,1.4888841751266797
C7orf49,0.0,1.4888397302878027
OPN3,0.0,1.4882848451230812
TFDP2,0.0,1.4871906500291119
STAMBP,0.0,1.4866442302808875
PES1,0.0,1.4859215108717998
DPYD,0.0,1.4855562821008026
AIG1,0.0,1.4854444465366607
LAS1L,0.0,1.4854341640257782
SGK1,0.0,1.4853866023870204
HPS4,0.0,1.4853819167198938
ITGAM,0.0,1.4848190936345056
USP11,0.0,1.484728581038562
C19orf48,0.0,1.4846017092714034
BTG3,0.0,1.4834956434810045
ATPAF2,0.0,1.4825424772940206
CDK10,0.0,1.4815761958304923
PRSS23,0.0,1.481433120846988
CNST,0.0,1.4813698924559187
PIGS,0.0,1.480816027634889
SEC23A,0.0,1.480399226131135
RPUSD1,0.0,1.4798329182498255
METAP1,0.0,1.4793232456168206
CASC3,0.0,1.4792331240400445
ASH2L,0.0,1.4790834235932546
MIA3,0.0,1.4788342334627165
JKAMP,0.0,1.4784475197744875
ZNF33A,0.0,1.4782909702356448
CDK9,0.0,1.478129439947227
SNX9,0.0,1.4778970413410741
FTSJ1,0.0,1.4777304425554845
PDE4B,0.0,1.4771120332195253
NEDD9,0.0,1.4762878938312085
RP11-83A24.2,0.0,1.4760872990350202
NDUFAF1,0.0,1.4760282207782243
MAN1B1,0.0,1.4751606153255958
COMTD1,0.0,1.474423890099358
NOLC1,0.0,1.4743188087785588
HDAC5,0.0,1.4738892317141137
LRIF1,0.0,1.4722552762616619
CCDC82,0.0,1.4720020510671554
EXOSC9,0.0,1.471799224444709
NADSYN1,0.0,1.4708840365941693
NBEAL2,0.0,1.4708388560507915
RFWD2,0.0,1.470691029170676
TRAPPC2P1,0.0,1.4700210780282303
NTPCR,0.0,1.4692338653825283
BAK1,0.0,1.4689189014897797
C8orf59,0.0,1.4688902015945247
PNPLA6,0.0,1.4681738337951635
ARCN1,0.0,1.4678910492906674
TSHZ2,0.0,1.466792742157871
DDX42,0.0,1.4649215375704239
UBAP1,0.0,1.463576047710845
NABP1,0.0,1.4633818632396929
UBIAD1,0.0,1.4633815297199873
RANBP3,0.0,1.4629690180559136
NR2C2AP,0.0,1.4629465624815992
PDRG1,0.0,1.4626231420840081
WIPF2,0.0,1.461969602551514
ZC3H7A,0.0,1.4618900277771691
POLK,0.0,1.4617926568604465
THOC3,0.0,1.4598949834563957
GIPC1,0.0,1.45965914854176
METTL18,0.0,1.4595080941154115
PPBP,0.0,1.4593808373637494
NOC4L,0.0,1.4591577104589841
UVRAG,0.0,1.4591123044645529
SLC25A1,0.0,1.4583715347790356
ZNF480,0.0,1.4582014220716542
MGRN1,0.0,1.4576551261808346
APP,0.0,1.4563663237276214
XPO6,0.0,1.4558118801979643
CBL,0.0,1.4546442723223678
AKAP10,0.0,1.4546361640808263
PPP3CB,0.0,1.4545652406687515
MLST8,0.0,1.4545427916409557
RASA2,0.0,1.4538217488645198
ARRB1,0.0,1.4532746651025645
RXRB,0.0,1.4530424854046393
CCAR2,0.0,1.452930017254595
PXK,0.0,1.4528836277923947
HIST1H2AC,0.0,1.4520900040050664
DYNLL2,0.0,1.4516905540043656
SLC12A9,0.0,1.4510506950054018
ALKBH3,0.0,1.4510376232519033
LILRB3,0.0,1.450934869581007
PRADC1,0.0,1.4509205053421894
EHBP1L1,0.0,1.4500374637588413
ADCK3,0.0,1.448946061412176
KPNA1,0.0,1.4479937009299915
TMEM192,0.0,1.4479067201786215
TPPP3,0.0,1.4476241557177576
UBASH3A,0.0,1.4476083243458577
ARHGAP17,0.0,1.4474322353480427
RMDN3,0.0,1.4470777245455146
PHF19,0.0,1.445247951337574
UBE2S,0.0,1.44426551771769
TCERG1,0.0,1.44421114499399
CYHR1,0.0,1.4438416960368468
MKNK1,0.0,1.4429575199491735
HSD17B12,0.0,1.4413380450750688
UBAP2L,0.0,1.4409823732798566
SMNDC1,0.0,1.4406936588908732
RAB34,0.0,1.4405903578126324
S100B,0.0,1.4405220844300226
SACM1L,0.0,1.44023272388445
GALNT11,0.0,1.4391651432847172
RASSF2,0.0,1.4385334633304248
DYNC1I2,0.0,1.4375614031859516
KPNA6,0.0,1.4374560784987798
PAF1,0.0,1.437447173413311
APH1B,0.0,1.437351049416847
KDM2B,0.0,1.4369798054625316
EIF3B,0.0,1.4369395658748125
PMPCA,0.0,1.436102200045197
ZNF224,0.0,1.4360931579559728
SNX4,0.0,1.4360582699848359
JOSD1,0.0,1.4359010841622306
ATXN7L3B,0.0,1.435832746326866
POLM,0.0,1.4354437646214258
UBA5,0.0,1.4354162041674603
PPP2R4,0.0,1.4353034071241848
UNC45A,0.0,1.435104708281368
NIPSNAP1,0.0,1.4315823132565686
IARS2,0.0,1.4315558249831521
UHMK1,0.0,1.4312706326799804
LILRA2,0.0,1.4311225231709293
SIDT1-AS1,0.0,1.430953967336595
PEX19,0.0,1.4308540772174794
SLC39A7,0.0,1.430512146741153
PRRC2A,0.0,1.4303386943856309
PAFAH1B2,0.0,1.429575885669627
SNX27,0.0,1.4286350600783595
APOBR,0.0,1.4279374152101854
BCL2A1,0.0,1.4276129523014731
C8orf33,0.0,1.427423190377023
CASP6,0.0,1.425529090689306
MST4,0.0,1.425224158005988
DMXL1,0.0,1.4249786720129511
UBAC1,0.0,1.4249010175270866
HIAT1,0.0,1.423459866407833
FAM122B,0.0,1.4231230773674495
DDX52,0.0,1.4230239056438236
SLC39A4,0.0,1.4229250365798898
STXBP3,0.0,1.422638229212138
USO1,0.0,1.4221139496619914
TPT1,0.0,1.42190653923633
RPRD1A,0.0,1.4216300992350963
TARSL2,0.0,1.4196113789500253
C10orf118,0.0,1.4194356005202498
HDHD3,0.0,1.4189267136588783
KIAA0922,0.0,1.418500598871206
RPL30,0.0,1.4184544179686827
FBXO21,0.0,1.417893383270436
ZC3H6,0.0,1.417708092961574
DENND4B,0.0,1.4176697351588308
DDB2,0.0,1.4174200222982085
HIPK1,0.0,1.4171748529606196
MRPL39,0.0,1.4159536964663835
RNF220,0.0,1.4159410032666553
NFATC2,0.0,1.415411447163827
RPS6KA4,0.0,1.415335275765971
COG2,0.0,1.4150503747398402
PARP4,0.0,1.413237952643952
HACL1,0.0,1.4119802792354452
KIAA2026,0.0,1.4108463704505303
PNPT1,0.0,1.4102275500544512
DCLRE1C,0.0,1.4102149874272836
RRAS2,0.0,1.4097246662126557
MRPL13,0.0,1.4097211430251009
EXOSC4,0.0,1.4097065816146492
SFXN1,0.0,1.4092988761054868
PPWD1,0.0,1.4090392416434803
FUT7,0.0,1.4090057272358163
MBD1,0.0,1.4086678375453143
FAM3A,0.0,1.4086398316379976
RP11-792A8.4,0.0,1.4084306815096608
RPL18,0.0,1.407825270056883
PIK3R5,0.0,1.4077522545196648
PAXIP1-AS1,0.0,1.4071592260750214
LTB4R,0.0,1.4068720921513846
USP47,0.0,1.4060895599067278
TCTN3,0.0,1.4056738660899317
UBA6,0.0,1.4050645840001057
RAP1GDS1,0.0,1.404620598531097
TCEA3,0.0,1.4044450240549484
PNRC2-1,0.0,1.4040873049499696
RAP2B,0.0,1.4038161506283706
ATF6,0.0,1.4037730244511282
LYPLAL1,0.0,1.4035589821261443
CTD-2521M24.9,0.0,1.4034988161467916
RBM10,0.0,1.4029789132110995
TRIB2,0.0,1.402431565805779
RMDN1,0.0,1.4023526393841905
GTPBP1,0.0,1.4021788401360873
CLN5,0.0,1.401311320394766
SLC43A2,0.0,1.4003923472614386
GOSR1,0.0,1.399817425959054
CACUL1,0.0,1.399601078018121
ISOC1,0.0,1.3987238117235037
ANKLE2,0.0,1.3984977498327047
GPATCH4,0.0,1.3981900656873802
MIAT,0.0,1.3969809074351525
ANAPC10,0.0,1.3964208271123402
EIF3J-AS1,0.0,1.3963009007459708
C12orf45,0.0,1.3956711766609147
HUWE1,0.0,1.3955700074114405
ADTRP,0.0,1.3938757904489905
IWS1,0.0,1.3938369389237866
ZSCAN16-AS1,0.0,1.3935809214776638
CBLL1,0.0,1.3929687584297843
CHFR,0.0,1.3929646125464772
USP39,0.0,1.3928156129616533
PPP6R3,0.0,1.3926692939752536
IDNK,0.0,1.390349354484505
DDX19A,0.0,1.3901627232156575
UBLCP1,0.0,1.3900741818316855
MRS2,0.0,1.389824698708812
BZRAP1-AS1,0.0,1.3891992603718755
NAA16,0.0,1.389130427744273
ZFYVE21,0.0,1.3888646570163425
C6orf211,0.0,1.388377347398852
IFI27,0.0,1.3879275440353027
AKAP8L,0.0,1.3876484256570887
MR1,0.0,1.3875121235988577
FCRL6,0.0,1.3873200002753387
SEC23B,0.0,1.3872723726450908
FUCA2,0.0,1.3865482868777679
THAP2,0.0,1.386281223962493
RGL2,0.0,1.3862363359903047
FAS,0.0,1.3861752574518789
GCDH,0.0,1.3861381262331414
HCCS,0.0,1.3855550559422496
DNAJC30,0.0,1.3855100922552308
TAF6,0.0,1.385500505820537
ZNF263,0.0,1.3847888578247511
SETDB2,0.0,1.3847355032175832
CTC-524C5.2,0.0,1.3843413628979397
USP5,0.0,1.3840612989802656
EFTUD2,0.0,1.3839997800060446
CPSF7,0.0,1.3836950699041914
LILRA1,0.0,1.3836611965450925
NIN,0.0,1.3836072188955204
UBXN6,0.0,1.3831558524222103
GRIPAP1,0.0,1.383139240214052
GOPC,0.0,1.3830844217312432
NARG2,0.0,1.3829617027425931
MIER1,0.0,1.382467054525024
GTPBP8,0.0,1.3824122029274546
CIRH1A,0.0,1.3822221554236283
FAM120A,0.0,1.3820757371751375
WDR55,0.0,1.3817235671512595
RP11-291B21.2,0.0,1.3815533620174076
KIAA0319L,0.0,1.3810331020603452
AC093323.3,0.0,1.3804956407840232
RP9,0.0,1.380046193963713
PMM1,0.0,1.3800155438214607
UTY,0.0,1.3798409503597546
PGS1,0.0,1.3797403900945584
MORC3,0.0,1.379410872095949
TACO1,0.0,1.3792065090615633
PHACTR4,0.0,1.3789213039779034
USP36,0.0,1.3786312308404411
RENBP,0.0,1.3786202263630838
FARSB,0.0,1.3784138403367887
SPG11,0.0,1.3782196930762227
VPS16,0.0,1.3779715531975911
HIBCH,0.0,1.3778133280914115
HECA,0.0,1.377353149083212
LSR,0.0,1.3769793208202674
INIP,0.0,1.3769590021384635
CRIPT,0.0,1.3769339924442836
C19orf52,0.0,1.3767778037799696
ITPKB,0.0,1.375936795970061
UBE2E2,0.0,1.3757728667632365
TMEM218,0.0,1.3747853057017019
SMAD3,0.0,1.3740523043643196
COPS7B,0.0,1.3739041291829295
STAG2,0.0,1.3736324905258275
IPCEF1,0.0,1.3721078815060905
WBP4,0.0,1.371794503246432
VAPB,0.0,1.3717592124131468
ATXN7,0.0,1.371564336593344
RPL10A,0.0,1.3715328375893991
HIBADH,0.0,1.3697805000188141
STK24,0.0,1.3697766700247698
NIFK-AS1,0.0,1.3697332556073574
RARA,0.0,1.3695640567745209
PCBP1-AS1,0.0,1.3691226921731645
CRK,0.0,1.3682852685613875
EIF1,0.0,1.3676160013004142
FAM134B,0.0,1.367416317957581
FAF1,0.0,1.3666294315713878
REV1,0.0,1.3661809861845957
USP22,0.0,1.36613395096102
KLF10,0.0,1.3645434687158784
HOXB2,0.0,1.3643543667791205
SNRNP48,0.0,1.3638961071299192
ZNF638,0.0,1.3628938760828047
GPR56,0.0,1.3627317659680793
SH2D3C,0.0,1.3622295630685906
FAM211A,0.0,1.3619273668206096
RPL35A,0.0,1.3609243366314288
MUS81,0.0,1.3600281546432436
TRAF7,0.0,1.3593457949220327
MAP3K3,0.0,1.3584611878489266
CDKN1C,0.0,1.3581145956069158
NELFA,0.0,1.3567567994016563
PEX11B,0.0,1.356497238124001
THUMPD3,0.0,1.356324368983414
RMND5B,0.0,1.355431034987782
CD19,0.0,1.355343733843033
LINC00847,0.0,1.3553021635292728
CPSF4,0.0,1.3552288392620684
SNAP47,0.0,1.3547548543114507
PTCD3,0.0,1.354711221176842
VNN2,0.0,1.3545788887171117
RFK,0.0,1.354234943551053
RPA3-AS1,0.0,1.3539260540883387
DIDO1,0.0,1.3532321065578072
RPS6KA3,0.0,1.3518644769609662
PHKB,0.0,1.3512110974505842
LIAS,0.0,1.350902069363845
MAP3K13,0.0,1.3493422581289465
PYGL,0.0,1.3489853085157677
NISCH,0.0,1.3489343559114106
CBLB,0.0,1.348683509391626
KIAA0125,0.0,1.3482005967075688
DLST,0.0,1.3481262164027266
ADRB2,0.0,1.3480749564585777
PNOC,0.0,1.347869394338686
TARBP1,0.0,1.3478276607607764
LMBR1L,0.0,1.3464877408323925
OSM,0.0,1.3460216307012507
ZBED1,0.0,1.3453057087048954
FAU,0.0,1.345149588191865
KNOP1,0.0,1.3447615239877901
MNAT1,0.0,1.344702062313057
CCDC88B,0.0,1.3443011918490382
RP11-35G9.3,0.0,1.3440813533870994
NDRG1,0.0,1.3430910175990824
RPS17L,0.0,1.3418879166241209
CTR9,0.0,1.340805249542459
KDM4C,0.0,1.340733800289659
RPRD2,0.0,1.3405588069214298
B4GALT1,0.0,1.3401036509121018
NFIC,0.0,1.339856622302054
LINC00324,0.0,1.3398083811512618
ATG10,0.0,1.338518778049436
LPP,0.0,1.338204632189774
KCTD20,0.0,1.337680649836332
P4HTM,0.0,1.3374886217209994
SYMPK,0.0,1.3367753946950531
SCAMP4,0.0,1.3366056404647646
ZFAND2A,0.0,1.3364243996078404
AKIP1,0.0,1.3346711385548622
BOLA1,0.0,1.3342610509486357
ZSCAN18,0.0,1.3342484426296113
CENPT,0.0,1.3335925262305033
SNX29P2,0.0,1.3332505545358988
BAZ1B,0.0,1.3315011280072113
AKAP7,0.0,1.3313305694884534
SFR1,0.0,1.3309732904420695
PIGF,0.0,1.3306385682234467
DHRS12,0.0,1.3305207782592692
BCL10,0.0,1.3304341298605011
LHPP,0.0,1.3285454692116097
EIF2B2,0.0,1.3283886087691552
SMG1,0.0,1.3282732412542808
EGR1,0.0,1.3281323973978925
SLC40A1,0.0,1.3280583100050398
DENND6B,0.0,1.3271040711591735
CLASRP,0.0,1.3265560568909989
ABCD4,0.0,1.3262814543198997
CMIP,0.0,1.326021597402933
INTS12,0.0,1.3257793277800913
ZFR,0.0,1.3252286456024256
CKS2,0.0,1.3247424235105185
COG4,0.0,1.3246901458800853
GADD45A,0.0,1.3244087720601012
C8orf76,0.0,1.324163574917191
VPS33A,0.0,1.3239174391604052
FRMD8,0.0,1.3237477547074952
RAD51C,0.0,1.3237152382482467
USP34,0.0,1.323466877342568
PRKACA,0.0,1.3232744757249884
GATAD2B,0.0,1.3226772004547886
DTX3L,0.0,1.3223479425196423
RNF41,0.0,1.3220096631020866
TYK2,0.0,1.3217273181230305
GSKIP,0.0,1.3208128693658587
RPS15A,0.0,1.3199271933788252
CLEC12A,0.0,1.318599259524831
TOP2B,0.0,1.3183422023454903
IFIT5,0.0,1.3176948010664973
HADH,0.0,1.3167410718645598
SNAPC2,0.0,1.3163436608381462
COQ9,0.0,1.315985723550142
ZC3H8,0.0,1.3159628547878424
SCLT1,0.0,1.315419815600253
TMEM19,0.0,1.314799378609163
C14orf142,0.0,1.314789744076152
GAS7,0.0,1.3144424558365404
NFX1,0.0,1.3141201276630465
RBM26,0.0,1.3140412187735901
SEL1L3,0.0,1.3140259357390638
QRICH1,0.0,1.313661974764857
PTRH1,0.0,1.313562825121549
RP11-611E13.2,0.0,1.312709651774938
MAGT1,0.0,1.3117402428234517
HIRIP3,0.0,1.3117330799511049
ATG13,0.0,1.3106861109760886
SMARCD1,0.0,1.3105788967395393
REEP4,0.0,1.3103086108686675
ATHL1,0.0,1.3102817830079065
MAPK3,0.0,1.3098882233577491
MARCO,0.0,1.3094396606049088
MIS12,0.0,1.3084488783177286
RPS16,0.0,1.3084381179336966
NUMA1,0.0,1.3083704604556992
ST6GALNAC6,0.0,1.307091143072079
TBC1D4,0.0,1.3067698024810204
SAMD9,0.0,1.3064665095470516
KIAA0930,0.0,1.3061189206981314
WDR43,0.0,1.3050513435340356
RRP8,0.0,1.3048007431329751
CLEC11A,0.0,1.3047959342454543
YKT6,0.0,1.3046852731144396
ANKRA2,0.0,1.3037975972363787
VEZF1,0.0,1.3037117257836073
GART,0.0,1.3029606489255035
GNB5,0.0,1.302832908856922
FUCA1,0.0,1.302805569051092
VCL,0.0,1.3028054190476779
STAT5B,0.0,1.3028016210330757
DIABLO,0.0,1.30276210475366
MEPCE,0.0,1.3019748703672644
MRPS27,0.0,1.3015715950025797
SAYSD1,0.0,1.3008574907294552
TMEM127,0.0,1.3005712923819923
HRAS,0.0,1.3000520479312963
ASB1,0.0,1.2996984455648497
VPS37A,0.0,1.2996150188631843
TGS1,0.0,1.2994197308190727
ULK3,0.0,1.2993911693694098
TRIM11,0.0,1.2987178617662563
RNF8,0.0,1.2978900000075302
UBE2Z,0.0,1.297837972370718
PGM1,0.0,1.2976761744053606
AP5Z1,0.0,1.2968422454132542
ZBTB24,0.0,1.2963631843918584
GNA13,0.0,1.2959521959069946
SLC30A5,0.0,1.2958443710720253
MINA,0.0,1.295515418050376
SLC39A8,0.0,1.295209937071145
SLC25A36,0.0,1.2951671691691724
XRCC1,0.0,1.2946634733284215
IP6K1,0.0,1.2946362865676124
SPRTN,0.0,1.2936775243861756
TYSND1,0.0,1.2931811430300133
METTL3,0.0,1.2928070807818253
FTSJ3,0.0,1.29248699653115
BMS1,0.0,1.2899181456366975
C5orf24,0.0,1.2897798898034518
RP11-1398P2.1,0.0,1.289743527605747
RP4-758J18.2,0.0,1.288970764758808
NFATC1,0.0,1.2883052024154507
EXOSC6,0.0,1.2882771934262267
SLC25A46,0.0,1.2881991852272838
MRPL38,0.0,1.288085791914029
NBN,0.0,1.2871147156954819
AHCYL1,0.0,1.2855419559232604
SNX11,0.0,1.2852959904853936
EMR2,0.0,1.2847816802336407
GMPPA,0.0,1.2845683571497915
FPGS,0.0,1.28421880711206
GCSAM,0.0,1.2841987958905638
SETD2,0.0,1.2838983723412902
XCL1,0.0,1.2838825843063049
CDCA7L,0.0,1.2837459201641042
PDE3B,0.0,1.2834893521548545
C3orf17,0.0,1.2833293402588775
MSL1,0.0,1.2825402478661165
SLC30A7,0.0,1.2818465742974803
PARP11,0.0,1.2816816867058005
RPL29,0.0,1.281636933017403
ARID2,0.0,1.2812971686089034
SMUG1,0.0,1.2810887789414136
BBIP1,0.0,1.2802795415940713
TRMT13,0.0,1.2800505209098185
CYSLTR1,0.0,1.2798689809545865
BNIP3,0.0,1.2793302564828315
CPNE1,0.0,1.278954902357579
KIAA0226,0.0,1.2778461326268382
MAP4K2,0.0,1.277191141410916
FAM120B,0.0,1.2771169267270877
FABP5,0.0,1.276893017634257
RIOK1,0.0,1.2763727422403677
PTPN22,0.0,1.2759537836743466
MCEE,0.0,1.2748191379001925
QSOX1,0.0,1.274740677058023
KIAA1191,0.0,1.2742675988296832
MOCS2,0.0,1.2736927922916943
CEP164,0.0,1.2729211823304776
IARS,0.0,1.272533936260684
SLC25A33,0.0,1.2719403246247274
EPS15L1,0.0,1.2719347006377646
ERAP2,0.0,1.2716309494782434
TRIM44,0.0,1.2715244071514702
EXOSC10,0.0,1.2714610040150702
OGG1,0.0,1.2714397743069277
TSC2,0.0,1.2706166599539426
NCOA1,0.0,1.2705776454787603
AFTPH,0.0,1.2702753033501923
CD244,0.0,1.2701582860407614
BTBD1,0.0,1.2698150622730298
CTNNA1,0.0,1.2689502040181688
OXCT1,0.0,1.2688664378630694
NFKBIL1,0.0,1.2687353463907634
LPCAT3,0.0,1.2672930393522979
CHERP,0.0,1.2666227311554765
TOPORS,0.0,1.266078898938112
CERS5,0.0,1.2657245024033836
AP3M2,0.0,1.2657136685646861
SIRPB1,0.0,1.2655372276484966
PHF12,0.0,1.2653870238599796
RPF2,0.0,1.2651051139959533
ANKRD54,0.0,1.2646320162407907
UAP1,0.0,1.2645800778734195
SGTA,0.0,1.2635980905256528
LARP4B,0.0,1.2635700586101901
XPOT,0.0,1.262978883124902
PIEZO1,0.0,1.2619915530125385
ATP13A1,0.0,1.2619847252025902
COL4A3BP,0.0,1.2618998886336754
TMEM41B,0.0,1.2618965433499292
PPIL4,0.0,1.2617670798198604
DNAJC10,0.0,1.2613987180543236
FGD2,0.0,1.260398417764271
CSTF3,0.0,1.260245510127703
C9orf85,0.0,1.2602052309859664
C2orf68,0.0,1.2599928220401662
TMEM129,0.0,1.2596624300499941
PLEKHB1,0.0,1.2593249630259966
ZC3H14,0.0,1.259206795578074
NPAT,0.0,1.2589511564153046
INSIG2,0.0,1.2587111010648468
RFTN1,0.0,1.2585995720580563
BCL2L12,0.0,1.258531569878176
DNAJC3,0.0,1.2576014527369432
PCSK1N,0.0,1.2575725595531098
PPCDC,0.0,1.257344435144234
CUL3,0.0,1.256610568095126
SOAT1,0.0,1.2563572286579228
VRK2,0.0,1.2563278396716335
SUGP1,0.0,1.256146454196676
GFM1,0.0,1.2557573185464703
CATSPER1,0.0,1.255691676111907
ADAM28,0.0,1.255318483772845
RABEP1,0.0,1.2551305628049247
ACLY,0.0,1.2547925938103575
SUGP2,0.0,1.2545658105330906
ECE1,0.0,1.254505381862827
WRAP73,0.0,1.253527927196626
EHMT1,0.0,1.253107970862099
COPS7A,0.0,1.2530118950861941
JARID2,0.0,1.252715617247512
ZNF267,0.0,1.2527111519622478
IRS2,0.0,1.25264252661611
EIF2B3,0.0,1.2523830824617321
HGS,0.0,1.251953311882106
MBIP,0.0,1.2516408139377124
C9orf114,0.0,1.2515025678776701
KPNA4,0.0,1.2514113607515587
CSTF2T,0.0,1.251315993925612
KANSL2,0.0,1.250979002773786
CENPK,0.0,1.2506023678377052
PDPK1,0.0,1.2489100967745164
YARS2,0.0,1.2486352936434009
JAK3,0.0,1.248365874282387
AAGAB,0.0,1.2481495579764725
RRP9,0.0,1.2481383640991797
AAAS,0.0,1.2473958891116375
IFT43,0.0,1.2473548040675553
RNF146,0.0,1.2471364860519487
APTX,0.0,1.2469906790330776
P2RX4,0.0,1.2468829900858904
RCOR3,0.0,1.2466934208377727
ARL8B,0.0,1.2465014464526611
NUP50,0.0,1.2464282419655297
IMMP2L,0.0,1.2454423188557533
C1orf21,0.0,1.2452097557482138
SEMA4A,0.0,1.2447112256271096
CES2,0.0,1.2447004552057652
FBXO22,0.0,1.2443582570419272
HCFC1,0.0,1.244353642894974
TNIK,0.0,1.2441893525508638
POR,0.0,1.2440451179900884
FAM111A,0.0,1.243936831835098
PIBF1,0.0,1.243871962958485
TTC5,0.0,1.2435663819538993
B3GALT4,0.0,1.2435331011508632
SNORD3B-1,0.0,1.2428710831053726
COQ2,0.0,1.2425439927236872
CCDC130,0.0,1.2423061716670722
ENDOV,0.0,1.2421020067961959
CTSO,0.0,1.2418071620445155
ABR,0.0,1.2415120680699863
HSD17B7,0.0,1.2413737124486663
RP11-277L2.3,0.0,1.2407768671161437
KAT7,0.0,1.2406663674564393
PLXNB2,0.0,1.239918336202543
ARV1,0.0,1.2397743361771854
SULF2,0.0,1.2393429503847446
CAMKK2,0.0,1.2391286636242458
WDR70,0.0,1.238440371616789
DNAJC17,0.0,1.2371189180930842
STX17,0.0,1.236789300736279
MTG2,0.0,1.2366594300213862
KIAA0141,0.0,1.2366119523823094
SH2B3,0.0,1.2360939358467984
CDK5RAP1,0.0,1.235572651418616
QKI,0.0,1.2340614277327246
RAB28,0.0,1.2338291444790999
TNFRSF18,0.0,1.233635554743049
SLC27A3,0.0,1.2335241801627126
LTBP3,0.0,1.2333550750735245
GMFB,0.0,1.2314436626130167
TTC9C,0.0,1.2298715604647024
RALGPS2,0.0,1.2296819711807585
LINC00877,0.0,1.229054167026757
CHRNB1,0.0,1.2284990951351884
RP11-752G15.6,0.0,1.2284743831200462
RP11-143J12.2,0.0,1.228465894031743
RB1CC1,0.0,1.228460937425723
NRGN,0.0,1.2276295934620824
TFAM,0.0,1.2269595747887219
PTTG1,0.0,1.226110942565526
RGS18,0.0,1.2256903917020643
SRPK1,0.0,1.2252469007432418
TANGO2,0.0,1.2252067763786725
SLMAP,0.0,1.2245923653237738
PPIL1,0.0,1.2242419608289639
ACTR6,0.0,1.2241453700813514
LRPPRC,0.0,1.2238555646646936
TATDN3,0.0,1.2237687152534327
CCNY,0.0,1.2234170554053216
TMEM175,0.0,1.223253346412732
PSEN1,0.0,1.222733127979249
RRP1,0.0,1.222701653145506
KLHL20,0.0,1.221945196595445
ACSL5,0.0,1.221884018630924
TBCD,0.0,1.2211082054676528
AGPAT6,0.0,1.2200796506490896
TRIM26,0.0,1.2200351575448598
ZNF467,0.0,1.2195976070662364
RPS8,0.0,1.2193632330883193
ZNF639,0.0,1.219325705856079
MDP1,0.0,1.2189252693788388
POLR3H,0.0,1.2187359657795749
STYX,0.0,1.217010911966171
LAG3,0.0,1.2159756163612105
TBC1D14,0.0,1.2156513135345604
GLI4,0.0,1.2151962928345972
VPS13A,0.0,1.214928569404906
DXO,0.0,1.214621791386958
MICU1,0.0,1.2141418004565938
RAB35,0.0,1.214055919621272
NTHL1,0.0,1.2139526276535597
GSK3B,0.0,1.2136954169401106
EEFSEC,0.0,1.2133947998585808
EXOC2,0.0,1.212983844871836
STIM1,0.0,1.2127643583185361
ARHGAP24,0.0,1.2119391737349796
RPL14,0.0,1.211930411539453
RPAP3,0.0,1.211901366407259
RSPRY1,0.0,1.211683240859545
WDR41,0.0,1.2113611959374115
POGZ,0.0,1.2113242096687564
UBALD1,0.0,1.2112771793987758
ITPK1,0.0,1.2112769132609178
DYNC1LI2,0.0,1.2107701435313531
NDRG3,0.0,1.2105684590203152
AKAP8,0.0,1.2098390834624662
APBB1,0.0,1.2096934549737108
SYNJ2BP,0.0,1.2095612468824568
GATAD2A,0.0,1.2095339891071752
SMAGP,0.0,1.209469524496788
MPI,0.0,1.2093997000419399
NMRAL1,0.0,1.2092223017578965
MPHOSPH9,0.0,1.2091997355597455
SUV420H1,0.0,1.2091659834859985
CD160,0.0,1.2086285927978813
NOL8,0.0,1.2079980453700598
NNT,0.0,1.2073947123653812
CALU,0.0,1.207200140833414
KRBOX4,0.0,1.2070133065395383
TAMM41,0.0,1.2065759210968894
EHMT2,0.0,1.2064512342114198
HERC6,0.0,1.2058840703695177
NSUN2,0.0,1.2056603664679273
RBFA,0.0,1.2044003885470709
FBRS,0.0,1.2042358891801241
SUDS3,0.0,1.2041120369396092
FUNDC1,0.0,1.2033998341188539
KHNYN,0.0,1.202140601732349
ZNF83,0.0,1.2020619604871494
ZNF766,0.0,1.201822029215246
MXD4,0.0,1.2015705477923098
TM9SF4,0.0,1.2007028036243559
DHRS7B,0.0,1.200535878535191
MGST2,0.0,1.200457871208555
DLG1,0.0,1.200341707570004
FAM172A,0.0,1.2003005156736128
MTO1,0.0,1.2000901872995529
STRADB,0.0,1.1999593755044926
DCAF10,0.0,1.1996933012985609
CDC14A,0.0,1.1995345176558452
FBXL12,0.0,1.1994101819684733
IFIH1,0.0,1.1991141849213327
CIZ1,0.0,1.1984311700559898
PCGF1,0.0,1.1982184845035246
RNF214,0.0,1.1978956883677667
LAMTOR3,0.0,1.1977914579848827
CAPN12,0.0,1.1976372617752808
SYNGR1,0.0,1.19713336359331
LYRM7,0.0,1.1970427568935376
SPATC1L,0.0,1.1967755248608247
NPL,0.0,1.196533395824889
KIDINS220,0.0,1.1965151413415291
FHL1,0.0,1.196483197515267
DOCK11,0.0,1.1963206802690394
PREP,0.0,1.1961299294367724
CD9,0.0,1.1954928651665286
HEXIM1,0.0,1.1930759009156189
DIS3L2,0.0,1.192770030843718
POLR3C,0.0,1.1926084284317244
ERCC5,0.0,1.192292578248409
CHST2,0.0,1.1922254731828885
NT5C2,0.0,1.1919245812564716
TBC1D20,0.0,1.191215162630508
PKN2,0.0,1.1910659899370788
PPM1F,0.0,1.1907953955199293
SLC25A37,0.0,1.190668276532612
KCNA3,0.0,1.1903032213790126
TM9SF3,0.0,1.1894681240006753
RP11-589C21.6,0.0,1.1891958012757566
CENPC,0.0,1.1889410470959294
MAST3,0.0,1.188775899498401
RNASEH2A,0.0,1.1886406693229805
NUS1,0.0,1.1883945992609808
STRBP,0.0,1.1881598898656218
COLGALT1,0.0,1.1880249543937111
RNF2,0.0,1.1879546012142566
SIPA1L1,0.0,1.1878676719860217
SNORD3D,0.0,1.1878188202578288
CLIP1,0.0,1.187213726032798
TRAF3,0.0,1.186894762818656
PDLIM7,0.0,1.186778285501593
NFAT5,0.0,1.186621029137871
IRF5,0.0,1.1863507241550864
UCK1,0.0,1.186343345230739
TRIM21,0.0,1.1860424438504908
PHYH,0.0,1.1853434753762981
CALCOCO1,0.0,1.1853024214584658
ESYT2,0.0,1.1851154089780407
GEMIN6,0.0,1.1850229929375669
LRP1,0.0,1.184800545326434
ZFC3H1,0.0,1.1846206952515463
ABCF2,0.0,1.184273756414656
ICOS,0.0,1.1841876196763703
TP53,0.0,1.1840601806594337
TXNRD2,0.0,1.1835525225554513
CTC-228N24.3,0.0,1.1834696124473847
RAB3GAP1,0.0,1.1834673338057866
RNMTL1,0.0,1.1832279166895927
TBC1D15,0.0,1.183183869139393
CD38,0.0,1.1824390905651427
ASCC3,0.0,1.1823380769556346
PTPLAD1,0.0,1.1818428997673682
GRAP,0.0,1.181478307678552
ST8SIA4,0.0,1.181045937773859
IER3,0.0,1.1809984219129421
HSD17B4,0.0,1.1806168714228353
GPATCH2L,0.0,1.1804206415086849
KATNA1,0.0,1.180305992188427
FAM103A1,0.0,1.1802439621778533
MSI2,0.0,1.1798267148770167
STIM2,0.0,1.1797404506266136
ATP11B,0.0,1.1791146421527738
SEC24B,0.0,1.1790143221678615
IFFO1,0.0,1.178871133568096
FAM126B,0.0,1.1782945465924362
MFAP1,0.0,1.1782467467346884
DICER1,0.0,1.1779790266728467
CCDC137,0.0,1.1775509376462836
TRIM56,0.0,1.1775171640172837
FBXO4,0.0,1.1769644746498193
TRIM52-AS1,0.0,1.1764410176258462
ZBTB7B,0.0,1.175979591786009
RIT1,0.0,1.1757929517423713
RABEPK,0.0,1.1750835269413036
CTC-241F20.3,0.0,1.1745593419014828
TBC1D5,0.0,1.1743928526878098
DPH7,0.0,1.174328946257723
GLS,0.0,1.174291001771876
GSS,0.0,1.1741298262718483
ECD,0.0,1.1740203472994384
TRIM25,0.0,1.1739871090781528
BET1L,0.0,1.1739163668023316
SIN3A,0.0,1.1726046122146032
RPS9,0.0,1.1723841659122332
TRMT61B,0.0,1.1723001020140935
EIF4G1,0.0,1.171649942389917
TBK1,0.0,1.1713976930006995
S1PR1,0.0,1.1713470919256663
HERC3,0.0,1.1711026144852696
HAPLN3,0.0,1.1709260200878526
RPL8,0.0,1.1703282412855387
RABL2B,0.0,1.170039911842993
PUM1,0.0,1.1692350637039626
DPP3,0.0,1.1690155498126815
POLG,0.0,1.1689263955489642
BAZ2B,0.0,1.1686283336817351
MRPL35,0.0,1.168549785304461
ANKFY1,0.0,1.1675809306241693
AGPAT1,0.0,1.167077445415094
VHL,0.0,1.1670391350843408
MGME1,0.0,1.1668795513735106
GRWD1,0.0,1.1668032280411973
RP11-727F15.9,0.0,1.166291605805024
ATXN1,0.0,1.1662145089166687
HIST2H2BE,0.0,1.1658422919924605
TSPAN4,0.0,1.1655855390648466
HERC5,0.0,1.1650861865866724
ASL,0.0,1.1649009705701896
XPNPEP3,0.0,1.1647592117278136
FOXJ3,0.0,1.1646035356369726
ZNF384,0.0,1.1645777691949488
CLN8,0.0,1.164499174349334
C12orf79,0.0,1.1641744457640013
PPP1R21,0.0,1.1638724100329507
MLKL,0.0,1.1633894195764873
CA5B,0.0,1.1625975758290426
HIPK3,0.0,1.162523355309441
LACTB2,0.0,1.1624630737772024
STK40,0.0,1.162344795327586
FOSL2,0.0,1.162057417171352
FAM217B,0.0,1.161937553562838
TMEM38B,0.0,1.1619308699039466
MLLT11,0.0,1.1617901603054301
GCFC2,0.0,1.16132226170115
NUP98,0.0,1.1609518245665325
RNF168,0.0,1.1608129000231542
FAM219B,0.0,1.1608090836422023
SIL1,0.0,1.1607894529959353
ABHD12,0.0,1.1606500139294287
RP11-66N24.4,0.0,1.1606448813631214
SUPT7L,0.0,1.1605828795203252
VAMP4,0.0,1.1599071981952105
CLEC4A,0.0,1.1591200518115874
PDCL,0.0,1.1589296640984021
ARMC6,0.0,1.1588173330855884
PNMA1,0.0,1.158649339188693
GTF3C5,0.0,1.1583069129022125
DBF4,0.0,1.158244398889703
ATP2B4,0.0,1.1578187244635603
TRMU,0.0,1.1577916300423272
LRRC8D,0.0,1.157631273549895
GLMN,0.0,1.157478487805011
TP53I13,0.0,1.1570593205896311
ARNTL,0.0,1.1570167040952277
GOT2,0.0,1.157014681445254
CCDC97,0.0,1.156683918178814
AGTPBP1,0.0,1.1563835190892515
MAML1,0.0,1.1563483341550331
AC093673.5,0.0,1.156183293627008
CDKL3,0.0,1.1561423854542288
SLAMF1,0.0,1.1554448158688386
PPP1R9B,0.0,1.1547494862463092
CCDC112,0.0,1.154472449654935
RASGRP1,0.0,1.1537717510886418
GALK2,0.0,1.1537073054117568
GBP3,0.0,1.1536313621916894
DUSP5,0.0,1.1535514653645416
METTL7A,0.0,1.1534181330117363
CTD-2037K23.2,0.0,1.1528584319462905
MKLN1,0.0,1.1523838781289841
HNRNPLL,0.0,1.1522571042449132
KCTD5,0.0,1.1520788372391626
THAP4,0.0,1.1515185505175753
HELQ,0.0,1.1509738196055197
CITED4,0.0,1.1507922044541548
SERTAD2,0.0,1.1507380051031901
AMDHD2,0.0,1.1502124067580883
HSPH1,0.0,1.1500778290859581
C12orf29,0.0,1.1496828179510592
PPP6R2,0.0,1.1495885103717343
RGS3,0.0,1.1480364823082065
BNIP1,0.0,1.1480159751059824
ANKRD17,0.0,1.146907094602029
DHX58,0.0,1.146680393404017
DDX60L,0.0,1.1466756290438596
PARP15,0.0,1.1464137150606692
SMC5,0.0,1.1461093343828253
TMEM91,0.0,1.1456588385249966
ZNF720,0.0,1.1449000583975617
EXOC5,0.0,1.144861267448845
TTC7A,0.0,1.1441423466230738
RNF19A,0.0,1.1440435989896
TRMT10B,0.0,1.1440418385766926
KRI1,0.0,1.144007580744203
THG1L,0.0,1.1437367447963411
CBFA2T2,0.0,1.1435499608913984
SCAPER,0.0,1.14340418241094
ZNF143,0.0,1.1424831171858103
DNAJC21,0.0,1.141660431068623
GNPDA1,0.0,1.1414029093641505
ATG4C,0.0,1.141211963847542
DUSP28,0.0,1.140977886582286
TDP1,0.0,1.1409062380328494
WBP1L,0.0,1.1406673406873704
CHP1,0.0,1.1400146038707408
YIPF1,0.0,1.139735816442766
HAUS3,0.0,1.1386372129497344
NME6,0.0,1.1386334040039694
FAM63B,0.0,1.138151834718252
MAP3K7,0.0,1.1378673259176055
SNRPN,0.0,1.137747039834922
ELAC2,0.0,1.1372377132840752
ELK3,0.0,1.1372178245479019
RAP2C,0.0,1.1369035457057115
WDR37,0.0,1.1366238809968046
SEPT11,0.0,1.1364194381354584
ATG4D,0.0,1.1362933153673733
NOP16,0.0,1.1359118839399598
SYTL3,0.0,1.1354809189779587
C12orf23,0.0,1.1351844175136794
TRIM33,0.0,1.1346005326637651
TFEB,0.0,1.1343016845504104
SMC1A,0.0,1.1339224001652424
TMEM9,0.0,1.1336985541719586
KBTBD4,0.0,1.1336218497746724
HCG18,0.0,1.1330463090973444
MKL1,0.0,1.1317561625391621
DPP8,0.0,1.1316946047435361
NPDC1,0.0,1.1309931741727004
KTI12,0.0,1.1296535535717673
INTS6,0.0,1.129621083181468
TMEM156,0.0,1.1293495771832294
PHF21A,0.0,1.1289113600182525
FRYL,0.0,1.128861989589563
SFT2D2,0.0,1.128710709205181
RCC2,0.0,1.1282559410801272
CSGALNACT2,0.0,1.1280525525864213
TMEM140,0.0,1.1274857693762472
IGJ,0.0,1.1272914644478627
EIF2B4,0.0,1.1271239407708127
TCEAL1,0.0,1.1268136414885745
PCNX,0.0,1.1265113771498894
ZNF672,0.0,1.1262326151269975
HSPBAP1,0.0,1.1250442773489313
CRTC2,0.0,1.1250207180404126
PPP5C,0.0,1.1249360365687087
SMARCA2,0.0,1.1247869231680954
FCHO1,0.0,1.1245080425643768
C17orf85,0.0,1.1241008171808862
UBXN2A,0.0,1.12211357323238
TIMM23,0.0,1.1218534581025958
STAU2,0.0,1.121030121122432
USP7,0.0,1.1209632803962748
POLR3D,0.0,1.1203117680262904
IPO5,0.0,1.1195229500249633
AFG3L2,0.0,1.119447552380643
DDX58,0.0,1.1193588398666612
ATXN2,0.0,1.118919803966578
MEF2A,0.0,1.1181584184657547
ELMOD3,0.0,1.1172996590723356
WWP2,0.0,1.117201636295482
PGPEP1,0.0,1.1170997316313285
MS4A4A,0.0,1.1169937800600516
ZNF652,0.0,1.1164965663532447
COQ6,0.0,1.116134371597793
CTD-2228K2.5,0.0,1.1160208957917894
FBXO44,0.0,1.1156989415213374
ACTB,0.0,1.115681191200643
CDC16,0.0,1.1152484977064978
ANTXR2,0.0,1.1151181921818292
KLHL28,0.0,1.1145693108907675
VEZT,0.0,1.1145048861526514
NFKBID,0.0,1.114312200237897
DENND3,0.0,1.1138818285184109
CAMK2D,0.0,1.1131693521865258
PEX3,0.0,1.112980536565115
MTFMT,0.0,1.1126595109053852
HMGN4,0.0,1.1126446723875352
PRKAG2-AS1,0.0,1.1126076125481814
MSL2,0.0,1.1120041821935582
PISD,0.0,1.111934418955814
SUN1,0.0,1.1118128836713295
HSBP1L1,0.0,1.1115428515170842
CMTR2,0.0,1.1114196315790152
KIAA0430,0.0,1.111337563060478
SLC7A6OS,0.0,1.1106781159636356
ALKBH2,0.0,1.1088229231119562
HBS1L,0.0,1.108603402684579
PDK2,0.0,1.1084415464518695
GAPVD1,0.0,1.1079245451295363
WDR20,0.0,1.107883079995544
DCAF6,0.0,1.1078551076153762
ESF1,0.0,1.1077396371488777
ELAC1,0.0,1.1067037186958466
CLTC,0.0,1.1066947282206643
IMPA2,0.0,1.1065236300790293
CKAP4,0.0,1.1062403092001558
PLEKHA2,0.0,1.1051588937051398
RAD1,0.0,1.1051511708276562
PCYT2,0.0,1.1049767707726246
KCNQ1OT1,0.0,1.1046445470668587
PPIL3,0.0,1.104447929780523
PPP1R3E,0.0,1.1043923557883641
SSBP3,0.0,1.1038087727209043
LCOR,0.0,1.1028973430813536
FAM71D,0.0,1.102872314393137
IVD,0.0,1.1027712229350246
SNX18,0.0,1.102650400505203
TRAPPC6B,0.0,1.102646581035071
TRMT6,0.0,1.1025347744017673
SNX22,0.0,1.1022974303624355
AP3M1,0.0,1.1020806280324185
RRBP1,0.0,1.1020582719755097
VGLL4,0.0,1.101423860063941
SLCO3A1,0.0,1.1011478379703794
TFRC,0.0,1.1010802311395036
LINC00402,0.0,1.10058459199851
USP9X,0.0,1.1004744710545469
SLC25A20,0.0,1.1000893118276311
NPRL3,0.0,1.0998831758817413
ATP6V1C1,0.0,1.0995472939627167
RPAP2,0.0,1.0994272344300922
SORBS3,0.0,1.0992880013140147
CSF2RA,0.0,1.0990993441638384
PPIL2,0.0,1.0989591571725599
FCGR2B,0.0,1.0984808343211134
RP4-728D4.2,0.0,1.0980974736972617
H2AFX,0.0,1.0980626548409815
SH2D3A,0.0,1.097948056689582
RAB3D,0.0,1.0978834521665588
LRRC58,0.0,1.097442904899254
ST3GAL2,0.0,1.096983460993432
KAT6B,0.0,1.0967374400114251
MZB1,0.0,1.0961931259485924
CDK17,0.0,1.0958766408638438
ABHD2,0.0,1.0952836101141974
TTC32,0.0,1.0950593576744296
TCTA,0.0,1.0948620834795846
MCM7,0.0,1.0946460017157136
KCNK6,0.0,1.0937710228468667
CD180,0.0,1.0926357324359737
COIL,0.0,1.0924596888004463
NRG1,0.0,1.091929088668337
GMEB1,0.0,1.0912666712266863
ADAP2,0.0,1.0907017285320744
RP11-290D2.6,0.0,1.0903390298278737
ZNF880,0.0,1.0902310261997676
RAB3GAP2,0.0,1.0901488042218113
MSMO1,0.0,1.089529655857363
MLLT3,0.0,1.0894136033147426
CARD11,0.0,1.0891752417794507
SYVN1,0.0,1.088934340324036
POLR2D,0.0,1.088679277059344
TCEAL3,0.0,1.0885653949776526
TRIP11,0.0,1.0885334726757365
TAB2,0.0,1.0877797627466383
AC027763.2,0.0,1.087243424517549
ALKBH6,0.0,1.0871334356728457
BCL2L1,0.0,1.0869746138506164
NUDT9,0.0,1.0868148570763592
CCDC126,0.0,1.0863216635933406
EXOC3,0.0,1.0862790805663993
ASB16-AS1,0.0,1.0860237356531377
RPS6KA5,0.0,1.0856757530278605
HIVEP2,0.0,1.0856535615737017
PHTF2,0.0,1.0850124553824259
EXOC1,0.0,1.0850042961288144
TMEM41A,0.0,1.0846525176488633
DHRSX,0.0,1.0838748652201482
ARHGEF18,0.0,1.0829064951905323
BDH2,0.0,1.0828755382536717
CIITA,0.0,1.0825873678509323
RINL,0.0,1.0825023898458563
DUS1L,0.0,1.082387319152344
SLC36A4,0.0,1.0821768949966037
PEA15,0.0,1.0819289189008605
GGCX,0.0,1.081690435659885
MAN2C1,0.0,1.0815890912866206
S100PBP,0.0,1.0813299224512356
ZNF451,0.0,1.081107121393025
MAN1A2,0.0,1.0809252768791864
CUL5,0.0,1.0808216565217579
NSMAF,0.0,1.0803105090176741
NDUFS1,0.0,1.0801723721021281
MXD1,0.0,1.079935424763641
ANAPC4,0.0,1.0799082884928204
PI4K2B,0.0,1.0787795153583797
EPS8L2,0.0,1.0787088566532133
SLC35B2,0.0,1.0786478305368445
TREM1,0.0,1.0780941585999506
RRM1,0.0,1.0780791216380017
C6orf203,0.0,1.0779886825634806
SAMD4B,0.0,1.0779048431886709
YIPF6,0.0,1.0771986947155223
FXYD7,0.0,1.0771104602441115
FAM127B,0.0,1.0767948310339976
DNASE1L1,0.0,1.0761903601880334
TRANK1,0.0,1.0756253015684119
TOB2,0.0,1.075272934398845
DYM,0.0,1.0752017042257642
CCDC65,0.0,1.0748391472950656
ABCB7,0.0,1.07464942988802
TNPO1,0.0,1.0741276508740576
SNX29,0.0,1.07406049929383
TNK2,0.0,1.0740153781485928
DPAGT1,0.0,1.07380420876434
CACNA2D4,0.0,1.073107342043993
C4orf32,0.0,1.0729383432310717
CWC22,0.0,1.0726562825872672
VPS53,0.0,1.072488947937412
CAPN7,0.0,1.0724558230014452
CLN6,0.0,1.0721563936792082
ASAP1,0.0,1.0717860350551875
TMEM115,0.0,1.0714446819775998
FBXO32,0.0,1.0714263352966034
FAHD1,0.0,1.0713564488383924
YTHDC2,0.0,1.0713220460862851
DPP4,0.0,1.0710895384907992
STAG1,0.0,1.069932872516784
DEDD,0.0,1.069919190085764
CRKL,0.0,1.0698282637667875
TAF8,0.0,1.0697086986890614
TBP,0.0,1.0695573380205916
EED,0.0,1.0686861926008133
GIMAP8,0.0,1.0685957256598206
BAG5,0.0,1.0680167354008767
YTHDF3,0.0,1.0678480378514412
MCOLN1,0.0,1.0674085917897966
CEBPA,0.0,1.06713506762723
TOP1MT,0.0,1.0666137345979434
CBX6,0.0,1.0652383543276802
RPL21,0.0,1.0650017371410876
FCHSD2,0.0,1.064739598834131
SLC41A3,0.0,1.0646445236104143
ALG2,0.0,1.0643457435164023
LRRC28,0.0,1.0633827604109896
TMEM33,0.0,1.0631301344541988
EEF1A1,0.0,1.062928920472248
SH3GL1,0.0,1.0627450689695686
RNF14,0.0,1.0625789704465052
TIPARP,0.0,1.0620314748466335
REPS1,0.0,1.0618911450500257
GAMT,0.0,1.0615277867098787
BTN2A1,0.0,1.0613615150762745
GLA,0.0,1.0612850105763172
SMIM4,0.0,1.0612314061741315
POM121C,0.0,1.0605661792423755
ZBTB2,0.0,1.0605336304640016
PTPRN2,0.0,1.0603979224212978
TRUB2,0.0,1.0603132272416003
PCYT1A,0.0,1.0600602911867179
CLPX,0.0,1.0598907339733172
TCF7L2,0.0,1.0598720578042733
UHRF2,0.0,1.0598224547698503
ALKBH4,0.0,1.059799283717741
BRAT1,0.0,1.0596448166344306
SLC12A7,0.0,1.05942299465933
NFRKB,0.0,1.0594145250036382
SLC35A2,0.0,1.0593111541023077
B3GNT2,0.0,1.058809160709225
THAP3,0.0,1.0584899682640687
ING1,0.0,1.0584755056804076
TPM1,0.0,1.0581363471575014
SIRT6,0.0,1.0577429361270596
XRN1,0.0,1.0576260318740696
EMC9,0.0,1.057535602077328
BLOC1S5,0.0,1.0573989714050325
ZNF195,0.0,1.057340889736353
MAPKAPK2,0.0,1.0567531655971127
REC8,0.0,1.0566296982793006
SUPT6H,0.0,1.0558713003187419
MTMR9,0.0,1.055286943615314
ZMPSTE24,0.0,1.0552491836376885
PDHX,0.0,1.054881885603716
IBTK,0.0,1.0546582590958564
CAB39,0.0,1.053664199075766
HAUS7,0.0,1.0534225020935426
CCDC84,0.0,1.0530523695214202
KHSRP,0.0,1.0530275481727214
RPL23A,0.0,1.0529557931117717
TMX3,0.0,1.0528112546264539
POLR1E,0.0,1.052600870061404
NUP37,0.0,1.0525654580633381
RFX5,0.0,1.05177629277155
CPSF3,0.0,1.0515130323412087
FAM118A,0.0,1.050657244220895
ALDH3A2,0.0,1.0504509272734384
KCMF1,0.0,1.0502356752750246
RANBP2,0.0,1.0501823982274012
FEM1B,0.0,1.0501607057006557
TMEM14A,0.0,1.0500622190893782
POLR3E,0.0,1.0499941850397159
ARIH2OS,0.0,1.0494060012598176
GPN2,0.0,1.049401827512823
AAMDC,0.0,1.0493581928822855
CLASP2,0.0,1.0492933180956492
TNRC6A,0.0,1.0486497677004438
ANKRD36C,0.0,1.048218025540209
STYXL1,0.0,1.048032570892682
LEO1,0.0,1.0474414802760712
KEAP1,0.0,1.0463710845847034
TCF4,0.0,1.0463123750806624
CTDSPL2,0.0,1.0461753713565412
OTUD1,0.0,1.0459476531472043
IL6ST,0.0,1.0456227810275602
ZNF703,0.0,1.044912029410715
FAM210B,0.0,1.044274844820309
ALDOC,0.0,1.0441741584994206
C2orf69,0.0,1.0440006624154183
NOMO1,0.0,1.043803661968259
NAA35,0.0,1.0434634065038468
PAICS,0.0,1.043086694004902
C6orf106,0.0,1.0426915850203118
CTD-2006K23.1,0.0,1.0426683887793309
SLC6A6,0.0,1.0422748720647783
PARN,0.0,1.0422138282630204
MEF2D,0.0,1.0420894127099392
EIF1AD,0.0,1.0418399358456298
WDR83,0.0,1.0416465368734453
GSR,0.0,1.0416094078911324
NT5C3B,0.0,1.0410708022436406
NDUFAF6,0.0,1.0407041762629499
VCPKMT,0.0,1.0406887186980995
ZMYND8,0.0,1.0402300645359661
TRIM13,0.0,1.0400616058875656
KRIT1,0.0,1.0399780658446187
NPEPPS,0.0,1.0395998106368867
ZNF675,0.0,1.039242789536095
DGCR2,0.0,1.0390611261187102
FADD,0.0,1.0389962582166004
TMEM159,0.0,1.0385319692792407
DGKD,0.0,1.0384559294725504
SLAIN2,0.0,1.038390093518926
INTS5,0.0,1.0371798596748263
ZC3H18,0.0,1.0369590665963555
NCAPH2,0.0,1.0365040625201216
PPP1R15B,0.0,1.0364305657155364
C12orf43,0.0,1.0364049886522553
TXNRD1,0.0,1.036319699759568
C2orf49,0.0,1.0359490348792242
ETV6,0.0,1.0358018071893054
RFC4,0.0,1.0357521981008893
RBM15B,0.0,1.0357270043078866
PCK2,0.0,1.0355556030386488
EIF4E3,0.0,1.0355115678777058
KANSL1-AS1,0.0,1.0354360625753956
DCTN1,0.0,1.0350536393958965
ARAP2,0.0,1.0347674655253642
MANBA,0.0,1.0343523640128647
LPGAT1,0.0,1.0343071588282828
ZNF780A,0.0,1.0342786674920366
RAPGEF1,0.0,1.0341286511069634
MTAP,0.0,1.0338423880791001
FAM104B,0.0,1.033830564745827
ACOT2,0.0,1.0336553080914308
ATXN7L1,0.0,1.0333323945375146
LINC00909,0.0,1.0331981886101727
ANGEL2,0.0,1.0326688390294332
PIGK,0.0,1.0324032126582192
MCFD2,0.0,1.0322892809263786
MGST1,0.0,1.0322306450071264
ZNF350,0.0,1.0319423021732068
FOXO3,0.0,1.0318065174578726
SLC35A1,0.0,1.0314820649446568
APBA3,0.0,1.0313186960405927
CDK12,0.0,1.031152871831794
GABPB1,0.0,1.0311037627337933
CEP68,0.0,1.0310642206743563
BRD3,0.0,1.0309868272085652
MUTYH,0.0,1.0309466377193268
MBD2,0.0,1.030352826916737
TMEM5,0.0,1.0302778852287147
ST7L,0.0,1.0302300517659322
C9orf156,0.0,1.0298518601363422
OSBPL2,0.0,1.0293789485863456
ACOT13,0.0,1.0289302488807819
RDX,0.0,1.0286504750548935
ZNF326,0.0,1.0284787579026184
ATF7,0.0,1.0283114676880771
C21orf91,0.0,1.0276453997211452
TBC1D9B,0.0,1.0276358827266632
MICA,0.0,1.0273315075140879
RIPK1,0.0,1.027100958200052
PLCG1,0.0,1.0267782555845868
CNOT3,0.0,1.0267316020501813
FBXO8,0.0,1.0264266723147106
CCDC88A,0.0,1.0260171830643738
TMEM2,0.0,1.0255211265221014
SLAMF7,0.0,1.025517346240307
ABCF3,0.0,1.0254841142743771
RRP15,0.0,1.0251597652344573
PBX2,0.0,1.0248416704008068
SNAI3,0.0,1.024716406683465
TOR1AIP2,0.0,1.0247161500892101
PHF23,0.0,1.0245882659259742
MED24,0.0,1.0245348376312609
NFE2,0.0,1.0244749845025805
ZNF281,0.0,1.0241707748697155
POU2AF1,0.0,1.0241632470207478
WRB,0.0,1.0237716550245872
BCL6,0.0,1.0232773188386268
VPS41,0.0,1.0230555991496086
IPO9,0.0,1.0229828205925913
CREB3L2,0.0,1.021947304452171
FANCF,0.0,1.0218380041913608
EIF2AK4,0.0,1.0216542844247598
MDFIC,0.0,1.0215339618124313
ALG12,0.0,1.0211955923681435
ATF5,0.0,1.020972091327647
ELP3,0.0,1.0207622122498488
ATF2,0.0,1.0206544910470974
ENTPD4,0.0,1.0205459099918213
CCR6,0.0,1.0205402142537776
SLC43A3,0.0,1.0205089052824485
CSNK1G2,0.0,1.020326310156351
CCDC18,0.0,1.0201276401591148
MUM1,0.0,1.0199412452450922
CREBZF,0.0,1.0198674512983779
ZNF586,0.0,1.0197041144926695
B4GALT4,0.0,1.019557918700737
ZNF138,0.0,1.019448578117928
KDM4B,0.0,1.019132067814508
NCOR2,0.0,1.0189124216791288
RPP14,0.0,1.018805951129104
DTWD1,0.0,1.0181954281750942
EMILIN2,0.0,1.017951601541557
GLTPD1,0.0,1.0178198104819933
TTYH3,0.0,1.0175067609392243
GMDS,0.0,1.017083326449049
DCAF15,0.0,1.01705189349367
CDK16,0.0,1.0166746385457068
PSTPIP2,0.0,1.016571643226268
CLEC4E,0.0,1.0158685837015247
LRRC8C,0.0,1.0156961800216506
RMND5A,0.0,1.0153242067543895
AUH,0.0,1.0151342836657733
IRF2BPL,0.0,1.0147143528072688
APBB3,0.0,1.0138041751897569
RP11-47L3.1,0.0,1.01376330788381
RITA1,0.0,1.0134448177373512
CYB5D2,0.0,1.0133947384979862
TRNT1,0.0,1.0125729871362423
TCTEX1D2,0.0,1.0124827014490896
SNAPC3,0.0,1.0124788177748643
DPP9,0.0,1.0121600946659262
SKIV2L2,0.0,1.0115905983456202
ZNF644,0.0,1.0114880054397593
PTAFR,0.0,1.0105219470299174
PHTF1,0.0,1.010012283373772
UBE4A,0.0,1.0097409414861633
ARHGAP26,0.0,1.009479312820616
HRH2,0.0,1.009467253861353
CCDC43,0.0,1.0089364059437373
RPUSD4,0.0,1.0081597138635698
TMEM214,0.0,1.0077615924801526
B4GALT7,0.0,1.0077178588643176
PAN3,0.0,1.007344202059873
DOK3,0.0,1.0069722212591126
GTF3C1,0.0,1.0056600355446867
SMN1,0.0,1.0054912602620538
RPL27A,0.0,1.0054039766440002
RASGEF1B,0.0,1.0047375272582377
ARSA,0.0,1.0047325658701405
PID1,0.0,1.0044947441811887
CYP4V2,0.0,1.0037721272003204
CDK13,0.0,1.003007946056351
USP24,0.0,1.0029837313224863
PRPF4,0.0,1.0023953690853376
HIST2H2AC,0.0,1.0023911480195524
PINX1,0.0,1.002229298248097
ABHD10,0.0,1.0021465960005815
SPNS3,0.0,1.0019020548289879
GALNT1,0.0,1.0008079028010743
CPSF2,0.0,1.0005266148895318
TUG1,0.0,1.0001382125448628
TFB2M,0.0,0.999873386132703
NAALADL1,0.0,0.9996796937371527
MLH1,0.0,0.9994456698055634
DDX10,0.0,0.9990444058223783
TXLNG,0.0,0.9985805443860304
THOC5,0.0,0.9976765078660156
SKP2,0.0,0.9970449427815149
INTS8,0.0,0.9964974115858658
ACSL3,0.0,0.9964880563254888
ELF4,0.0,0.9964222674890448
CRNKL1,0.0,0.996388480538106
RP11-362F19.1,0.0,0.9960307077298485
UMPS,0.0,0.9959374954296433
ABHD11,0.0,0.9957666427439994
PIK3C3,0.0,0.9955069739070713
RP13-1032I1.7,0.0,0.9954172262775464
MZF1,0.0,0.9950711601124308
HK3,0.0,0.994848920216855
PRMT7,0.0,0.9945755999567955
TASP1,0.0,0.9936901263549937
ANKRD36,0.0,0.99340731674608
CTSF,0.0,0.9932790823396166
CEP135,0.0,0.9931979943431413
ACAD8,0.0,0.9929433803520545
STAC3,0.0,0.9928563035397474
CASP10,0.0,0.9928121557962519
CSTF1,0.0,0.9927502590339428
SLC39A6,0.0,0.9924977288867638
NXPE3,0.0,0.9922327405736799
CRYZ,0.0,0.992210343185495
CCDC14,0.0,0.9914168621522637
EXOC6,0.0,0.9909681557526635
RNF20,0.0,0.9909214011465447
SRCAP,0.0,0.9905661142540233
FAM160A2,0.0,0.9902584315931334
SLC35A3,0.0,0.989966511172004
SPATS2L,0.0,0.9892397428645759
KLF7,0.0,0.9889272632598037
KDM1B,0.0,0.9884023386443005
MMGT1,0.0,0.988334519036709
PTPN9,0.0,0.9883292305732011
RPS7,0.0,0.988324807276696
PGM2,0.0,0.9878474676215065
SLC35B3,0.0,0.9875770421254081
ABCD3,0.0,0.9874451655282983
SIRT5,0.0,0.9871793048402353
XKR8,0.0,0.9870744483613816
HIF1AN,0.0,0.9867812140582642
GAA,0.0,0.9866131024621871
SVIL,0.0,0.9865616458187977
PDSS2,0.0,0.9865588899989279
SP2,0.0,0.9864243418089709
FBXO34,0.0,0.9862619541111172
MADD,0.0,0.9861030141865413
PITPNA,0.0,0.9858484113090261
PLEKHO2,0.0,0.9858462249517733
POLRMT,0.0,0.985609666258651
RC3H1,0.0,0.9847837683031742
TRAPPC2,0.0,0.9837529134010438
RP11-138A9.1,0.0,0.9837279292935904
NRAS,0.0,0.9836687941724476
TCEB3,0.0,0.9831644052965128
R3HDM1,0.0,0.9830352980839939
BCL9L,0.0,0.9828700750936394
ETS2,0.0,0.982780591437232
ZDHHC16,0.0,0.9825120191129605
FBXO33,0.0,0.9823792634745445
TMEM116,0.0,0.9823675619308768
PTMS,0.0,0.9819649147080949
SPATA13,0.0,0.9815750967194792
THOC1,0.0,0.981555949286344
CHD8,0.0,0.9811362133031845
PLCG2,0.0,0.9810215597929877
ZBTB38,0.0,0.9807510530659324
NXT2,0.0,0.9806288522164557
MAP2K4,0.0,0.9800846892099029
BRAP,0.0,0.9800635339134345
PDCD4-AS1,0.0,0.9795058469641706
DAPK3,0.0,0.9792965305334583
DDX59,0.0,0.9792915899991685
WWP1,0.0,0.9785156189242646
MEGF9,0.0,0.9784824270012871
TBC1D7,0.0,0.9778931462906923
SCAMP1,0.0,0.9774893452315688
MANBAL,0.0,0.9765336076303793
DDX60,0.0,0.9765123457383815
PCIF1,0.0,0.9762669243515657
NEDD1,0.0,0.9761572272562358
SAC3D1,0.0,0.9760577654735637
RABEP2,0.0,0.9760162318909171
UNG,0.0,0.9759701849059094
RNF38,0.0,0.9758576252878502
ITGAX,0.0,0.9757331445645272
ECI1,0.0,0.9756689161904131
ENTPD6,0.0,0.9753256098503569
ZZEF1,0.0,0.9752421051451416
SLC8B1,0.0,0.9752114494951948
YPEL1,0.0,0.9751321606834679
HLA-DQB2,0.0,0.9749722528346765
LDLRAD4,0.0,0.9746790690953908
ALDH3B1,0.0,0.9746344124217547
CMTR1,0.0,0.9742628426467762
KCTD18,0.0,0.9741361223094479
ZNF76,0.0,0.9738064595848274
C16orf62,0.0,0.9736648545878869
DIS3,0.0,0.9734457894739523
KIAA0247,0.0,0.9734290521213377
DENND5A,0.0,0.9729622110741561
SNX12,0.0,0.9727051085956613
RQCD1,0.0,0.9725056088497719
UBE4B,0.0,0.9724041939904953
TMEM39B,0.0,0.9723866676249812
CASP3,0.0,0.9711892879540883
HINT3,0.0,0.9711146841388024
PTAR1,0.0,0.971043354263254
SLC22A18,0.0,0.9707678868064037
CD1C,0.0,0.9705876757878675
ENOSF1,0.0,0.9703269098250085
ZADH2,0.0,0.9700528154043591
WDSUB1,0.0,0.9695401338204837
ARMC7,0.0,0.9695357278974328
ATP11A,0.0,0.9694854645013019
SREBF2,0.0,0.96912292687783
NUDT18,0.0,0.9682221223880795
NINJ2,0.0,0.9680307600986662
EDEM1,0.0,0.9677911353556152
TRAF1,0.0,0.9673052872053225
GLRX2,0.0,0.9671909805199471
MED25,0.0,0.9668341234389486
KCTD12,0.0,0.9667958273148688
EML2,0.0,0.9661158342987899
ZC3H12A,0.0,0.9657851818334593
TBL3,0.0,0.9657748108041654
ZNF626,0.0,0.9651730028403068
CIDEB,0.0,0.9647829380654017
REEP3,0.0,0.9640093955192496
KLHDC4,0.0,0.9636734270047435
JMJD8,0.0,0.9633328831400101
SESN3,0.0,0.9630015595560927
NUPL1,0.0,0.9628833944363456
ERCC3,0.0,0.9623095645531704
YLPM1,0.0,0.9620429123841537
PRKCQ,0.0,0.9617455898058545
CTDP1,0.0,0.9613121351983551
SIDT1,0.0,0.9612807052250277
CEP85L,0.0,0.9611444722075793
FAM175B,0.0,0.9609238085678629
LATS1,0.0,0.9606910326102607
ANAPC7,0.0,0.9604732406436173
RPUSD2,0.0,0.9604502104050613
H1F0,0.0,0.9597735022489047
UBBP4,0.0,0.9586573628513271
RP11-304L19.5,0.0,0.9586285487352585
KLF9,0.0,0.9584788403166892
CDCA4,0.0,0.9584404042060536
RP5-940J5.9,0.0,0.958009999458346
PPM1N,0.0,0.9579700062063612
FAM35A,0.0,0.9579058339745393
SPEN,0.0,0.9576560744314048
ZMAT3,0.0,0.957098756802633
FOXO1,0.0,0.9565288174805783
WDTC1,0.0,0.9560391700207695
BOD1L1,0.0,0.9549309864126068
METTL13,0.0,0.9547292295395285
MAN2B1,0.0,0.9546302441098484
RP11-427H3.3,0.0,0.954618411577386
CDK5,0.0,0.953998411861329
PQLC1,0.0,0.953873802453573
HAGHL,0.0,0.9538541411958201
GSTM3,0.0,0.9538447478640038
SLC25A4,0.0,0.9535852144403271
CBR4,0.0,0.9528649919228176
NUFIP2,0.0,0.9526707179744692
MRRF,0.0,0.952544547109689
PUM2,0.0,0.9523877924167099
MTRR,0.0,0.951457197155004
COPRS,0.0,0.9513351099975403
WDR11,0.0,0.9508859327547261
GLE1,0.0,0.9507820742754479
SLC25A17,0.0,0.9499059119590649
C1orf85,0.0,0.9492782808741022
TPK1,0.0,0.9490193143689546
MED31,0.0,0.9475136511231126
GALNT2,0.0,0.9473712518975729
ACADS,0.0,0.947128853441224
RAB30-AS1,0.0,0.9468975792662709
FNDC3A,0.0,0.946321125496757
BROX,0.0,0.9460559274281504
IMMP1L,0.0,0.9458407506924104
RP5-827C21.4,0.0,0.9455065592397927
ABI2,0.0,0.9453267933228037
IQCB1,0.0,0.9447526729530333
RAP1GAP2,0.0,0.9445222492312436
C2orf47,0.0,0.9442609565698268
C9orf72,0.0,0.9440513508424949
SPPL3,0.0,0.943667510492751
MCCC2,0.0,0.9427421409802333
IL15,0.0,0.9422462777421233
TMEM106A,0.0,0.9421259548633555
PTMA,0.0,0.9418709759084986
PHACTR2,0.0,0.9418278425108525
UBR5,0.0,0.9410745460113227
ZNF836,0.0,0.9406173410563449
NLRP3,0.0,0.940488380027703
VPS45,0.0,0.9401596370710161
CKB,0.0,0.9393416762796217
NIF3L1,0.0,0.9384485936191538
UTP23,0.0,0.9383154861560514
HPS3,0.0,0.9383108211184694
TPT1-AS1,0.0,0.9370624645683178
ARL8A,0.0,0.9369310463513821
CLUAP1,0.0,0.9368943087102477
TYW3,0.0,0.9368747525420827
IMPA1,0.0,0.9366100906994949
SWSAP1,0.0,0.9361178104487035
VPS11,0.0,0.9358625105560772
DUS2,0.0,0.9354660523703188
ANAPC2,0.0,0.9343283525026201
KIAA0355,0.0,0.9343062115901909
IFNG,0.0,0.9337401842495651
ASXL2,0.0,0.9331821193341567
ZFP62,0.0,0.9321659666695263
USP30-AS1,0.0,0.9317199193405743
LSG1,0.0,0.9316139097920194
SEC16A,0.0,0.9306855741195444
DESI2,0.0,0.930108269218544
CRTAM,0.0,0.9297707473447336
ZSCAN16,0.0,0.929645861702934
DSTYK,0.0,0.9294618866780994
MTERFD1,0.0,0.929250868263896
CRELD1,0.0,0.929156058817207
AFF3,0.0,0.9290097975105139
CPSF1,0.0,0.9289582167051188
MARCKS,0.0,0.928954714403261
CSGALNACT1,0.0,0.9286135486341646
RP2,0.0,0.9280024357720303
TMEM161B-AS1,0.0,0.927681973726823
SLC4A1AP,0.0,0.9275783656226564
SEL1L,0.0,0.9271722388147311
MAD2L1BP,0.0,0.9271203585055323
CDK6,0.0,0.9268175972314582
PWWP2A,0.0,0.9265765909571485
PRKD3,0.0,0.9265516621601583
RPLP2,0.0,0.9256661245231137
LTBP4,0.0,0.9255039765677286
C11orf57,0.0,0.9248673432457957
C20orf196,0.0,0.9247544294177849
SGPP1,0.0,0.9245737274532484
SPHK2,0.0,0.9245383526449529
FEM1A,0.0,0.9242481211686523
SH2B1,0.0,0.9242431649993654
PSMD10,0.0,0.9240343121051372
CRADD,0.0,0.923870238188814
GABPB2,0.0,0.9237848015411492
ZBED5-AS1,0.0,0.9237570015363678
TMEM245,0.0,0.9237218929277976
AMFR,0.0,0.9233000716460689
NDUFAF7,0.0,0.9231474947084216
MTG1,0.0,0.9229199846698081
DDX47,0.0,0.9228188251414863
MAU2,0.0,0.9221654391597699
HSDL2,0.0,0.9221094951652402
PAAF1,0.0,0.9219780696196962
GTF2IRD2B,0.0,0.9219180072806851
SCAP,0.0,0.9218818327342179
ING5,0.0,0.9215928232542477
LUZP1,0.0,0.9210314429917078
TEX261,0.0,0.9208511880470152
SGTB,0.0,0.9206957100345998
NOP2,0.0,0.9202284997275003
RBM48,0.0,0.9199486689045436
RAB21,0.0,0.9198346784194904
LINC00662,0.0,0.9197162913748566
SH2B2,0.0,0.9193565728756552
CNOT11,0.0,0.919274242224374
OGFOD2,0.0,0.918668360216824
TPRA1,0.0,0.9185356488467927
L3MBTL2,0.0,0.917848661087845
RAB33A,0.0,0.9174785723325944
AIFM1,0.0,0.9172823647835324
ZNF770,0.0,0.9169801529511249
UPRT,0.0,0.9169273587085438
EOMES,0.0,0.91644460004054
AKT1,0.0,0.9160514603986244
PI4KA,0.0,0.9159354997235705
GNB1L,0.0,0.9158840247300154
KIAA0196,0.0,0.9156619676388343
RFC5,0.0,0.915538066145911
FIG4,0.0,0.9152945888660902
SESN1,0.0,0.9150863411925877
MIEF1,0.0,0.914128334077639
FAM228B,0.0,0.9134476164420045
DDX28,0.0,0.9134060066326904
RBM12,0.0,0.9130712869366497
CXorf40A,0.0,0.9122911711880661
DOPEY2,0.0,0.9121004777269339
C6orf136,0.0,0.9116908609886328
PATZ1,0.0,0.911606000544822
BAP1,0.0,0.911390277827715
TOM1L2,0.0,0.9112804623679989
C12orf49,0.0,0.9110418736294205
FHOD1,0.0,0.9102611789342656
KDM3B,0.0,0.9101601087012584
SAAL1,0.0,0.9100888826712551
RP11-244H3.4,0.0,0.9098815176748583
POLG2,0.0,0.9094678136295136
MEFV,0.0,0.9091874110896109
ERAP1,0.0,0.9091488713554919
AHSA2,0.0,0.9091468296447696
BLMH,0.0,0.9089673293100452
ZMYM5,0.0,0.9089098795323832
MTIF2,0.0,0.9084387725392299
DCUN1D1,0.0,0.9080422230723788
ZNHIT2,0.0,0.9077646034170848
AGO3,0.0,0.9075216204294783
MAPK13,0.0,0.9072187064770081
FAAH,0.0,0.9071678274873614
RBM28,0.0,0.9071065009805582
TNPO3,0.0,0.9070445641634568
PPP1R14A,0.0,0.9067509448212864
TLE3,0.0,0.9064875476344483
AP2A2,0.0,0.9058029189640102
C11orf1,0.0,0.9057109994457737
RASGRP4,0.0,0.9056929701593016
DIS3L,0.0,0.9056896770424303
FCER1A,0.0,0.9056028155140955
TMEM57,0.0,0.9050660541564722
C10orf76,0.0,0.9048734491075853
JMJD4,0.0,0.9046570531100292
SMARCD3,0.0,0.9044042321389719
TMEM176A,0.0,0.9024994665637865
AGK,0.0,0.9021965202883221
SIDT2,0.0,0.9018680592323859
ALG6,0.0,0.901823564657946
ASCC1,0.0,0.9017513429243849
FAM117A,0.0,0.9017098534688526
AC006129.2,0.0,0.9014222161833373
RPS6KB1,0.0,0.9010391289068728
BAG2,0.0,0.900854556104482
SFXN4,0.0,0.9007463405358868
KLRF1,0.0,0.9007123686560756
USP20,0.0,0.9004036056582272
CC2D1A,0.0,0.9003636724965193
PELP1,0.0,0.900196773966475
TRIP12,0.0,0.900152572399424
ALAS1,0.0,0.8997578348434999
AARSD1,0.0,0.8994201386449175
SH2D1B,0.0,0.8988152971820724
DHX38,0.0,0.8984934128322792
METTL4,0.0,0.8980092401573502
CEP95,0.0,0.8976241395269129
RP11-1399P15.1,0.0,0.8974793800564779
PITRM1,0.0,0.8968766831924211
NNT-AS1,0.0,0.8963886316617165
MUL1,0.0,0.8962593597278341
OGFOD1,0.0,0.8962217287913072
FASTKD2,0.0,0.8960271847035217
SLC1A5,0.0,0.8955135985650293
SLC33A1,0.0,0.8950218895673681
MED27,0.0,0.8949252296732105
UBE3B,0.0,0.8945805952686986
AGPAT3,0.0,0.8945695563142625
NEIL2,0.0,0.894481715080284
AC084018.1,0.0,0.8944126668296556
SEPHS1,0.0,0.8942885447814186
UTP14A,0.0,0.89398482676354
HYOU1,0.0,0.8939690875442545
RPS12,0.0,0.8939135783193042
OMA1,0.0,0.8937407484401617
LMBR1,0.0,0.8936768461616735
UBE2M,0.0,0.893374083552909
VMAC,0.0,0.8932706240266274
RNPC3,0.0,0.8928113846500937
CEP78,0.0,0.892731028200521
EEPD1,0.0,0.8922287135844299
C9orf69,0.0,0.892099759177829
RFFL,0.0,0.8918620306054088
SFXN3,0.0,0.891797527012915
C1GALT1C1,0.0,0.8916711575065316
WDR26,0.0,0.891588161870124
GNPDA2,0.0,0.8913473835428367
ZNF444,0.0,0.8913346234122779
BATF3,0.0,0.8912199978934064
NOL10,0.0,0.890559685140092
PADI4,0.0,0.8905066628908178
RIF1,0.0,0.890402113588823
NUP153,0.0,0.8902213105877775
ADAP1,0.0,0.890219956319142
R3HDM2,0.0,0.8901781185586745
TUBD1,0.0,0.8899912008787708
HERC2,0.0,0.8899177936029741
RP1-39G22.7,0.0,0.8898339694094065
FTX,0.0,0.8897694952095129
EFR3A,0.0,0.8896657877899715
CPNE2,0.0,0.8894937078691163
PGAP2,0.0,0.8894492393070463
ATG4A,0.0,0.8890648875486262
DDHD2,0.0,0.8882025855678463
URGCP,0.0,0.8880934559895823
TRIM52,0.0,0.88790988072384
SLC15A3,0.0,0.8877169809586437
ELL,0.0,0.8874315759176394
AEN,0.0,0.8873377008435881
WDR73,0.0,0.8867080345159263
RP5-1073O3.7,0.0,0.8865342810085619
MRPS17-1,0.0,0.8859679354484746
MED7,0.0,0.8859452799383263
VPS8,0.0,0.8856039782886044
COG1,0.0,0.8852001955539212
EEA1,0.0,0.8851030720837642
UBE2D4,0.0,0.8850967880447121
PROSER1,0.0,0.8843896254534627
B9D2,0.0,0.8837045505271884
DDX55,0.0,0.8835873102180881
SPATA20,0.0,0.8834275934306023
SLC35E1,0.0,0.8831867605784018
ASUN,0.0,0.8830930731018979
APPBP2,0.0,0.8830597108129823
SEC24C,0.0,0.8829756753061613
RRP12,0.0,0.8826516583903854
SHPRH,0.0,0.8825379822522272
PYROXD1,0.0,0.8819791056985947
RNF170,0.0,0.8818556085001166
SPIN2B,0.0,0.8814513663883964
GSTZ1,0.0,0.8811948676041411
CHD7,0.0,0.8810466034674909
UQCC1,0.0,0.8809686404539452
RAB11FIP4,0.0,0.8808918344909165
PDCD2L,0.0,0.8801354934653202
DNM1L,0.0,0.8801033519563769
CCDC6,0.0,0.880090270121309
ILVBL,0.0,0.8785000079946953
FAM53B,0.0,0.877938693004959
DLGAP1-AS1,0.0,0.8775608586547908
SRSF10-1,0.0,0.8773227816843573
KIAA0100,0.0,0.8771983050853054
ZFYVE27,0.0,0.8767185619268926
RNF40,0.0,0.8751582722200815
PDS5B,0.0,0.8739043722301653
PF4,0.0,0.87390031880389
TET2,0.0,0.8738229802237173
SENP7,0.0,0.8735728870080102
NCOA7,0.0,0.8724295119766621
MAP3K2,0.0,0.8723841689932411
DEAF1,0.0,0.8716331609383475
SUMF1,0.0,0.8714855105551306
LPCAT4,0.0,0.8707834289539567
ODF2,0.0,0.8707182889341948
UNK,0.0,0.8700770967075826
CLEC10A,0.0,0.8700366568608349
FBXO11,0.0,0.8699966169580379
TTC37,0.0,0.869983843197494
DCAF12,0.0,0.8699589143934677
COQ10A,0.0,0.8696042522384987
TUBB6,0.0,0.8694433464730479
AP003774.1,0.0,0.8693990448539217
KCNE3,0.0,0.8693700305863713
SPIDR,0.0,0.869269949763525
NFYB,0.0,0.8689057001472966
MFN2,0.0,0.8683813334662697
MOGS,0.0,0.8681997415896758
EXT2,0.0,0.8680904811481901
ICMT,0.0,0.8679392782391411
WIPI1,0.0,0.867722694437666
SLC4A7,0.0,0.8676652215798288
STK32C,0.0,0.8673353446401266
PDK1,0.0,0.8671725615557472
MFSD12,0.0,0.8669884355456537
MPP7,0.0,0.8668740913699273
FAR1,0.0,0.866746332379502
LRCH3,0.0,0.8664940367431019
MFSD5,0.0,0.8653187998595814
EXOSC2,0.0,0.8643835888079788
RPS17,0.0,0.863315617526109
TRIM5,0.0,0.8630743943372129
TCHP,0.0,0.8627854675636627
PDXDC1,0.0,0.8627012939656662
INTS4,0.0,0.8626341556934277
FAHD2A,0.0,0.862466187870798
MAN2B2,0.0,0.861843474363926
MTF1,0.0,0.8617971855034172
TSPAN17,0.0,0.86109558675978
USP28,0.0,0.8608045406095131
OXR1,0.0,0.8607540233731227
ZFYVE28,0.0,0.8607418327524572
IGF2R,0.0,0.8605628414202764
KCTD6,0.0,0.8603397806634788
SLC16A7,0.0,0.8601381704718003
PLCL2,0.0,0.8600951225614596
TFB1M,0.0,0.8595460492324087
PTPLB,0.0,0.8594661947097636
ZNF493,0.0,0.8587865830599865
ARHGAP5,0.0,0.8586011644827279
SPRYD3,0.0,0.8577966016067686
MGA,0.0,0.8577283478834926
INO80,0.0,0.8573821095115566
ARFIP1,0.0,0.8571370845207493
KDM5D,0.0,0.85696624803885
INF2,0.0,0.856207221811693
NRM,0.0,0.8558500980178142
EZH1,0.0,0.855565734635165
GPR137B,0.0,0.8554585345238815
ADRBK2,0.0,0.854887572865889
POLL,0.0,0.8547124547690848
FBXL8,0.0,0.8545384668452589
MCTP2,0.0,0.8545176856099187
N4BP1,0.0,0.8542792855600609
RPL12,0.0,0.8538751743414214
CHST15,0.0,0.8537768815859418
PTER,0.0,0.8536903262859417
CHD1L,0.0,0.8532572707389505
RPE,0.0,0.8523920203361455
RGP1,0.0,0.8521339853901333
ERAL1,0.0,0.8515465807277516
PDK3,0.0,0.85125916689155
RCN1,0.0,0.8508253430970207
AASDH,0.0,0.8507411614766843
GPR82,0.0,0.8500574835117086
ZBTB44,0.0,0.8497536478571633
ABHD5,0.0,0.8496934353854089
HS1BP3,0.0,0.8496765482598678
TUBB1,0.0,0.8495672842443917
ZBTB48,0.0,0.8495305700880453
PSMD5,0.0,0.8493737612405664
LIPT1,0.0,0.8491396868443741
VWA9,0.0,0.8490390501095602
APOLD1,0.0,0.848869123860952
RREB1,0.0,0.8487449186005318
RPS27,0.0,0.8483672310965149
C20orf112,0.0,0.8482192108726221
NCLN,0.0,0.8481489918751386
SLC25A32,0.0,0.8478248163068566
IKZF5,0.0,0.8476582243970926
NPEPL1,0.0,0.8471645275058349
SLC39A10,0.0,0.8469402334861577
SMC6,0.0,0.8468442572628284
OSER1-AS1,0.0,0.8468332483523333
SIN3B,0.0,0.8468161162795158
RP11-468E2.4,0.0,0.8462702564400276
SEC23IP,0.0,0.8462471150669663
HEXDC,0.0,0.8458208866642395
LTBR,0.0,0.8457778402838666
SLFN12L,0.0,0.8455522547887082
BTLA,0.0,0.8454896057966043
WDR59,0.0,0.8453752169349316
ZFP14,0.0,0.8453036268480817
CDADC1,0.0,0.845217284683291
STRIP1,0.0,0.8447020828425463
RRN3,0.0,0.8445199113719415
HTT,0.0,0.8443113471602035
GOLGA2,0.0,0.8440484363217108
THEM6,0.0,0.8440160829557823
TNNI2,0.0,0.8439861061243682
DHRS4,0.0,0.8439674423022644
PIP4K2A,0.0,0.843791178829308
C11orf24,0.0,0.8436534798364318
BRCC3,0.0,0.843542083676476
STAMBPL1,0.0,0.8431153598227461
SNAPC1,0.0,0.8430599518373416
PIGU,0.0,0.8429738400131009
TWF1,0.0,0.8428024052460747
FUT11,0.0,0.8414609321955587
CENPH,0.0,0.8413349766940952
GATAD1,0.0,0.8410162315815042
SOX4,0.0,0.8409096937080729
SRBD1,0.0,0.8408622321600122
FRAT1,0.0,0.8406460769721098
SHC1,0.0,0.8404612813006638
PUS1,0.0,0.840360345658013
TNFRSF10B,0.0,0.8402571279868097
ZNF677,0.0,0.840058340522464
MIS18A,0.0,0.8395136418013234
ATXN1L,0.0,0.8394253721032392
PAK1IP1,0.0,0.8394060060726721
CHPF2,0.0,0.8392087525389043
SCARB2,0.0,0.8388999405563646
CLCN7,0.0,0.8388691980341034
INADL,0.0,0.838680492390353
RFT1,0.0,0.8386580859805772
CEP104,0.0,0.8386249152210237
PPIP5K2,0.0,0.8384396515353563
PCCB,0.0,0.8382480364807081
ZCCHC6,0.0,0.8378448205590436
SLC37A3,0.0,0.8377096166607119
TRAF2,0.0,0.8377011742170258
MYNN,0.0,0.8373273514795868
HRSP12,0.0,0.8371772205759969
SRD5A1,0.0,0.8371002967039491
RUSC1,0.0,0.8369839636742282
NUP85,0.0,0.8369302902568769
BUD13,0.0,0.8368740257134659
CHCHD4,0.0,0.836860306294926
MED1,0.0,0.8368076296976953
KIAA0947,0.0,0.8363810640103908
BASP1,0.0,0.8362743220658587
RP11-473M20.7,0.0,0.8362271091251738
SECTM1,0.0,0.8359844745450931
SLC46A3,0.0,0.8355820037284747
NPLOC4,0.0,0.835255565407911
ANKS3,0.0,0.8349588986051791
TSPAN2,0.0,0.8346279795888362
TICAM1,0.0,0.8345912662606744
ENTHD2,0.0,0.8341222120257421
ZNF431,0.0,0.834081901502474
ZNF814,0.0,0.8333398545740163
PIGG,0.0,0.8330584798889239
SBF1,0.0,0.8327859367156096
SURF6,0.0,0.8326262838844875
STK38L,0.0,0.832446562099093
MICB,0.0,0.8322437681401248
LMO2,0.0,0.8321234307724172
MYL6B,0.0,0.8319803637479043
ARL11,0.0,0.831920368565554
MYBL1,0.0,0.831534832019499
BEX5,0.0,0.8315227907195154
PCGF6,0.0,0.8314550656270305
CDK11B,0.0,0.831171617199711
VAC14,0.0,0.8311482902171922
PRR24,0.0,0.831051334002667
CYP2R1,0.0,0.8309005690773456
DYRK2,0.0,0.8306958366901744
GIGYF2,0.0,0.8305420662440777
ATP13A2,0.0,0.8301756678516743
MAPK8,0.0,0.8295532154009898
PEX13,0.0,0.8289935747014899
DENND1B,0.0,0.8288659098905294
KLHL22,0.0,0.8281939362873056
PUS3,0.0,0.8280705070834546
P4HA1,0.0,0.8280411082136744
C14orf80,0.0,0.8277932940462589
C3AR1,0.0,0.8274197691155705
BANP,0.0,0.8269868657746622
ELK1,0.0,0.8265918230328402
CDK7,0.0,0.8265590020679866
DLAT,0.0,0.8265373493138846
AAR2,0.0,0.8265221615294254
KMT2D,0.0,0.8264191231720055
NUDCD1,0.0,0.8263975382298613
GPALPP1,0.0,0.8263373839468781
ACBD5,0.0,0.8260688391721348
TCF12,0.0,0.8258989579054752
MTMR6,0.0,0.8258505514587609
PHF6,0.0,0.824416062089722
SP1,0.0,0.8237726477456039
ZNF506,0.0,0.8233857263184667
ZBTB16,0.0,0.8227651558423863
FBXW11,0.0,0.8225657933516372
RP4-539M6.22,0.0,0.8224934455772146
P2RX1,0.0,0.8220771152783481
MAML2,0.0,0.821848167592085
TLR10,0.0,0.8217005144147917
SLC15A4,0.0,0.8216683166635946
MLH3,0.0,0.8212894040235197
MCPH1,0.0,0.8209580579396138
ZNF140,0.0,0.8208943568998189
MMD,0.0,0.8206392863859586
JAZF1,0.0,0.8205998303669874
ACAP3,0.0,0.8205751059053011
SUZ12,0.0,0.8204650273844737
CCDC71,0.0,0.8203121698768906
SCO1,0.0,0.8200842093930829
PDE12,0.0,0.8197597938308282
KCTD13,0.0,0.8193850432423035
BCKDHB,0.0,0.8192345496278921
RPS4X,0.0,0.8186512667038218
TARBP2,0.0,0.8183167893357188
ZBTB43,0.0,0.8180189323392443
ARSG,0.0,0.817728022001268
CSE1L,0.0,0.8176175178532021
PPP3CA,0.0,0.8175785735773801
KLHL18,0.0,0.8171692594023557
VARS,0.0,0.8170686405581284
TLK1,0.0,0.8169902017622339
SKA2,0.0,0.8166860840850438
CLU,0.0,0.8165932438630721
RALGAPA1,0.0,0.8164031977568617
KIAA1715,0.0,0.8161024594136314
TRAPPC13,0.0,0.8160569709426588
ZNF567,0.0,0.8159119842384329
PRPF3,0.0,0.8156803514163492
ZNF7,0.0,0.8153525409512022
GEMIN8,0.0,0.8148670355220362
PLAA,0.0,0.8147779719997104
DENND1A,0.0,0.8141628199235027
FAM129A,0.0,0.813961081390101
ZNF160,0.0,0.8137678687924632
AIM2,0.0,0.813652704557333
TMSB10,0.0,0.8136034848036848
LRWD1,0.0,0.813533731852693
TEFM,0.0,0.8131710374347382
LTN1,0.0,0.8127978795354293
CCDC127,0.0,0.8126421911930881
LMNB1,0.0,0.8120807802337155
ALAD,0.0,0.8119414591683306
ACADSB,0.0,0.8118216146967613
AK5,0.0,0.8117451848402882
ZNF217,0.0,0.8116346112207792
SLC30A9,0.0,0.811628967622868
PEMT,0.0,0.8116021423358065
NUAK2,0.0,0.8110510865218011
BTBD10,0.0,0.8106760081877451
CDKN2C,0.0,0.8104520856839809
MSH2,0.0,0.8097449436873712
GTPBP3,0.0,0.8090580300772838
PINK1,0.0,0.808833452262633
KLF11,0.0,0.8083046821860517
AKT1S1,0.0,0.8082831602940688
DUSP10,0.0,0.8079613282340449
FBXO42,0.0,0.8078435643199153
PLEKHM1,0.0,0.8072445189290974
CYB561,0.0,0.8069929812225706
EFNA4,0.0,0.8068035625306448
MDM1,0.0,0.80669847027969
ZNF821,0.0,0.8066616890784285
CASP7,0.0,0.805823440894055
TSPAN5,0.0,0.8056419063832242
SLC2A11,0.0,0.8056212905744682
MNT,0.0,0.8051474495093058
ATL3,0.0,0.8048693448255254
FEN1,0.0,0.8045661664653522
TAF1B,0.0,0.8042591701682077
C19orf59,0.0,0.8035392349864581
PUSL1,0.0,0.8033935274824134
DPH6,0.0,0.8030408046478505
TYW1,0.0,0.8027990331339816
KIF3A,0.0,0.8025897067351686
PPP2R2D,0.0,0.8025737654535826
ANKHD1,0.0,0.8024016130228868
SCYL2,0.0,0.8015672559212937
PRMT5,0.0,0.8014411114071256
YPEL2,0.0,0.8013395481351702
CTBP2,0.0,0.8011219336027493
GOLGA5,0.0,0.80109187815107
RPS15,0.0,0.8009803180152373
AC006369.2,0.0,0.8006929565613357
OPA1,0.0,0.8006452067248594
SLC25A25,0.0,0.7998754411284421
AFF1,0.0,0.7996463523936467
SCYL3,0.0,0.7993603199710182
CTA-211A9.5,0.0,0.7991377081179682
RCL1,0.0,0.79874069730874
RALGDS,0.0,0.7986768446199742
RP11-81H14.2,0.0,0.7979500680176775
LRRC14,0.0,0.7976018700692761
ATP6V0A1,0.0,0.7974074148463927
ZNF354A,0.0,0.7972867598200534
GBF1,0.0,0.7970915108904982
OXSR1,0.0,0.7970391378867869
ORAOV1,0.0,0.7969225272826929
CTPS1,0.0,0.7964415981661709
RNASE2,0.0,0.7961746224072626
CDH23,0.0,0.796169890482241
WDR48,0.0,0.7959576826600794
ANKRD13C,0.0,0.7959036337655835
INPP1,0.0,0.7957666595736332
SEH1L,0.0,0.7952668561249268
ZNF335,0.0,0.794935965385898
NAPG,0.0,0.7949062698756412
TSC22D1,0.0,0.7948331369949302
SOCS2,0.0,0.7947925797492318
TIMM44,0.0,0.7947365184011272
KPNA5,0.0,0.7942338096958977
ZNF595,0.0,0.7941605416544357
SC5D,0.0,0.7941329322063551
MARK2,0.0,0.7940953631601327
RPS19,0.0,0.7937192424113946
FDX1L,0.0,0.7933804252937285
IRAK1,0.0,0.7932883237015893
SESTD1,0.0,0.7932834449481251
C9orf41,0.0,0.7925172163460334
RYBP,0.0,0.792284342970832
NFKBIE,0.0,0.7920798483976694
MON1B,0.0,0.7919805594837469
GNA15,0.0,0.7918387832172408
ZDHHC1,0.0,0.7918287044100267
CAAP1,0.0,0.7916526547834751
TLE1,0.0,0.7912582146266529
ABCB8,0.0,0.7911156075295495
TRAPPC10,0.0,0.7910550991276386
SKIL,0.0,0.7908176041915325
DUSP18,0.0,0.7904015505610272
DAK,0.0,0.7902542484219415
TMEM184B,0.0,0.7901539349899361
DHX16,0.0,0.7896657620456051
TCP11L2,0.0,0.7896307315291099
SNCA,0.0,0.7894819955930016
ALG8,0.0,0.7894021137003807
GABPA,0.0,0.7893784582563179
CLCN3,0.0,0.7893649371931772
MCCC1,0.0,0.7893151867024394
DMXL2,0.0,0.789240470733632
TNKS2,0.0,0.7890377999034891
SUPV3L1,0.0,0.7888212048270277
USP32,0.0,0.7888183924210999
ENO2,0.0,0.7888123740113737
TRIB1,0.0,0.7888015905273346
DNMT3A,0.0,0.7886337996616353
RLIM,0.0,0.7882269700165111
C5orf28,0.0,0.7880154410293431
STT3A,0.0,0.7879159690536229
G6PC3,0.0,0.7878110427339647
MTHFR,0.0,0.7877092681844756
BACH1,0.0,0.7877074956274849
LIN7C,0.0,0.7875088469088453
CUL2,0.0,0.7871991279406233
DCTN5,0.0,0.7871965850516451
UBXN7,0.0,0.787143734451816
SMC2,0.0,0.7869519419756815
BTD,0.0,0.7868902558890536
C8orf82,0.0,0.7868051896636232
HSF2,0.0,0.7867902010709626
PGBD2,0.0,0.7859089056369976
KCNQ1,0.0,0.7858782186956089
DHRS3,0.0,0.7854055046899459
PERP,0.0,0.7849294946947007
GAB3,0.0,0.7849184675947445
SLC44A1,0.0,0.7839939432953607
TMEM187,0.0,0.783853006779337
PELO,0.0,0.7836423776586523
NFAM1,0.0,0.7835224922201832
KIAA2013,0.0,0.7832411053770535
MBD6,0.0,0.783067417242684
NOM1,0.0,0.7813545293514627
TMEM102,0.0,0.7810219128977675
PTS,0.0,0.7809544422274954
SETD1B,0.0,0.7805541442768957
BCL3,0.0,0.780532567539836
ACBD3,0.0,0.7804616369445584
B3GALT6,0.0,0.7799782327308898
TTC27,0.0,0.7799313786542103
NARFL,0.0,0.7798009902960352
NGRN,0.0,0.7797663853617293
USP38,0.0,0.7795940928770247
AGPS,0.0,0.7794343108848683
KIAA1429,0.0,0.7791456237689245
SDPR,0.0,0.7791189608913476
ADCK4,0.0,0.7790648927277092
TUBE1,0.0,0.7788421695286882
GOLGB1,0.0,0.7787270518834134
ZNF3,0.0,0.7786963402022044
SLC10A3,0.0,0.7786666264744048
PREPL,0.0,0.7784232688469912
NACA2,0.0,0.7784043958940413
GOLGA3,0.0,0.7779280764093329
C22orf46,0.0,0.7777852871454051
TTTY15,0.0,0.7776301502950865
PHLDA1,0.0,0.7775655403890984
KIAA0226L,0.0,0.7773180677946083
ZNF266,0.0,0.7766164100111288
AARS,0.0,0.776397191292469
LINC00954,0.0,0.7760156966259244
UBE2Q1,0.0,0.7758479283586401
SKI,0.0,0.775673988773006
POLR1C,0.0,0.7755524101156555
TMLHE,0.0,0.7754841030230758
APEX2,0.0,0.775449547718756
DDHD1,0.0,0.7753877649996118
RPL18A,0.0,0.775269852769873
ZZZ3,0.0,0.7750695937331458
FAM114A2,0.0,0.7749228176515561
THRA,0.0,0.7747016201201512
FCGR1B,0.0,0.7745904286599717
ZBTB4,0.0,0.7741696563322606
GHDC,0.0,0.7736336979841953
COG3,0.0,0.7734377891225438
ZNF487,0.0,0.7734291181240599
SIGLEC7,0.0,0.7728359584361415
MINPP1,0.0,0.7727273640843145
RP11-403A21.2,0.0,0.7725534355714909
MTMR4,0.0,0.772342453397054
NAT6,0.0,0.7723037316352587
MYO9A,0.0,0.7722162851906488
MAST4,0.0,0.7721302527418443
FAM214B,0.0,0.7721147818433168
PECR,0.0,0.7717081311430221
CENPV,0.0,0.7712548297074986
PKNOX1,0.0,0.7712224347801833
PFDN4,0.0,0.7712049089510418
PCTP,0.0,0.7706957136417804
SPTY2D1,0.0,0.7704282840314787
GM2A,0.0,0.7703681249297196
PDE4DIP,0.0,0.7700760822501439
TRAF6,0.0,0.7698837895746212
SLC18B1,0.0,0.7696843996112004
TFIP11,0.0,0.7695771284819796
RP3-477O4.14,0.0,0.7694995334970519
SDE2,0.0,0.7690935992727364
RNASEH1-AS1,0.0,0.7689699192233032
C10orf128,0.0,0.7689591656188471
CD27-AS1,0.0,0.7685973227326233
CLIP4,0.0,0.7681150381580206
ZNF592,0.0,0.7679501023956705
HDGFRP2,0.0,0.7678096656166521
SIGLEC1,0.0,0.7677428715813395
DVL2,0.0,0.7677420251804727
RP11-455F5.5,0.0,0.7676050158793899
KDM1A,0.0,0.7673785185311035
RPL26,0.0,0.767043684528614
SRFBP1,0.0,0.7669789142103337
FZR1,0.0,0.7665845677712766
CANT1,0.0,0.7664251902320436
KLHDC7B,0.0,0.7662524805371937
RBM4B,0.0,0.7661739739627753
YTHDF1,0.0,0.766110264097991
RNF169,0.0,0.7654527908806333
RP11-403I13.8,0.0,0.7650347791264963
PGGT1B,0.0,0.7650341434797464
BACH2,0.0,0.7649499476447864
RUNDC1,0.0,0.7648996580897838
MTHFD1,0.0,0.764452797212196
PIKFYVE,0.0,0.7642240762199836
CNPY4,0.0,0.7640024381947337
SETDB1,0.0,0.7637677959948739
MAP3K4,0.0,0.7635421555083758
GNGT2,0.0,0.7630670113421196
BTBD7,0.0,0.7627175132822788
CTD-2020K17.1,0.0,0.7626657263986938
RC3H2,0.0,0.7619433794308625
LARP1B,0.0,0.7617940751971523
PRR3,0.0,0.7615909202852371
ARFGEF1,0.0,0.7615900562615343
RALGAPA2,0.0,0.7608649133147919
CA2,0.0,0.7608401304103839
RRAS,0.0,0.7607505022455543
CSAD,0.0,0.7606505982284817
CPT2,0.0,0.7603499254739314
CTC-250I14.6,0.0,0.7602965041439257
ZNF33B,0.0,0.7600570343237372
METTL16,0.0,0.7600097493446862
SPAG16,0.0,0.7594795277420948
C11orf30,0.0,0.7592818073180871
ZBTB14,0.0,0.7592586700213354
LEPRE1,0.0,0.7592034775309124
BRI3BP,0.0,0.7587720502973273
MFSD8,0.0,0.7586323355718583
RNF24,0.0,0.7585517708327342
FECH,0.0,0.7585194291319753
BICD2,0.0,0.758429422500359
PLAGL2,0.0,0.7583411182577089
BCAT2,0.0,0.7582262067745934
KLHL8,0.0,0.7582046089947715
TNFRSF10A,0.0,0.7578913689199586
VAMP1,0.0,0.7577566692725817
ARFGAP1,0.0,0.7575265094124883
ERO1LB,0.0,0.7573365943035376
CXorf38,0.0,0.7572030025345281
RNF25,0.0,0.7570703613287122
PJA1,0.0,0.757011220840576
HIVEP3,0.0,0.7565102037569673
GPR132,0.0,0.7564496823840627
TBC1D25,0.0,0.7556988941432545
XPO4,0.0,0.7554222625721644
LXN,0.0,0.7552739093714255
WDR5,0.0,0.7551056322788412
PNPLA4,0.0,0.7550602408121221
ADCK2,0.0,0.7550595767668352
MAP7D3,0.0,0.7547928473026915
POLR3F,0.0,0.7545116636592969
ZNF136,0.0,0.7541553707318307
FBXO28,0.0,0.7538392245209949
THADA,0.0,0.7537122335400381
METTL8,0.0,0.7534205409838035
MSH3,0.0,0.7533864391840752
KCNN4,0.0,0.7530101597260979
CD2AP,0.0,0.7529017921689529
PEX26,0.0,0.7526895934221883
RP11-861A13.4,0.0,0.7526780411764942
TMCO3,0.0,0.7525199872068346
KLRC1,0.0,0.7519202123390417
EID3,0.0,0.7519073888322296
DUSP3,0.0,0.75164521080698
TRAF4,0.0,0.7516386047707875
TDRD3,0.0,0.7511630712246619
HSPA13,0.0,0.7502920456033874
ZYG11B,0.0,0.7492651568884522
GPR137,0.0,0.7491351126114221
TRMT2B,0.0,0.7489322996090597
ELMO2,0.0,0.7488021511652756
LINC00998,0.0,0.748581528166503
NAT10,0.0,0.7485350710472651
UBE3C,0.0,0.7483674917309197
IDH1,0.0,0.7483275715083373
PIK3CG,0.0,0.7482443144334584
DNAL4,0.0,0.7480893461162392
MINK1,0.0,0.7475548278991141
FAM65A,0.0,0.7473921910946032
RNF26,0.0,0.7473669876589987
FAM118B,0.0,0.747349374119785
CSPP1,0.0,0.7467700044739501
MAP1S,0.0,0.7466663983651971
TELO2,0.0,0.746169959867163
POGLUT1,0.0,0.7460934314501334
NPHP3,0.0,0.74599535118821
NAF1,0.0,0.7459004958166742
DTNB,0.0,0.7453628452986335
CCL28,0.0,0.7453224912350102
SNX15,0.0,0.7451007345744906
MIOS,0.0,0.7447350786531663
ITGA5,0.0,0.7443898463458954
ARNT,0.0,0.7443741266727436
GOLPH3L,0.0,0.744359648149363
MXI1,0.0,0.7442050092352623
MED13L,0.0,0.7440924259831457
ANKMY1,0.0,0.7440135169238195
CEP120,0.0,0.7436950410315307
SMYD4,0.0,0.7436379356423474
HPGD,0.0,0.7435805053377152
RP11-936I5.1,0.0,0.7435472563770027
CCL3L3,0.0,0.7434551255351431
VPS13D,0.0,0.7427725566172574
CDPF1,0.0,0.7427329990595757
DHX8,0.0,0.7426892221578796
KDM7A,0.0,0.7426464257065916
ITPR1,0.0,0.7423031685013289
METTL2B,0.0,0.7422970590767688
TGDS,0.0,0.7420778241587268
RNGTT,0.0,0.7418448016199387
RP13-977J11.2,0.0,0.7417180413367904
ZHX1,0.0,0.7416988317787235
ZNF561,0.0,0.7416123212528081
PYGO2,0.0,0.7415205728223734
MRE11A,0.0,0.7414878127737891
PRIMPOL,0.0,0.7414428788071744
SMARCD2,0.0,0.7411457431880629
FBXL4,0.0,0.7410368089862569
SMIM13,0.0,0.7407729405039851
ZBED5,0.0,0.7405349464627301
TMEM120B,0.0,0.7403399094327616
CNEP1R1,0.0,0.7403220446277768
TRIM41,0.0,0.7401849751121742
MDS2,0.0,0.7398955539181825
ACTR8,0.0,0.7398712496052549
RP11-115C21.2,0.0,0.7397804156265263
TRIOBP,0.0,0.7396221716361843
TFCP2,0.0,0.7394424739044139
FAIM,0.0,0.739300964051941
SNX13,0.0,0.7392393000876817
BRAF,0.0,0.7386414107833175
GTPBP10,0.0,0.738396226433352
XXcos-LUCA11.4,0.0,0.7383046156663499
SPRYD7,0.0,0.7381514713939624
TBC1D23,0.0,0.7381037634752179
KAT2A,0.0,0.7379343267087307
SNORD3B-2,0.0,0.7378410594022368
SLC38A5,0.0,0.737725580131879
DGCR14,0.0,0.7372189357162613
NFE2L1,0.0,0.7371413355125456
ZNF609,0.0,0.7365109087296686
ZNF544,0.0,0.7364618859553634
VPS13B,0.0,0.7360031010120952
MAFG,0.0,0.7357415164993659
ZNF296,0.0,0.735201352084472
NSF,0.0,0.7351221130285887
APOO,0.0,0.7349861424565851
R3HCC1L,0.0,0.7347405517991347
BCL2L11,0.0,0.734035623275024
FAM86A,0.0,0.733664359688265
ANKRD49,0.0,0.7335896098215925
ABHD16A,0.0,0.7331211222859899
NUDT14,0.0,0.7330733545002189
SLC35E3,0.0,0.732714555793942
RP6-109B7.3,0.0,0.7325317150273917
PIAS4,0.0,0.7325246666635375
ZUFSP,0.0,0.7321055700819641
GPRIN3,0.0,0.7318999660787399
ADIPOR2,0.0,0.73178866943726
C10orf11,0.0,0.7314518000172695
BLZF1,0.0,0.7310637798723105
GTF2IRD2,0.0,0.7308855825325066
POMGNT1,0.0,0.730793935215908
RP11-222K16.2,0.0,0.7306013039946362
KLHL7,0.0,0.7293420085197456
NUDT4,0.0,0.7292029649743597
INPPL1,0.0,0.7290258830287225
PANK4,0.0,0.7289509165045694
ZP3,0.0,0.7286316709063504
ATP6V1A,0.0,0.7285287753241202
PPP1R14B,0.0,0.7283020890545479
FAM43A,0.0,0.7282249558503929
GMPR,0.0,0.7279378237815247
PLOD3,0.0,0.7278491338349036
ZNF37A,0.0,0.7274520580089971
SIRPA,0.0,0.7273773894407267
SECISBP2L,0.0,0.7267913382802016
TUBB2A,0.0,0.7265461420019849
TMCO6,0.0,0.7259475952627236
HAUS2,0.0,0.7259068134043453
C19orf12,0.0,0.725702439216785
HIST1H2BC,0.0,0.7253436616260263
SELO,0.0,0.7253119241499926
FAM174A,0.0,0.7251545658222449
RP11-421L21.3,0.0,0.7250703973531717
GNG11,0.0,0.7250548960556353
PAQR8,0.0,0.7248566459430461
LRRC8A,0.0,0.7241458118192186
LPAR5,0.0,0.7238780965387781
APAF1,0.0,0.7238762779055282
HMGCS1,0.0,0.7236105308400668
ABHD17B,0.0,0.723505196576665
ACSL6,0.0,0.7234331067495348
MRI1,0.0,0.7233834925438788
UBE2H,0.0,0.7233456178459247
TAOK1,0.0,0.7233368635516698
TSC22D2,0.0,0.7231456783068944
TSPYL4,0.0,0.7230893807894193
RCC1,0.0,0.7229718464237498
MCM3AP,0.0,0.7228775277250225
HMBS,0.0,0.7223931537549234
FAM105B,0.0,0.7223260685304854
BRD8,0.0,0.7216576061604171
RPS3,0.0,0.7213614140838783
CIC,0.0,0.7213465613429203
IL21R,0.0,0.7212840810361584
MBNL2,0.0,0.7211032842287094
MYO19,0.0,0.7206493238854004
TRIM65,0.0,0.720634189024917
JUP,0.0,0.7202463643018423
C1orf109,0.0,0.7202368393508936
IL1RN,0.0,0.7202169007111193
ERO1L,0.0,0.7199148392291916
TBCCD1,0.0,0.7198798322356597
EP400,0.0,0.7198106254672952
LRRC40,0.0,0.7197418500849833
TFAP4,0.0,0.7192935375125289
NR1D1,0.0,0.719292726355169
ZC3H3,0.0,0.7189885091783474
SLC25A40,0.0,0.7189808840326156
ANKRD26,0.0,0.7184689936966571
FOXRED1,0.0,0.7183684062972754
FAM210A,0.0,0.7181689482389609
CCDC93,0.0,0.7179944117816104
GRK5,0.0,0.7178338453090313
MCAT,0.0,0.7177397484154877
ADAM19,0.0,0.7170159328342309
TRPM7,0.0,0.7169352627594306
RP11-140K17.3,0.0,0.7163301731443471
SCAF1,0.0,0.7160565499304099
MPV17L2,0.0,0.7156566464342053
DOHH,0.0,0.7156000953509989
EPHB6,0.0,0.7154311715766496
CEP290,0.0,0.7151291327980882
ETFDH,0.0,0.7147205647761045
LINC01004,0.0,0.7147082969153616
CAMKMT,0.0,0.7146690200099406
HEATR5B,0.0,0.7146492845249737
DBR1,0.0,0.7144833490930447
KLHL6,0.0,0.7142917731684032
ZFP90,0.0,0.7141643497786184
AXIN1,0.0,0.7138528078948355
ZHX2,0.0,0.7137834912924526
NDRG2,0.0,0.7133091846077072
GPATCH2,0.0,0.7132984432943204
GEMIN2,0.0,0.7132943343439492
MOSPD1,0.0,0.7130896888440357
C4orf33,0.0,0.7129080645842243
ADAL,0.0,0.7123226724877397
PRDM4,0.0,0.7122881554887622
KLHL42,0.0,0.7116238130868955
FAM168B,0.0,0.7111515042324267
NR2C1,0.0,0.7111023847564836
RBAK-RBAKDN,0.0,0.7108523380934083
HINFP,0.0,0.7105548899975942
MMS19,0.0,0.7105013594997635
RFX1,0.0,0.7104678583224524
ZCCHC8,0.0,0.7103896578124924
TRAK2,0.0,0.710326762160463
IMPACT,0.0,0.710167645019725
GNAQ,0.0,0.7101486433866773
FAM208A,0.0,0.7101446678079991
SMG7,0.0,0.7098992051027175
HIPK2,0.0,0.709871339707703
ITFG3,0.0,0.7089634561662576
LTA,0.0,0.7086866728224036
PIP5K1A,0.0,0.7078835443071121
CDK5RAP2,0.0,0.7078241597860122
CDK19,0.0,0.7075757064042255
RIN1,0.0,0.7075691819215674
ORC3,0.0,0.7071724497215857
POU2F1,0.0,0.7068770251643868
MAD2L1,0.0,0.7066211438378944
SNX19,0.0,0.7065260579415225
ANKRD28,0.0,0.7064024179323526
TMEM234,0.0,0.70638353374265
NOTCH1,0.0,0.7061926560686367
ZNF264,0.0,0.7060341918620155
GNG10,0.0,0.7059357888346048
TATDN1,0.0,0.7058743683969602
RAPGEF6,0.0,0.705287969170643
SLC35A5,0.0,0.7050190247467327
USP12,0.0,0.7049836987160604
VCPIP1,0.0,0.7047678214180796
BCL11A,0.0,0.7043075486924003
ZBTB10,0.0,0.7042450983453141
ANKRD46,0.0,0.7035788509460518
BCKDHA,0.0,0.7034860859305426
ST6GALNAC4,0.0,0.7034258314986471
AGPAT4,0.0,0.7033502279978763
RPL3,0.0,0.7031194320006714
METRNL,0.0,0.7028177065865265
FCRL2,0.0,0.7026623980795179
AMMECR1,0.0,0.701876444417263
RP11-544A12.8,0.0,0.7017814231815301
WDR60,0.0,0.7017348668007849
ITCH,0.0,0.7014812655072212
TIMP2,0.0,0.7014092835987635
LINC00665,0.0,0.7012414561959365
NCOA2,0.0,0.7012028942580735
EPC2,0.0,0.7009834410024404
MT-CO1,0.0,0.7003904766250326
PAOX,0.0,0.7002931524036474
BPNT1,0.0,0.7001432654215936
BCL7A,0.0,0.6999774762616665
S100Z,0.0,0.6998823365610728
NUTM2A-AS1,0.0,0.6998385212837934
CARD9,0.0,0.6996063685227458
ZNF280D,0.0,0.6994931815600097
TSR1,0.0,0.6994479923019522
FOXN2,0.0,0.6992098113760395
RFXAP,0.0,0.698546034894725
PEX6,0.0,0.6983671238183831
CERS4,0.0,0.6981253362747095
VPS39,0.0,0.6980967990035329
CHUK,0.0,0.6980065992473719
RP11-356I2.4,0.0,0.6978659510494154
NEK9,0.0,0.697722264546514
SPIN1,0.0,0.6972306953024386
GALNT10,0.0,0.6971734445783028
RANGAP1,0.0,0.6971005846497006
SUCO,0.0,0.6970821570266117
SCML1,0.0,0.6969304862498417
AHR,0.0,0.696814974630428
LDOC1,0.0,0.6966393677280807
GNL3L,0.0,0.696205355220301
MYO15B,0.0,0.696193931167682
ASGR2,0.0,0.696005941191186
MOB3C,0.0,0.6958032698451484
FAM208B,0.0,0.6958000604415686
MAP2K6,0.0,0.695697143437731
ATP2A2,0.0,0.6951795660881401
FBXW7,0.0,0.6947690810934085
CDKAL1,0.0,0.6945081827139438
SAMD8,0.0,0.694323368962855
CCDC61,0.0,0.693375126706529
RNF121,0.0,0.6932981763224045
POMT1,0.0,0.6930612704919951
RBM43,0.0,0.6929329452079416
CD200R1,0.0,0.6928507985541194
ZNF576,0.0,0.6927278576758777
LMF1,0.0,0.6926889677530788
CLPTM1L,0.0,0.692480946840634
POC1B,0.0,0.6924610754981941
EP300,0.0,0.6920807978596262
ERCC4,0.0,0.6918567949685253
TRRAP,0.0,0.6918081074010658
RAB33B,0.0,0.6916785803187996
ADAM15,0.0,0.6913127926211687
ST3GAL4,0.0,0.6910717452736099
KBTBD2,0.0,0.6909278975560118
MIR4519,0.0,0.6908793582109253
RPL6,0.0,0.6905282480577332
PRKAB1,0.0,0.6905031058510892
H6PD,0.0,0.6902777399395371
NR1D2,0.0,0.6900847395871337
TUBGCP6,0.0,0.6894869713514672
PRIM1,0.0,0.6894823303226711
HEMK1,0.0,0.6894202275803557
KIAA0368,0.0,0.689173000533691
ALDH18A1,0.0,0.6890438411969921
TTC31,0.0,0.6889806040340318
COX15,0.0,0.6888130818759512
AGFG1,0.0,0.6885377955189645
MYL5,0.0,0.6883832304299197
C12orf5,0.0,0.6879048619427145
PGM2L1,0.0,0.6875690381977512
TLR1,0.0,0.6872922732292007
BRF2,0.0,0.687071566174298
PMS1,0.0,0.6864216385265921
CCNT2,0.0,0.6864122242997839
ANKIB1,0.0,0.6856330842882775
LINC00685,0.0,0.6850995800825046
SLC27A5,0.0,0.6850837102700643
USP25,0.0,0.6845540964462841
CCNT1,0.0,0.6840500444831324
RPL39L,0.0,0.6840102202772196
PSME4,0.0,0.6834782933626976
TRAPPC8,0.0,0.6832258229501238
SLC9A9,0.0,0.6831397197074308
AP5B1,0.0,0.6830303627905449
TOMM70A,0.0,0.6826937563761015
RILP,0.0,0.682474647351753
MED23,0.0,0.6822112192908826
SFMBT1,0.0,0.6819326656228482
TMEM161A,0.0,0.6818926944857576
UGCG,0.0,0.6818527892851778
PITPNM1,0.0,0.6817359807833341
RP11-262H14.3,0.0,0.6816247767945462
TBL1X,0.0,0.6814364496827903
HIATL1,0.0,0.6812477236103508
EPB41L3,0.0,0.6807913810671165
CYB561D1,0.0,0.6803113142602532
SH3D19,0.0,0.6802508698485235
AVL9,0.0,0.6800599884120648
CASC7,0.0,0.6797282957445496
TUT1,0.0,0.679697432176078
PARP6,0.0,0.6795882328450426
EMR1,0.0,0.6791944116900258
ENTPD3-AS1,0.0,0.6790497938991096
RANBP9,0.0,0.678583845794971
HLA-DOA,0.0,0.6785503382674332
SLC25A19,0.0,0.6784488187320321
CXorf56,0.0,0.6778138999810337
HYLS1,0.0,0.6774261364066225
GGA3,0.0,0.6774079266942447
THAP7-AS1,0.0,0.6772883562173395
CKAP2,0.0,0.677117003368414
TBL2,0.0,0.676677136081947
APOL2,0.0,0.6766398801418592
RFWD3,0.0,0.676184844219979
ZNF397,0.0,0.6761321872968489
PPOX,0.0,0.6760890551348999
TRMT11,0.0,0.6759188242248698
ZNF420,0.0,0.6758779880165281
NRF1,0.0,0.6755446231189075
PARD6A,0.0,0.6755260870252503
ARHGEF7,0.0,0.6754123376333597
HPS6,0.0,0.6754001590204073
RP5-1028K7.2,0.0,0.6751617585626861
TPCN1,0.0,0.6745770539504501
BCS1L,0.0,0.6738313590111462
FCRL3,0.0,0.6737985194998304
MFGE8,0.0,0.6737463919384012
MTHFD2L,0.0,0.6735435269308113
MORC2,0.0,0.6733768661515604
TUBGCP3,0.0,0.673335521733409
C17orf70,0.0,0.6733159294495403
TCAIM,0.0,0.6729832547695456
ZNF692,0.0,0.6726945272560704
IL18BP,0.0,0.6726417234345432
SKIV2L,0.0,0.6722344341588113
GOT1,0.0,0.6721377772096611
FAM69A,0.0,0.6721343475575721
IPO7,0.0,0.6718999920848981
ITGA6,0.0,0.6718922928032479
ORC2,0.0,0.6716842558532352
POMZP3,0.0,0.6709519109171496
EFHC1,0.0,0.6708848363354897
AC016629.8,0.0,0.6703657480863398
MECR,0.0,0.6702990485536718
FAM129C,0.0,0.6702735897781849
FURIN,0.0,0.670130275282227
LIN7B,0.0,0.67008354945256
ZMIZ1,0.0,0.6700466060219988
SMPD2,0.0,0.6699862270407244
RP11-693J15.5,0.0,0.6699519510631164
PEX14,0.0,0.669735486035572
PTRH2,0.0,0.6697211300252321
RNF144B,0.0,0.6696296071958484
USF1,0.0,0.6696127850571258
POLD3,0.0,0.6690987757055193
E4F1,0.0,0.6690330839945038
OGFRL1,0.0,0.6685283651148687
ARID3B,0.0,0.6684669217380266
TLR2,0.0,0.6679747638542951
ANKRD32,0.0,0.6678761398220963
LRR1,0.0,0.6678659070466961
RPP40,0.0,0.6677824892327765
CCR2,0.0,0.6673254752458035
PPP2R5D,0.0,0.6672576299597223
TJAP1,0.0,0.6670182897034517
RAD17,0.0,0.666757799361587
CXCL2,0.0,0.6667270790475635
MAP4K5,0.0,0.666605284986385
IRAK3,0.0,0.6665048496152769
SLC37A1,0.0,0.6659245939591562
ZNF786,0.0,0.6659143512645191
DIEXF,0.0,0.6657795446130181
PSTK,0.0,0.6651110772228627
CD226,0.0,0.664575811972187
CHAF1A,0.0,0.6644702291840188
SLC4A2,0.0,0.6642884638497507
RPS6,0.0,0.6641707417554995
AC079767.4,0.0,0.6638645245902492
XRCC6BP1,0.0,0.6636955882897387
LANCL1,0.0,0.663626725659016
ATP2C1,0.0,0.6636039242042091
FAM24B,0.0,0.662898386487105
RP11-326I11.3,0.0,0.6621439020751505
RP11-138A9.2,0.0,0.6617357085653037
UGDH,0.0,0.6617181669977018
TRMT1L,0.0,0.6616112218599124
SCAI,0.0,0.6615967737007373
RECK,0.0,0.6612896397128745
CDK8,0.0,0.6612329811588082
CDC34,0.0,0.6610738332058457
TGFBR3,0.0,0.6610239512003665
CCDC152,0.0,0.6609148823237737
SDR42E2,0.0,0.6605956526957598
ARIH1,0.0,0.6602623016660434
COG5,0.0,0.6601915668100418
SLC5A6,0.0,0.6599971003425484
MON2,0.0,0.6594234277567359
CD200,0.0,0.6591585700723099
NBAS,0.0,0.6588206069502203
BRF1,0.0,0.6581775737379345
ASTE1,0.0,0.6581027789614567
FNDC3B,0.0,0.6580541738997865
BDH1,0.0,0.6580491140824705
RP11-452F19.3,0.0,0.6579578713087243
KLHL12,0.0,0.6578682707561746
PWP2,0.0,0.6578011229204122
VPS52,0.0,0.6577730996094403
PI16,0.0,0.6577403250701406
UBR3,0.0,0.657453885283365
RABGAP1,0.0,0.657336747334195
CSNK1G3,0.0,0.6571496022173912
PCGF3,0.0,0.6571365224914232
PHLDB3,0.0,0.6569986292425513
ISYNA1,0.0,0.6568727044822555
KATNB1,0.0,0.65665299992065
PRRC1,0.0,0.6566186514711553
EFCAB4B,0.0,0.6565940686616378
IL15RA,0.0,0.6565771928902602
OLIG1,0.0,0.6565635516587633
PYGB,0.0,0.6561835931835303
SHMT1,0.0,0.6559147134779478
RPL19,0.0,0.655598225057841
RIPK3,0.0,0.6553452470657727
PXMP2,0.0,0.6548841403304696
OSBPL11,0.0,0.6547805746080113
ATP9B,0.0,0.6545861274763147
WRAP53,0.0,0.6544464328022794
BTN2A2,0.0,0.6544081250536546
DNAJC14,0.0,0.6540305361088448
STX6,0.0,0.6533508371967657
RAD54L2,0.0,0.6528056336182962
LEMD3,0.0,0.6524657386453563
ZNF429,0.0,0.6523420160565216
GNPNAT1,0.0,0.6522090550653733
TMEM68,0.0,0.6520340280612262
KLHL5,0.0,0.6520301511098185
HSPA6,0.0,0.6519930876265582
KIAA0513,0.0,0.6514860536593656
TRMT61A,0.0,0.6514361693697208
ULK2,0.0,0.6513868547012074
PPTC7,0.0,0.651245879804493
FBXO38,0.0,0.6511962236498315
IL13RA1,0.0,0.6511797990630855
UBR7,0.0,0.650861514577221
NUDT15,0.0,0.6504979201761081
CHST7,0.0,0.6500467080166218
SGSH,0.0,0.6497429904554569
C17orf75,0.0,0.6496601528677837
ANKRD27,0.0,0.6495693031807845
ZNF460,0.0,0.6495132574900292
SP4,0.0,0.649441926774129
SMARCAL1,0.0,0.6492669567877792
IMPAD1,0.0,0.6491691868523478
DCAF16,0.0,0.6490288084206542
KIAA1328,0.0,0.6488398112479251
RNF111,0.0,0.6486168773432225
ZBTB11,0.0,0.648598903113019
SFXN5,0.0,0.6485044479200608
TMEM150A,0.0,0.6484785583906592
TRAPPC9,0.0,0.6483977763097143
DCTN4,0.0,0.6481931772461041
TBC1D2B,0.0,0.6480908034352804
KIF20B,0.0,0.6479854106871256
PATL1,0.0,0.6478757877155009
ZNF512,0.0,0.6476355123111338
CXCR5,0.0,0.6474615796030003
XPO7,0.0,0.646377600901179
GTF2H2,0.0,0.646165870613454
RRNAD1,0.0,0.6460916538007605
IFI27L1,0.0,0.645877268671044
MILR1,0.0,0.6456822231175872
PTGIR,0.0,0.6452311649124511
RBM34,0.0,0.6452070063854254
C1orf56,0.0,0.6451890208915976
MYCL,0.0,0.6447208163228068
YWHAG,0.0,0.6446648969283078
AIDA,0.0,0.6445032657633115
TMEM206,0.0,0.6442095697138054
LRRC42,0.0,0.6439486018082282
MAP2K5,0.0,0.6427668073866222
CLYBL,0.0,0.6426992821854941
TMEM254,0.0,0.6425592997484164
RAMP1,0.0,0.6421771648143764
ESCO1,0.0,0.6417335155333755
RNF157,0.0,0.6416299217532816
KLHL9,0.0,0.6415429214850104
TPRG1L,0.0,0.6415370337563608
TTBK2,0.0,0.641312638052276
CCR1,0.0,0.6411550279367351
ESRRA,0.0,0.6410977427462479
NME2,0.0,0.6410256417047012
CCDC117,0.0,0.6409327805614418
STK11,0.0,0.6408693833368925
DPYSL2,0.0,0.6404879297763267
AC004951.6,0.0,0.6401909297967292
MEN1,0.0,0.6394555608864128
ELK4,0.0,0.6384598989774921
POGK,0.0,0.6382150539051772
MTMR3,0.0,0.6378644550060443
TMEM186,0.0,0.6376885075547205
ZNF318,0.0,0.6374714860873391
LIMD1,0.0,0.6373647859185754
GPATCH3,0.0,0.6373079082629647
KCTD17,0.0,0.6364540199232744
MIR22HG,0.0,0.6362703333519669
PHF10,0.0,0.6361474183618357
RP11-285F7.2,0.0,0.6360453916751366
CTC-378H22.1,0.0,0.6357659635927121
DLEU1,0.0,0.6357231584016576
HEG1,0.0,0.6356867373667219
WDFY2,0.0,0.6356320566770614
NUDT7,0.0,0.6356108998811023
KIR3DL2,0.0,0.6351681756304556
EID2B,0.0,0.6351613715761123
FAM76B,0.0,0.6347425299550951
NF1,0.0,0.6347267534401749
SH3TC1,0.0,0.6347072759794771
ZNF317,0.0,0.6341799528646817
ABCC1,0.0,0.6340202919542591
ZNF254,0.0,0.6337215035980901
TMEM256-PLSCR3,0.0,0.6335845632864219
MAP3K7CL,0.0,0.6333554961380379
C19orf55,0.0,0.6331593448072383
RP13-582O9.5,0.0,0.6331023125897624
CWF19L1,0.0,0.6330629403033231
CAPN10,0.0,0.6324697767670819
HDAC8,0.0,0.631417641312832
RFNG,0.0,0.6314069285543887
CRAT,0.0,0.631062484813109
RAB20,0.0,0.6308502099282058
PHF8,0.0,0.6301929833284863
FGFR1OP,0.0,0.629996843329405
PCYOX1,0.0,0.6298070974448323
USP19,0.0,0.6297606812664893
PSMC1,0.0,0.6297098148407673
FAM126A,0.0,0.6295968221778309
SPAG9,0.0,0.62915171105657
NEURL1,0.0,0.6291207186139266
SPARC,0.0,0.6290325509053482
KRT1,0.0,0.62879177770615
TNFAIP8L1,0.0,0.6287573689997275
PDE8A,0.0,0.628749532829215
RBM41,0.0,0.6286188391465224
SPATA2L,0.0,0.6285968492599016
LIG1,0.0,0.6282397176386688
SLK,0.0,0.6280759114800075
NAA30,0.0,0.6274893495953439
PRDM1,0.0,0.6271880109200711
CTD-3074O7.5,0.0,0.6267928064870426
CCDC92,0.0,0.6267538351346016
CDR2,0.0,0.6266638104892045
GABBR1,0.0,0.6263617217007782
TXNL4B,0.0,0.6260902884986146
FLYWCH1,0.0,0.6259784393233275
TEX30,0.0,0.6257564595243672
FAF2,0.0,0.6256687147942733
SIGLEC5,0.0,0.6255176742065615
TVP23B,0.0,0.6254881833492208
DGCR6,0.0,0.6252102551388689
SIK3,0.0,0.6251362039415154
RMND1,0.0,0.6245233982034003
GLYCTK,0.0,0.6243251011366198
SETD4,0.0,0.6241336655307721
NSMF,0.0,0.6240981043179282
SIGLEC9,0.0,0.6233639938836223
RUNX2,0.0,0.6231934233080306
DHDDS,0.0,0.6231317040716926
PIGV,0.0,0.623126326826443
ACAD9,0.0,0.6226759144515481
DNAJC13,0.0,0.6223948398153288
MAF,0.0,0.6222344950953221
ATAD3A,0.0,0.6221983092634195
RBKS,0.0,0.6220671900512817
ASB6,0.0,0.6218070172274418
LCLAT1,0.0,0.6217232066853468
C9orf37,0.0,0.6216600920669471
AHI1,0.0,0.6216235640720111
ADAT1,0.0,0.6214742078026142
FAM101B,0.0,0.6214236783306377
AC016831.7,0.0,0.6210073091250587
TBC1D19,0.0,0.6208021839814749
ADAM17,0.0,0.6202473669615897
C18orf25,0.0,0.6201574270173811
MED12,0.0,0.6201442274347818
ZDHHC13,0.0,0.6198462611321132
FAM13B,0.0,0.6198215542225264
SPATS2,0.0,0.6197772135363163
WDFY4,0.0,0.6197452922222125
MT1E,0.0,0.6196034189841673
REV3L,0.0,0.6195672796597171
SAMD4A,0.0,0.6193053749648522
RP5-1180E21.5,0.0,0.619199606440271
CR1,0.0,0.6191618237500115
RPL15,0.0,0.6191023895520245
MGLL,0.0,0.6190695924078727
ST20,0.0,0.6189918514783311
WDR12,0.0,0.6189189036712406
ZNF395,0.0,0.6188169990311162
ZMYND11,0.0,0.6187809870562689
TAF9B,0.0,0.6186596751512046
HLA-G,0.0,0.6186523385611462
ZFYVE19,0.0,0.6185648489197347
PIGO,0.0,0.6183938203690397
CBX4,0.0,0.6183933013485986
SMG9,0.0,0.6181978366267307
SLC35C1,0.0,0.6181561953511261
MXD3,0.0,0.6181043942990379
GSK3A,0.0,0.6178333405571319
FAM91A1,0.0,0.6177697751461365
ATE1,0.0,0.6177678118125717
ZBTB17,0.0,0.6176578097362231
ASNS,0.0,0.617571421829327
AKAP1,0.0,0.6174016404348867
NCBP1,0.0,0.6172149491564612
TTC13,0.0,0.6171383784652389
AMN1,0.0,0.6171342336472561
TTC33,0.0,0.6169076351600219
TAF6L,0.0,0.6166397494536954
FAM178A,0.0,0.6164269397898299
CD93,0.0,0.6163584748392187
DYRK1A,0.0,0.6160949265023575
ZNF439,0.0,0.6158934501393142
CRCP,0.0,0.615816993492998
AQR,0.0,0.615147824292154
MRGBP,0.0,0.6150075954765718
OPA3,0.0,0.6138355889670872
HNRNPA1L2,0.0,0.6137579349656627
NSDHL,0.0,0.613715543770111
ATP6V0A2,0.0,0.6136559963157107
PDE4A,0.0,0.6134638039977656
DAAM1,0.0,0.6134435058288306
ITPR3,0.0,0.6132702302318661
C6orf120,0.0,0.6129202338289883
PLXND1,0.0,0.6127682893574673
SLC35E2B,0.0,0.6125284894148995
COL18A1,0.0,0.6125051495895837
PRIM2,0.0,0.6124394296188636
AP4B1,0.0,0.6121000633615581
EREG,0.0,0.6120954646100588
MAFF,0.0,0.6119492949867636
COG6,0.0,0.6116123557775159
CKMT2-AS1,0.0,0.6114822164935277
INO80D,0.0,0.6114153651467555
SMN2,0.0,0.6114015720158523
HS2ST1,0.0,0.6110639776984651
UBE2T,0.0,0.6107896639843718
ELMSAN1,0.0,0.6107062634244902
PURA,0.0,0.6101848544216856
HES1,0.0,0.6099295788432039
TIMM21,0.0,0.6097983099364863
RAB3IP,0.0,0.6096699003184631
UHRF1BP1L,0.0,0.6092378637038729
ZSWIM8,0.0,0.6089309021247589
TOP3A,0.0,0.6086162565083681
TMEM99,0.0,0.6085510703497469
BTAF1,0.0,0.6083786607992505
AGO1,0.0,0.6082281107386901
GLTSCR1L,0.0,0.6080707838201086
AGFG2,0.0,0.6080379334320974
TRPS1,0.0,0.6070357170289306
IPO4,0.0,0.6069541034403622
MGAT5,0.0,0.6068422669675247
RP11-620J15.3,0.0,0.6065522589558954
SMIM8,0.0,0.6064442193507985
RNF185,0.0,0.6059114380319588
OTUD4,0.0,0.6057200887756446
DZIP3,0.0,0.6056690382021148
LZTFL1,0.0,0.605580086537871
NELFB,0.0,0.6054772917417384
COX10,0.0,0.6054737148910492
ZCCHC2,0.0,0.6053714798741586
WDYHV1,0.0,0.6053563469524531
ITPRIP,0.0,0.6052095127998753
GLCCI1,0.0,0.6050392048381676
FAM188A,0.0,0.6049016405367103
CARKD,0.0,0.6047008059682913
HAUS8,0.0,0.6045654740063683
TMEM87B,0.0,0.6045646609169838
ABL2,0.0,0.6042942210789201
MARCH8,0.0,0.6041379123254567
PPP4R1,0.0,0.604063718329461
PIGB,0.0,0.6036698396640829
GFPT1,0.0,0.6034802421122859
PEX7,0.0,0.603374127471966
C12orf4,0.0,0.6032689879772664
ZNF846,0.0,0.6031104888152492
DGKE,0.0,0.6030057667171927
WWOX,0.0,0.6029805627055694
TMEM8A,0.0,0.6025379634681935
VILL,0.0,0.6022978634769909
TCTN1,0.0,0.6022496149818299
GBE1,0.0,0.602001390459424
LILRA6,0.0,0.6019198788233019
ZNF563,0.0,0.6016893128465575
MTR,0.0,0.6016836601151831
SNX8,0.0,0.6012239414236638
CAMTA2,0.0,0.601086513444094
CDYL,0.0,0.6010496183824813
EMC2,0.0,0.6007799272598261
STRN4,0.0,0.600272276546521
SNHG10,0.0,0.6001180210417417
STX3,0.0,0.5999993813135215
IFT74,0.0,0.5999680416450976
KAT2B,0.0,0.5998550447958526
FMN1,0.0,0.5994626637267807
RPS14,0.0,0.5992552881940018
WWC3,0.0,0.5992062298870059
MTM1,0.0,0.5990652832525408
KDM3A,0.0,0.5989050249596315
RRAGB,0.0,0.5987190738004592
PLXNC1,0.0,0.5987079538580126
DHRS13,0.0,0.5984842317885215
HCAR3,0.0,0.5984197602955023
CTD-3138B18.5,0.0,0.5983425176188989
TMEM191C,0.0,0.5983030391113066
NRDE2,0.0,0.5978799447342292
MOSPD2,0.0,0.5977529272359502
FAM117B,0.0,0.5977513357148252
ATG7,0.0,0.5976990284281816
SLC2A1,0.0,0.5975305986683315
C1orf27,0.0,0.5973219521495927
ATG16L1,0.0,0.597219130575643
PDCD11,0.0,0.5970927520757302
SZT2,0.0,0.59706323951136
DDX20,0.0,0.5970121745378034
STAP1,0.0,0.5968504957489568
TNF,0.0,0.5966689279564344
DIAPH2,0.0,0.596535312240987
TIAM1,0.0,0.5963400230824674
SART3,0.0,0.595338416689932
GFOD1,0.0,0.5953321696552515
MED13,0.0,0.5952795527260497
GTF2I,0.0,0.5945263692255444
ANAPC1,0.0,0.5944116855278055
DPH2,0.0,0.5943939851884927
CEACAM21,0.0,0.5942085072405016
MBD3,0.0,0.5941468242089017
FAM73A,0.0,0.5940424096029554
ATG9B,0.0,0.5940153022764205
ABCG1,0.0,0.5936108330228241
TOX,0.0,0.5933495116894382
KANSL3,0.0,0.5933221202052709
LCN8,0.0,0.5932209766930835
LOH12CR2,0.0,0.5930169533629269
C7orf43,0.0,0.592582997885166
FBRSL1,0.0,0.5923811162039588
PDE6B,0.0,0.5920604290251145
SLC11A2,0.0,0.5920572864574267
SUV420H2,0.0,0.592046661917675
SLC25A42,0.0,0.5919217418316003
DCAKD,0.0,0.5915775389398075
ZDHHC5,0.0,0.5915513114249012
FAM8A1,0.0,0.5913613845561588
C9orf64,0.0,0.5910217212883111
MARCH9,0.0,0.5909544741078447
PRPF39,0.0,0.5907061125964188
KIFAP3,0.0,0.5906664901458479
TRUB1,0.0,0.5906353903505709
RPL28,0.0,0.5903573567859564
PWWP2B,0.0,0.590033365651158
DENND4C,0.0,0.5897298387413005
CHAMP1,0.0,0.5892502044684467
RP5-1091N2.9,0.0,0.5891692098128641
IL2RA,0.0,0.5887163277803898
GID4,0.0,0.588612605753334
KBTBD3,0.0,0.5884524621925304
HDAC9,0.0,0.5878861506937699
VIPR1,0.0,0.5876832225881672
EPOR,0.0,0.5871688397779374
GMDS-AS1,0.0,0.5870653348172664
HEATR1,0.0,0.5866725187316634
ASRGL1,0.0,0.5864986011252554
ZFX,0.0,0.5863756708588723
RCCD1,0.0,0.5863452886202818
PEX1,0.0,0.586273848356693
NFYA,0.0,0.5862361806738025
ENGASE,0.0,0.5859027016758679
DAGLB,0.0,0.5856838029783039
CPOX,0.0,0.5853642349504855
BEND5,0.0,0.5853278406359399
ETV3,0.0,0.5850472255791814
NVL,0.0,0.5850427398300534
RP11-640M9.1,0.0,0.5847495371356238
ACSL4,0.0,0.5841327116741184
TCF3,0.0,0.583914669152267
RPL32,0.0,0.5837132745739104
CTB-58E17.1,0.0,0.5836972650993681
NMB,0.0,0.5832124439883324
OTUD6B,0.0,0.5830146003404109
SENP5,0.0,0.5827539338794601
PPP1R12C,0.0,0.5827212374014918
RP11-65J3.1,0.0,0.582710141294297
CTC1,0.0,0.5824571852958134
INTS6-AS1,0.0,0.5819569912810065
GTF3C2,0.0,0.5816750546848111
TGIF2,0.0,0.5815543292792654
BTBD2,0.0,0.5814460617358176
ANKRD37,0.0,0.5812797655005567
ZNF468,0.0,0.5812561849395677
BBS2,0.0,0.5811795160514993
PAPOLG,0.0,0.5810934414883678
SBF2,0.0,0.5808547772501609
ERCC2,0.0,0.5808004674979703
C7orf60,0.0,0.5803748883485897
TTPAL,0.0,0.5802851939535018
RARG,0.0,0.5802622709574186
SGK223,0.0,0.5794856975189414
LETM1,0.0,0.5792404611225078
CACNA2D3,0.0,0.5791927899314592
PDDC1,0.0,0.5788982360161284
ATG9A,0.0,0.5787929288579108
NARS2,0.0,0.5781789167221674
C11orf49,0.0,0.5778958599763431
C12orf73,0.0,0.5778325581632638
ZEB1,0.0,0.5778059921505843
ELP4,0.0,0.5776515986998038
ZFHX3,0.0,0.5773771480400741
GCC1,0.0,0.577220459630133
FNIP2,0.0,0.5767828419022375
HAUS6,0.0,0.576666461913276
MAP3K6,0.0,0.5761573821416249
SLC25A14,0.0,0.57582359744439
HECTD4,0.0,0.5757755959816596
TSGA10,0.0,0.5753462373102088
SYTL2,0.0,0.5752598767309817
HLTF,0.0,0.57516623109356
ZC3H7B,0.0,0.5750492666840894
AC002117.1,0.0,0.5749862088815092
MYSM1,0.0,0.5747784993983635
TRAK1,0.0,0.574486109286626
SS18,0.0,0.5736624855699202
XXbac-BPG252P9.9,0.0,0.5735825454701443
ZNF211,0.0,0.573458842657478
NAA25,0.0,0.5734246245300033
PDE4D,0.0,0.5733931463445643
ZNF236,0.0,0.5733583932694961
CDC23,0.0,0.5732461631880924
PXMP4,0.0,0.5731418518369634
IKZF3,0.0,0.5731297460880248
AP3S2,0.0,0.5730742035937929
TAB1,0.0,0.572987842365304
DGAT1,0.0,0.5728176649537813
RHEBL1,0.0,0.5727348931981097
EPG5,0.0,0.5727012582875294
FASTKD5,0.0,0.5724984130706894
PUS7L,0.0,0.5721752986290733
NOL9,0.0,0.5721655155637934
PAPD5,0.0,0.571611964392642
VIPAS39,0.0,0.571576444019388
MTMR10,0.0,0.5713667674278021
TM7SF2,0.0,0.5705207926389564
CDC27,0.0,0.570244589596524
FAM213A,0.0,0.5699645466259174
TRIQK,0.0,0.5699013566051778
NAPEPLD,0.0,0.5697195440046112
PLA2G7,0.0,0.5694888603308227
TOE1,0.0,0.5689865171246596
USP42,0.0,0.5686000547853423
CUL4B,0.0,0.5685372751153679
GPR89A,0.0,0.5683580076081208
USPL1,0.0,0.5682462570948207
PBX4,0.0,0.5682131288194835
NUP43,0.0,0.5680088141640853
METTL22,0.0,0.5679881847721405
PCED1A,0.0,0.5679778962436681
NFS1,0.0,0.567433544310973
HPS5,0.0,0.5670649288109693
GALNT6,0.0,0.567007605734191
ZNF611,0.0,0.5670073845813051
P2RY13,0.0,0.5665648604997326
EHBP1,0.0,0.5665289300195447
GTSF1,0.0,0.5663558903404686
SMG5,0.0,0.5663402238186036
MDM2,0.0,0.5660676170174782
D2HGDH,0.0,0.5658359188640132
LMNB2,0.0,0.5650444567790431
PHC2,0.0,0.5647407848506594
SH3GLB2,0.0,0.5640084364716865
ZNF268,0.0,0.5639738104378483
ABHD8,0.0,0.5639347998437937
PHRF1,0.0,0.5637154052358703
MTRF1L,0.0,0.5635506111721371
TMEM39A,0.0,0.563131807217988
GK,0.0,0.5627587849135268
ZNHIT6,0.0,0.5626175296167881
RALGAPB,0.0,0.5625639166111277
ZNF566,0.0,0.562178835274756
TTC39B,0.0,0.5619887246753688
TMEM209,0.0,0.5619323026929034
FLCN,0.0,0.561745207660479
PIK3C2A,0.0,0.5617199798015421
PPRC1,0.0,0.5612772936135048
DTD2,0.0,0.560961106175203
AGL,0.0,0.5609250332666915
SGMS1,0.0,0.5603563466345367
RAB13,0.0,0.5603224066252439
POLB,0.0,0.5602054871306337
DUSP14,0.0,0.5598266504432375
CEP19,0.0,0.5597864895652003
TMEM131,0.0,0.5595956118844146
CDC42EP2,0.0,0.55951976025077
AGMAT,0.0,0.5594283347136476
MAGED1,0.0,0.559389389959874
NOC3L,0.0,0.5593552938884916
UBXN2B,0.0,0.5588522288675025
POT1,0.0,0.5586176612792024
LYPD3,0.0,0.5584866931673759
TNFSF14,0.0,0.5581998616930104
PIP4K2C,0.0,0.5579341102782732
ZDHHC21,0.0,0.5574150422058919
AC022182.3,0.0,0.5572150285419912
HNRNPU-AS1,0.0,0.557187364541241
SOS1,0.0,0.5567168095836215
SLC39A11,0.0,0.5566735818267283
DNAJC11,0.0,0.5566274046192904
RPTOR,0.0,0.5564136223285896
MIR4458HG,0.0,0.5561552859544149
POC5,0.0,0.5559869687100577
ZNF669,0.0,0.5559572224470426
WDFY1,0.0,0.5557105680067455
HHLA3,0.0,0.5557020535892694
MAN2A1,0.0,0.5555881402071527
METTL14,0.0,0.5552643864999729
ACTA2,0.0,0.5552030819992435
PTPN12,0.0,0.5550020714623479
DKFZP761J1410,0.0,0.5546778004513592
C2orf43,0.0,0.5543420605158622
FTO,0.0,0.5542401246129975
LRRK2,0.0,0.5539791870640423
TATDN2,0.0,0.5536604996749593
ICA1L,0.0,0.5536556781515826
C16orf58,0.0,0.5535232276441804
NF2,0.0,0.553360165689221
ZBTB40,0.0,0.5532984279309027
INTS3,0.0,0.5531359751589024
RP11-545E17.3,0.0,0.5531301362304342
MAPK8IP3,0.0,0.5530517185611078
CBR3,0.0,0.5520917124061558
RBBP5,0.0,0.5517174696427126
EZH2,0.0,0.5514449817645626
RP5-887A10.1,0.0,0.5513792805247628
RP11-111M22.3,0.0,0.5513377781263518
EPHA1-AS1,0.0,0.5511213221939099
ORC5,0.0,0.5509528634303125
PARP16,0.0,0.5509216730639409
FASLG,0.0,0.5508384090804229
ZXDC,0.0,0.550818481941079
ARHGAP18,0.0,0.5508111926477989
TOR1B,0.0,0.5507372013921626
IPP,0.0,0.5506682085544305
SLC24A4,0.0,0.5506604933154422
GATSL3,0.0,0.5506194698676738
N6AMT2,0.0,0.5504350463250914
C2orf76,0.0,0.5499154497050904
PIAS2,0.0,0.5499148053218597
TAF1,0.0,0.5498727427115634
PLXDC2,0.0,0.5496528463063325
RLF,0.0,0.5496179590990236
GPD1L,0.0,0.5489238627455425
PIGL,0.0,0.5487707812909787
RASGRP3,0.0,0.54876668896815
ZNF548,0.0,0.5486183177008271
ZMAT1,0.0,0.5485771958153619
MFSD6,0.0,0.5482844824888813
FADS2,0.0,0.5480267224718531
NAPB,0.0,0.5478124408295056
FAM179B,0.0,0.5477347699668195
CLP1,0.0,0.547598278212951
PRR14L,0.0,0.5473094936747515
C1orf216,0.0,0.5472731135534284
SYNGAP1,0.0,0.5469879737029913
LINC00094,0.0,0.5469692206126937
GTDC1,0.0,0.5467370034806558
WDR75,0.0,0.5460004193933424
TARS2,0.0,0.5456485497945229
KDM5C,0.0,0.5456213867047304
TTLL3,0.0,0.5454487736590855
GGT7,0.0,0.5452968718469289
C12orf66,0.0,0.5451958576448755
RDH5,0.0,0.5445089888208924
CCDC34,0.0,0.544490918957527
NSUN4,0.0,0.544488913262186
RP11-44N11.2,0.0,0.544478305473438
GPR75-ASB3,0.0,0.5442580156765167
LONP1,0.0,0.5438049735299111
ENO3,0.0,0.5437765114179957
FFAR2,0.0,0.5435446592199873
TIMM8A,0.0,0.5434934776266745
ACP2,0.0,0.5433215471546459
PDP1,0.0,0.5429540020074941
KIAA1109,0.0,0.542918972117817
INTS1,0.0,0.5425786165526074
IL18RAP,0.0,0.5424619578036324
FOXK2,0.0,0.5424476701500321
CHN2,0.0,0.5421248507618059
ZNF227,0.0,0.5420735945259421
HIRA,0.0,0.5417702573554403
RP11-473M20.9,0.0,0.5417213079541758
SERPINB8,0.0,0.5413185365353325
FLNB,0.0,0.541283442911766
DHX57,0.0,0.5411951459962963
CXorf21,0.0,0.5410570474292781
KIAA0195,0.0,0.540938975227375
ZDHHC18,0.0,0.5409231115833784
IFNG-AS1,0.0,0.5407947075935827
METTL25,0.0,0.540751847411518
H2AFY2,0.0,0.540672742038947
CTD-2267D19.2,0.0,0.5406599921104447
SFT2D3,0.0,0.5404779119342503
LINC00339,0.0,0.5403040086428528
SLC9A8,0.0,0.5401909340490815
SENP2,0.0,0.5399950940165131
MED21,0.0,0.5398753863086859
MED22,0.0,0.5397306916365402
ZNF559,0.0,0.5396050035868687
GTF2H3,0.0,0.5394919428881674
BMI1,0.0,0.5392996781404893
HARS2,0.0,0.5389749086611593
C2CD5,0.0,0.5389535582297648
ZNF680,0.0,0.5388705319755686
UBAP2,0.0,0.5387937601969616
KMO,0.0,0.5386188002872505
C4orf29,0.0,0.5385764080760077
TFE3,0.0,0.5385470594668692
CA11,0.0,0.5385317618809605
RP11-127B20.3,0.0,0.5380250893544755
AP001258.4,0.0,0.5378660484386159
DCBLD1,0.0,0.5377010082581873
MLYCD,0.0,0.537568265776773
ZNF333,0.0,0.537518329556713
NCOA6,0.0,0.5374961275123151
DSE,0.0,0.5373427841629662
PLEKHG3,0.0,0.5372993390756737
PLEKHM2,0.0,0.5369698332748908
ERI1,0.0,0.5369627754375171
BMPR2,0.0,0.5365814909716022
DRAM1,0.0,0.5365265316554002
IDE,0.0,0.5362699732482263
MBD5,0.0,0.536253969618001
ZNF181,0.0,0.5362373090455627
FAM98B,0.0,0.5361920512399583
NEIL1,0.0,0.5361686983417582
PCBD2,0.0,0.5361352349477795
TBCK,0.0,0.5353663078552632
HDAC6,0.0,0.535084126294475
MLTK,0.0,0.534902202995402
LRP2BP,0.0,0.5348539090741168
MICU3,0.0,0.5347985872982919
GTF2E1,0.0,0.5346385732702601
FUT8,0.0,0.5339435121557817
G2E3,0.0,0.533599626352889
IKBKAP,0.0,0.5335302003684766
ZW10,0.0,0.533479134595279
RP11-110A12.2,0.0,0.5331077171863251
EDC3,0.0,0.5326645357475644
NCOA5,0.0,0.5323767035050233
RELL2,0.0,0.5320134748138864
GPR114,0.0,0.5314680614878708
OXSM,0.0,0.5313856278229429
DENND4A,0.0,0.5310654705300691
LDLR,0.0,0.5306799522620061
SCAF8,0.0,0.5303649094820202
NEK6,0.0,0.5303570178513686
ZMIZ2,0.0,0.5303485934245671
AK9,0.0,0.5302708739448072
ALG1,0.0,0.5302273517565522
WASH4P,0.0,0.5301630877582048
ARL13B,0.0,0.5300895919451621
NLE1,0.0,0.5300358822781698
NCAPD2,0.0,0.5299154770476772
SSFA2,0.0,0.5295508319429522
KMT2B,0.0,0.529440117803584
CLIC4,0.0,0.5292805452865983
TLR4,0.0,0.5292388370406342
ENDOG,0.0,0.5292152665302785
DOCK9,0.0,0.5291725918083463
SPECC1,0.0,0.5290312151069229
SIAH1,0.0,0.5287046342311154
RABL2A,0.0,0.5284012637633163
MED9,0.0,0.5281395961047625
CEP250,0.0,0.5279885880040973
WDR3,0.0,0.5279349587286437
PAM,0.0,0.5278356233579256
STK11IP,0.0,0.5277404259762812
RP11-25K19.1,0.0,0.5273285305448328
GAS2L1,0.0,0.5272163789129237
RPS18,0.0,0.5270274561061128
HIST1H2BN,0.0,0.526874349873211
ZNF683,0.0,0.5268029337928417
C1orf54,0.0,0.5267624097597421
RNF219,0.0,0.5265351295857071
PURB,0.0,0.5262794772746138
HMG20A,0.0,0.5261334788255619
DENND6A,0.0,0.5260307470262117
LDB1,0.0,0.525943030962601
SUSD1,0.0,0.5251991238156895
SLC25A22,0.0,0.5250003794340998
TANGO6,0.0,0.5249844881540098
ANKMY2,0.0,0.5246128025486321
CEP170,0.0,0.5245149823245068
METTL2A,0.0,0.5237697323817375
BCDIN3D,0.0,0.5236555744274234
FBLN7,0.0,0.5231660548411639
C1QA,0.0,0.5231075525294107
LRIG1,0.0,0.5227482455570538
ACSL1,0.0,0.5223723924955453
TNFRSF13B,0.0,0.5222438800659981
CYFIP1,0.0,0.5218147449447393
MOV10,0.0,0.5217736366557395
C11orf71,0.0,0.521491280687219
ZNF568,0.0,0.5213485657441892
TMEM185B,0.0,0.5211571949766548
MGAT4B,0.0,0.521061930951981
ACOT4,0.0,0.5210362708513897
TYW5,0.0,0.5209554563910993
THAP6,0.0,0.5206984747676109
CTB-133G6.1,0.0,0.5206544407648434
CCDC64,0.0,0.5206457625606462
CENPB,0.0,0.5204014966162446
CSNK1E,0.0,0.5203657673469235
ALYREF,0.0,0.5199412128930997
SEPN1,0.0,0.51981496145374
NAIF1,0.0,0.5196751400065226
RP11-295G20.2,0.0,0.5196199655248791
TRIM47,0.0,0.5195872792813381
F13A1,0.0,0.5192343232417997
RP11-400F19.6,0.0,0.5190545621470689
FAM199X,0.0,0.519041250385709
TNFRSF13C,0.0,0.5190258998985008
FXYD1,0.0,0.5188745204052767
UBASH3B,0.0,0.5188138035151428
RP11-802E16.3,0.0,0.5188022587329447
TRIM16,0.0,0.5187535849253757
EBLN2,0.0,0.5185667118156896
MALAT1,0.0,0.5184856510898185
KDM4A,0.0,0.5183121963047503
C14orf93,0.0,0.5181320112267285
C14orf28,0.0,0.518098344132455
RP5-1068E13.7,0.0,0.5176511101525738
C11orf54,0.0,0.5175737417925539
SLC39A9,0.0,0.517451682857097
PLCXD1,0.0,0.5171744146915008
CNOT6,0.0,0.5170153938922019
GFOD2,0.0,0.5169131124776719
SREBF1,0.0,0.5168928232416888
CENPN,0.0,0.5167471124381067
SASS6,0.0,0.5165734629593302
DHODH,0.0,0.516414090212385
HIST1H2BD,0.0,0.5162717824221401
DYNC2LI1,0.0,0.5162678808116947
ICAM1,0.0,0.516212908685936
PRKAR1B,0.0,0.516031200879771
PANK3,0.0,0.515397642143285
MB21D1,0.0,0.5153022542649967
HCAR2,0.0,0.5150649204080011
BACE2,0.0,0.5150222393919458
ZC2HC1A,0.0,0.5149796079619909
KLC2,0.0,0.5145951936665983
LRRN3,0.0,0.514413981860509
HPSE,0.0,0.5144079042349851
UBL7-AS1,0.0,0.5142718178885306
RP11-343N15.5,0.0,0.5141475098693351
L3MBTL3,0.0,0.5140531572321944
VAV3,0.0,0.5139324944812103
ZFYVE16,0.0,0.5138402723466416
FAH,0.0,0.5133232715820103
SRRD,0.0,0.5132258918792837
TTI2,0.0,0.5131793401676177
COG8,0.0,0.5131574370357369
C2CD2L,0.0,0.5131164568548852
FADS1,0.0,0.5130701702731831
PPAP2A,0.0,0.5128059907530128
SLC26A11,0.0,0.5127796731605127
GSTT1,0.0,0.5126864329946441
RP11-63P12.6,0.0,0.5124813957837017
PTGDS,0.0,0.5122519146150338
KIAA1407,0.0,0.5122419453656749
IL18R1,0.0,0.5121871360693792
SGK3,0.0,0.5120351768216371
PAX5,0.0,0.5120149455625962
NAB1,0.0,0.5116658810415425
RP5-821D11.7,0.0,0.5115148451221515
KLHL21,0.0,0.5114681898813499
TK2,0.0,0.5113611354167846
FOXK1,0.0,0.5112518340641476
ACRBP,0.0,0.5110814604571905
ABCA7,0.0,0.5109860324901956
AC113189.5,0.0,0.5109235357374656
E2F3,0.0,0.510875741719366
MAP1LC3A,0.0,0.5108142387102633
WDR81,0.0,0.5107777032597438
NBPF1,0.0,0.5103833966486097
TDRD7,0.0,0.5103058700655652
HIST1H1E,0.0,0.510238641426768
TBC1D22B,0.0,0.510174639730634
DDI2,0.0,0.5101500053551002
AP4M1,0.0,0.5098420777453241
FBXW4,0.0,0.5094643290265144
TRMT12,0.0,0.5092119326196896
STAG3,0.0,0.5091010545027971
SLC25A12,0.0,0.5087748307129856
AGPAT5,0.0,0.5085189633366808
CBWD5,0.0,0.5083083576245803
LINC00528,0.0,0.5082640548517314
SPEF2,0.0,0.507944298748952
CTA-384D8.34,0.0,0.5073398018841945
VPRBP,0.0,0.5073283792228801
TNKS,0.0,0.5072920766967368
ACACA,0.0,0.5069268950960428
TMEM185A,0.0,0.5068381076280543
NPC1,0.0,0.5067682383148324
TLK2,0.0,0.5067028094601216
WDR34,0.0,0.506645770031791
QTRTD1,0.0,0.5066382832432356
RAVER1,0.0,0.5061675332029871
CTA-217C2.1,0.0,0.5060092332651551
TMEM168,0.0,0.5058477192710161
SQLE,0.0,0.5057932818142814
RP3-402G11.26,0.0,0.5053032128443903
ZG16B,0.0,0.5052231205668244
NEK1,0.0,0.5049686038174839
TAOK2,0.0,0.5049662085907642
MAN2A2,0.0,0.5047745872398824
ZC3HC1,0.0,0.5047430582890797
DIP2B,0.0,0.5043739574360482
FAM213B,0.0,0.50414511514808
METAP1D,0.0,0.504105593940632
ZFP64,0.0,0.5037511800567832
UBE3D,0.0,0.5033467037473129
KIF21B,0.0,0.5030490685818635
PARP2,0.0,0.5028707265078568
MYO5A,0.0,0.5026743520544211
CERS6,0.0,0.5024605114241816
SETD6,0.0,0.5024270409860634
SRP14-AS1,0.0,0.5023889121348274
AP001055.6,0.0,0.5022774291126623
ZNF641,0.0,0.5021031099992079
GPATCH1,0.0,0.5019939559169951
CLASP1,0.0,0.5019412587206749
SPTLC1,0.0,0.5018771073843801
ZGLP1,0.0,0.5017130651631542
TBCE,0.0,0.5015476815269853
ATAT1,0.0,0.5014016907778985
CTC-301O7.4,0.0,0.5012603464607972
ATP8A1,0.0,0.5006432134804618
CLMN,0.0,0.5004191278141767
FAM50B,0.0,0.5003623950636512
IL18,0.0,0.5000840001301261
SLC25A44,0.0,0.5000376161784091
MTA2,0.0,0.4998715101288489
USP9Y,0.0,0.4997702367911619
DTX2,0.0,0.499755190862961
RP11-395A13.2,0.0,0.49973623000671413
GCN1L1,0.0,0.4996651873089234
PHKA2,0.0,0.4996268988339708
KIAA0232,0.0,0.49953016054050475
MEMO1,0.0,0.4991771174991308
LIMS2,0.0,0.49914382958870923
VPS33B,0.0,0.49898587119115784
ZBTB22,0.0,0.498798217407464
NICN1,0.0,0.4986647991416674
TPTEP1,0.0,0.49843329734308345
WDR36,0.0,0.4983122439514114
SEC31B,0.0,0.4981745753182731
CLK2,0.0,0.4978375856154924
RP11-708J19.1,0.0,0.49773343942467435
MTA3,0.0,0.49752602452235484
CD99L2,0.0,0.49736836840376847
MTMR2,0.0,0.49730433355014236
TMEM181,0.0,0.49617895459106887
C1RL,0.0,0.4961160813477851
CCDC77,0.0,0.4958947346133487
RP13-270P17.3,0.0,0.49584985788727337
PRKRIR,0.0,0.4958303992043659
CBFA2T3,0.0,0.495779276279042
ICOSLG,0.0,0.49572211377691405
L3HYPDH,0.0,0.4953870942076734
SGPL1,0.0,0.49537615500614024
ZNF514,0.0,0.4947618903967284
GANC,0.0,0.4947134423489874
EIF5A2,0.0,0.4945155229661596
ZMYM4,0.0,0.49450568922286064
PPM1D,0.0,0.4944425094498523
CTU2,0.0,0.49437588375374264
MYBBP1A,0.0,0.49410555150950514
LGMN,0.0,0.49408330456754174
LPAR2,0.0,0.49388297942789566
GDAP2,0.0,0.49380808953921207
ZNF701,0.0,0.4936535264471334
SLC35B4,0.0,0.49354095390517916
GALNS,0.0,0.4932490817163126
HSDL1,0.0,0.49322407587364775
KIAA2018,0.0,0.49317555689217224
UBR1,0.0,0.4930062271319219
C16orf70,0.0,0.4929524711093963
SLC25A53,0.0,0.49262940462725413
ATP6V1E2,0.0,0.49236172430817415
F2R,0.0,0.49226068590545746
CRTC1,0.0,0.4920464749984322
POLR1B,0.0,0.49201726029828674
SLC25A13,0.0,0.4918113668629184
FUZ,0.0,0.49174919334940875
GIGYF1,0.0,0.49170495902962225
GBA2,0.0,0.49167016101768923
UBE2V1,0.0,0.4913839565725152
FMNL3,0.0,0.4913607113799289
SLC38A6,0.0,0.4912534982765976
DYRK1B,0.0,0.49108809227778694
ZC4H2,0.0,0.49099379524633663
WDR89,0.0,0.49090833295550357
TUBGCP4,0.0,0.4908978275992515
AGO2,0.0,0.4907900516379655
ZDHHC17,0.0,0.4905976357607688
SRF,0.0,0.4901723949214681
PPME1,0.0,0.4901458456501903
SRGAP2,0.0,0.48992668149085
CTC-378H22.2,0.0,0.48991624203516604
SEMA4B,0.0,0.489881226286618
EP400NL,0.0,0.48979703815156855
CCP110,0.0,0.4897423822759079
PFKFB3,0.0,0.4896932854806216
DCP1B,0.0,0.48964031550460757
ZFAND4,0.0,0.489621375657736
LRRC57,0.0,0.48954584091402975
CASP2,0.0,0.4894292669254112
RPL13,0.0,0.4891763900842707
CD163,0.0,0.4890104118076785
RP11-539L10.2,0.0,0.48885146348491587
RP11-327P2.5,0.0,0.48868313903006616
PIGA,0.0,0.4886445202544779
POLR3A,0.0,0.4883638970613988
RPS2,0.0,0.48836215998754623
KIF3B,0.0,0.488158983095261
RP11-661A12.7,0.0,0.48794444606297
SLC20A2,0.0,0.4879121391134116
HN1L,0.0,0.48781170125496404
JRKL,0.0,0.4869664156498412
KIAA1468,0.0,0.48619534495461636
TTYH2,0.0,0.48612790752141544
PTCHD3P1,0.0,0.4860046106706944
CASP9,0.0,0.48591338420540947
CCDC132,0.0,0.4859113816418273
TTC21A,0.0,0.485520564422787
LINC00937,0.0,0.48525077844140235
RBM47,0.0,0.4850933325232189
HDAC4,0.0,0.48494677248147505
SLC25A51,0.0,0.4848643996050726
RPLP1,0.0,0.4846270374238478
KLHDC10,0.0,0.4843521149813404
DOCK5,0.0,0.4840993324047922
NUFIP1,0.0,0.48394738768420376
LRRC45,0.0,0.4837957737566373
RWDD2B,0.0,0.4836412066576123
ANO9,0.0,0.483453543678435
ZNF681,0.0,0.4831075646620596
CLCC1,0.0,0.48299637685026386
UGGT1,0.0,0.48294415632528637
SNTB1,0.0,0.4828644128964485
PEX5,0.0,0.48285127956598795
ZNF250,0.0,0.48278167729633137
HDHD1,0.0,0.48254212865002694
LIMK1,0.0,0.4824940904648954
CYP27A1,0.0,0.48246450434247984
FAM195B,0.0,0.48240367760662767
ALDH6A1,0.0,0.48231547446706796
LINC00526,0.0,0.4821826628373131
TOLLIP-AS1,0.0,0.48211463269576077
MSH6,0.0,0.482074046126992
MTRF1,0.0,0.48205643085978883
LRRC23,0.0,0.4819602320768491
ZNF25,0.0,0.4819315945855308
OSGIN2,0.0,0.4815602012871953
RP11-345P4.9,0.0,0.48139806639818705
TRAPPC11,0.0,0.48139078249657596
SIGLEC14,0.0,0.48121809745640887
SMAD4,0.0,0.48120507897581577
SYT11,0.0,0.481188703017696
LIPE-AS1,0.0,0.48098390803427266
RLTPR,0.0,0.48095711640877414
TMEM161B,0.0,0.48088933668290995
LYSMD3,0.0,0.48087085931827217
RAD51B,0.0,0.4806536283160657
TTLL5,0.0,0.4804279033546624
MAPK6,0.0,0.48039070643342974
CLSTN3,0.0,0.48038706656250624
DAPK1,0.0,0.4802829196836257
RPL11,0.0,0.4800294847058661
TOMM34,0.0,0.47961391133475934
CSF2RB,0.0,0.47955844382966956
RHPN1,0.0,0.47953942104943154
TRIT1,0.0,0.47934147206059596
RP11-103G8.2,0.0,0.47919420189445994
YAE1D1,0.0,0.47899996659879995
NHEJ1,0.0,0.4787007036621104
PLCD1,0.0,0.4786192814107216
FAM73B,0.0,0.47846726965237774
SLC12A6,0.0,0.4784226104929378
RNF139-AS1,0.0,0.4783405858755694
FAM122C,0.0,0.478119653828282
RP11-104L21.3,0.0,0.47807107306133484
FAM98A,0.0,0.47773546280205914
CARF,0.0,0.47760167053402786
ARID1B,0.0,0.47717138190777053
SLC35F6,0.0,0.47713741860964065
TTI1,0.0,0.4766388052747781
MYO1C,0.0,0.4765771031110473
MDN1,0.0,0.47653753370480123
IRGQ,0.0,0.4764778231099523
ECE2,0.0,0.47631790246503564
MORC2-AS1,0.0,0.4763109604055358
ZNF714,0.0,0.47586584617715383
DCAF4,0.0,0.475787580742678
PCNXL4,0.0,0.47550200148368554
MUT,0.0,0.47547205311232543
TXLNA,0.0,0.47540952817996157
UBA6-AS1,0.0,0.47539436603398966
CROT,0.0,0.47537663172328015
RP11-468E2.5,0.0,0.4753548069425334
B3GNTL1,0.0,0.47494321290629027
DHFR,0.0,0.4749401435022387
ERCC6L2,0.0,0.47486327991558824
TAF2,0.0,0.47485802808815225
AC009403.2,0.0,0.47478710881163644
ATMIN,0.0,0.47478663167346286
HBEGF,0.0,0.47473367818271184
STRN,0.0,0.47471511694917073
SLC39A13,0.0,0.4746929962461671
YEATS2,0.0,0.4746616685933536
BCR,0.0,0.47436217682963916
NACC2,0.0,0.4741567643443524
SLC29A1,0.0,0.47397689242704893
SETD1A,0.0,0.4739203360209602
RNF19B,0.0,0.47368167323531024
NT5E,0.0,0.4728252951010431
ACSS2,0.0,0.47274824589249304
SNTB2,0.0,0.47274273153653296
TP53BP2,0.0,0.4727079153480854
MAFK,0.0,0.4726394617894962
AGAP2,0.0,0.47245775917356964
C21orf119,0.0,0.4723467112072583
ZNF584,0.0,0.4721970793892675
SMPDL3A,0.0,0.47203059926008095
RP11-22N19.2,0.0,0.47198386948246196
AHCTF1,0.0,0.47197790046197546
POLD1,0.0,0.47194388040754776
ZCWPW1,0.0,0.4715097923180841
POFUT1,0.0,0.47120363548650646
RP11-799D4.4,0.0,0.4710785484436268
CCDC51,0.0,0.47103344343789466
GXYLT1,0.0,0.4709237066106991
C11orf68,0.0,0.47086948161319225
ARHGAP10,0.0,0.47081863135591145
JAKMIP1,0.0,0.47069430782010185
ABCC5,0.0,0.47054734434573703
GORASP1,0.0,0.4705258458258364
KB-1208A12.3,0.0,0.4703287614206262
THUMPD2,0.0,0.47022609815677185
RMDN2,0.0,0.46988312058395726
WDR53,0.0,0.4697879015941019
XXYLT1,0.0,0.4696625000991708
ENOX2,0.0,0.4694435862467472
BCAS3,0.0,0.4693882992194113
ZMYM6,0.0,0.46925270449649137
ATXN7L3,0.0,0.4690558618257066
ALKBH1,0.0,0.46858148864326976
APOL1,0.0,0.4685116260442839
APOM,0.0,0.46830947887053587
NKRF,0.0,0.4682936243411578
C3orf58,0.0,0.46819481802384993
RABL5,0.0,0.46772722179734
MPP6,0.0,0.46767206855300436
PHF7,0.0,0.4675784077123657
PM20D2,0.0,0.46741685109978653
ASB7,0.0,0.4672635944365224
RP11-65I12.1,0.0,0.4671972241656223
ACSF2,0.0,0.46709234723940335
ARMCX5,0.0,0.4670453990034154
ARID3A,0.0,0.4669610374388653
RINT1,0.0,0.4667071980366478
BBS7,0.0,0.4665145875645803
TNFSF8,0.0,0.46645921906422727
GIT1,0.0,0.46637796115782915
FANCL,0.0,0.46605173149360174
NOP14,0.0,0.46603019289786674
TOR4A,0.0,0.46590637333526624
ENDOD1,0.0,0.46584618397573613
CLEC16A,0.0,0.4654649035335756
IL11RA,0.0,0.46539527210613063
COX18,0.0,0.46534889918162353
GTF2A1,0.0,0.46529649718340016
TRIM35,0.0,0.46522090095027485
GPR160,0.0,0.4652094811016936
GCNT1,0.0,0.4651743500296859
GBGT1,0.0,0.4651283492857668
PITPNB,0.0,0.46473222097044764
HKR1,0.0,0.46452333231193016
KIF21A,0.0,0.46450588523777586
RP11-390E23.6,0.0,0.4641862804969737
RP11-428G5.5,0.0,0.4640582408725512
ZNF783,0.0,0.4638389831528142
TBC1D2,0.0,0.4635845922864787
ARSK,0.0,0.46325701770474154
NCALD,0.0,0.4628659923018701
C10orf35,0.0,0.46273612416673643
ZNF587,0.0,0.4627336867566906
LIPT2,0.0,0.46256007597879645
ZNF600,0.0,0.46255979312559237
AC008964.1,0.0,0.4625498604792109
UBFD1,0.0,0.4623336322634721
JAK2,0.0,0.46222104506520006
RP11-147L13.2,0.0,0.4619815122886643
MAP9,0.0,0.46186489412294557
SYNC,0.0,0.46154307362515284
SLC35D2,0.0,0.4613348506841695
KIAA1432,0.0,0.46122767125477554
APITD1,0.0,0.4612083467307943
NOP14-AS1,0.0,0.46093203874685007
PRKAB2,0.0,0.46079508793924673
SENCR,0.0,0.460763203224459
WARS2,0.0,0.4607334470549404
RAB11B-AS1,0.0,0.46042887915443914
OSBPL7,0.0,0.460254073153604
TTC16,0.0,0.4600441913553218
CTC-444N24.11,0.0,0.45998319466272636
RAB11FIP2,0.0,0.4599177565829065
PIDD,0.0,0.45989861601609816
PCBP4,0.0,0.45984282065715715
THOP1,0.0,0.45955579898602705
NSUN3,0.0,0.4595095784979379
JMY,0.0,0.4593694126417779
PRRT3,0.0,0.4593359353211565
LIG3,0.0,0.4592928202455118
RHOQ,0.0,0.45926307053816806
USP53,0.0,0.45911213305214243
PIP5K1C,0.0,0.45874095641410084
ZNF362,0.0,0.45852127148725286
ABHD15,0.0,0.4581924257140581
ATR,0.0,0.45794584172401526
PIK3CA,0.0,0.4575806726773546
LRCH1,0.0,0.4575418895808715
PPP2R5B,0.0,0.45683678626233976
LLGL1,0.0,0.456662950121198
PTPN11,0.0,0.4565867766671007
WDR92,0.0,0.45656875855750173
NSUN6,0.0,0.4565648005829404
SAP130,0.0,0.45626800181685895
NBPF12,0.0,0.45612019387466224
ZNF747,0.0,0.45604867883998357
COQ3,0.0,0.45583344546191923
TRIB3,0.0,0.455803035135662
PPP2R2B,0.0,0.45573835711347604
MTERF,0.0,0.4553115719307713
HELB,0.0,0.45509172064431824
FANCA,0.0,0.4549573192905063
FPGT,0.0,0.4548456274600435
INPP5B,0.0,0.4546253106195195
RBM19,0.0,0.454432154197789
VPS18,0.0,0.4543500652378469
EDEM3,0.0,0.45426149713202796
NME7,0.0,0.454239749656584
WBSCR16,0.0,0.4542247009096977
GATC,0.0,0.4540731392359584
ANO10,0.0,0.454010347943432
GALE,0.0,0.45394239907460837
ZNF708,0.0,0.45392583948993975
PPFIA1,0.0,0.453683934939713
SARS2,0.0,0.45367212277185887
RBM45,0.0,0.4533885032295468
PIK3CB,0.0,0.4533040033646259
PRMT3,0.0,0.4532053658131754
RABL3,0.0,0.45300114611532805
ZRANB1,0.0,0.4528278829242536
ERLIN2,0.0,0.452689811987421
IPO8,0.0,0.45267572453185057
PTGS1,0.0,0.45260738987274796
SIRT3,0.0,0.4524133180542421
TEX10,0.0,0.45231647661403557
BPHL,0.0,0.45189169975394744
PRUNE,0.0,0.45175891875302
CPEB4,0.0,0.451656321551779
ULK1,0.0,0.451596015977638
RP11-58E21.3,0.0,0.4514276333104552
RP11-109G23.3,0.0,0.4510014772166389
PRKCZ,0.0,0.4509628313180767
HOMEZ,0.0,0.4507346564167797
SLC27A1,0.0,0.450551381966875
TMEM86B,0.0,0.45054633015646184
RP11-85F14.5,0.0,0.45051031152231336
RHBDD3,0.0,0.4502214183753825
GMNN,0.0,0.4500976680843861
ERMARD,0.0,0.4499155905866265
APC,0.0,0.4497993867277474
RP11-690G19.3,0.0,0.44976599083764945
ADO,0.0,0.44972180379116145
PPARA,0.0,0.44959478220883825
KSR1,0.0,0.4493449773051663
WNT10A,0.0,0.449292722989442
CUL9,0.0,0.4488082599398787
AGPAT9,0.0,0.4487945043589638
TUBG1,0.0,0.44873645509217586
CAPN15,0.0,0.44873504819490073
CCDC86,0.0,0.44857748129843966
FAM76A,0.0,0.4485553419700361
LMAN2L,0.0,0.44844857716566855
MT-ATP8,0.0,0.4483884381044663
ZNF180,0.0,0.44834569020305776
TBC1D10B,0.0,0.4482960919674412
FCHSD1,0.0,0.4480792196441929
SLC9A1,0.0,0.44763091706110747
ZNF529,0.0,0.4473916517789986
DDX26B,0.0,0.44721846922960456
TRDMT1,0.0,0.44671003352670746
MTOR,0.0,0.4466333132470283
ARHGAP35,0.0,0.44656325851168727
MAPK7,0.0,0.4463752219491427
HEXIM2,0.0,0.4460376320192188
FCF1,0.0,0.4460226746915606
KLHL2,0.0,0.4454512009567317
KCTD10,0.0,0.44518858287974833
RNF123,0.0,0.4450206379842531
LINC00426,0.0,0.44490077571598835
TCN2,0.0,0.4446560374204366
PPP1R37,0.0,0.44464626495478465
SLC17A5,0.0,0.44444159227256236
hsa-mir-8072,0.0,0.44441286873352087
ICA1,0.0,0.4442319295380759
RRP36,0.0,0.44422447282901734
SDSL,0.0,0.4442203707686002
C10orf88,0.0,0.44421784741845427
FGD4,0.0,0.44412419783205126
ABL1,0.0,0.443860153958992
CEP89,0.0,0.44354148965538825
SLC30A1,0.0,0.44353436019393205
MVK,0.0,0.44329728551994513
FXYD2,0.0,0.4430732414752689
JDP2,0.0,0.4429071919303925
ARFGEF2,0.0,0.44286999939010413
INTS9,0.0,0.4427690225226745
RUFY3,0.0,0.442666328127677
PPP1R16B,0.0,0.4426385367285441
ZNF664,0.0,0.4425731755033934
BMF,0.0,0.4425072366913487
MYL9,0.0,0.44236076937293495
HEATR3,0.0,0.4421264590918963
C2orf42,0.0,0.4421179472217115
TSEN2,0.0,0.44200605671450577
PRR5L,0.0,0.4418401767370663
C16orf98,0.0,0.44164574079958724
ZNF689,0.0,0.4416140829748079
PFN2,0.0,0.44111346984083044
CTBP1-AS2,0.0,0.4410295847939809
CHCHD6,0.0,0.44084695947528374
SLC4A10,0.0,0.4404575265067469
EFTUD1,0.0,0.4398586869993506
CHSY1,0.0,0.439695350122344
ATP10D,0.0,0.43897520199006584
RP11-473M20.14,0.0,0.4388645405443002
SPICE1,0.0,0.43872316152945845
DUSP7,0.0,0.4385911301958353
SEC22A,0.0,0.4385357640406484
MTERFD3,0.0,0.4384205290354216
PAN2,0.0,0.4381598024454655
C2orf74,0.0,0.43815788265397954
COG7,0.0,0.4378066516359667
RUFY2,0.0,0.43779553738519733
TADA2B,0.0,0.43747144218803974
C7orf31,0.0,0.4374606999430524
ARHGEF9,0.0,0.43739998412862857
ACBD4,0.0,0.43739310900372136
TTLL12,0.0,0.4373767367189469
TTL,0.0,0.4373224103909333
TIPIN,0.0,0.43713908726294476
ZNF573,0.0,0.436572228965919
SLC35F5,0.0,0.4360964144966506
SLFN11,0.0,0.4358326456828327
FAM84B,0.0,0.4357791568886519
CRY2,0.0,0.4355440669421976
PEX10,0.0,0.43548286297965255
HBA1,0.0,0.43537163997274914
ZNF124,0.0,0.4350491918755242
FAM63A,0.0,0.4345361929547149
VSIG1,0.0,0.4341705643916119
UTP15,0.0,0.43406279248667684
RYK,0.0,0.4338452731488598
GTF3C3,0.0,0.43384267501373186
RP11-353N4.4,0.0,0.43372605440848216
STAM,0.0,0.43352514608734044
SDCCAG3,0.0,0.43349660151833036
ZNF789,0.0,0.4322657336633144
OSBPL3,0.0,0.43211687088809864
BCOR,0.0,0.4321090423820793
GSE1,0.0,0.4317117120779175
GPATCH11,0.0,0.4316101028620063
HIST4H4,0.0,0.43159555233377134
SLC37A4,0.0,0.4315643217393858
TAF1A,0.0,0.4313158507560361
HYI,0.0,0.4312533085279988
ZNF678,0.0,0.4311775396852142
ELMOD2,0.0,0.4311299880866256
C3orf62,0.0,0.43066378627413543
GPR107,0.0,0.4304633148807925
MED14,0.0,0.4304497205554379
EIF4ENIF1,0.0,0.4302668307418514
LY75,0.0,0.4302659531856923
HCFC2,0.0,0.43005988809207246
NHLRC2,0.0,0.4300049061917017
HMGB3,0.0,0.42920177054705805
RP11-182L21.6,0.0,0.42901193400456006
NAP1L5,0.0,0.42875547220573273
MFN1,0.0,0.428712097562503
TNNT1,0.0,0.4283940171555798
PDSS1,0.0,0.4282955709023383
BAG4,0.0,0.42825373027321045
PLD6,0.0,0.42813219601892066
PCDH9,0.0,0.4280097663218814
ADNP,0.0,0.42796289075742044
BBS9,0.0,0.42772065196193454
STX2,0.0,0.42737138682050035
FADS3,0.0,0.4272839113071912
ZNF85,0.0,0.4271187091982967
WDR76,0.0,0.42674219222153187
FCRL5,0.0,0.42666561910986217
RP11-345J4.5,0.0,0.42661417379057576
GPR35,0.0,0.42657205570469087
PSKH1,0.0,0.426443924514854
RAB30,0.0,0.42624126168068677
PHLDA2,0.0,0.4260823976627789
MAVS,0.0,0.4257093027841456
TAF1C,0.0,0.425522696614193
PDIK1L,0.0,0.42504592757131326
ZMYM3,0.0,0.42476193537566537
AP006621.5,0.0,0.4246352837578087
WHSC1,0.0,0.4236601321247081
ACVR1,0.0,0.42329937483104313
KRT18,0.0,0.4229650374950461
RP11-325F22.2,0.0,0.4229198073722856
RBM15,0.0,0.422829361209713
NEK8,0.0,0.4228094353645205
GLT1D1,0.0,0.4228029568938378
NUP35,0.0,0.4227478479254124
TULP4,0.0,0.4225400441445659
EVA1C,0.0,0.42248417069947347
SERPING1,0.0,0.42236626805353444
ADCK5,0.0,0.42230537965803117
SPATA2,0.0,0.42222990342089356
PPP2CB,0.0,0.422041004595904
TNRC18,0.0,0.42177774286877245
PIGM,0.0,0.4216518829441624
SERPINI1,0.0,0.4215071787073259
HAUS5,0.0,0.42145971714867
CAMSAP1,0.0,0.421438077198695
CXCR6,0.0,0.4209245956700454
PGAP3,0.0,0.4208984888768909
ZBED6,0.0,0.4207106573954465
ABCC10,0.0,0.4204361808280287
NACC1,0.0,0.42021528147016735
TRERF1,0.0,0.42007075215046596
ZFP82,0.0,0.42003858509356173
AKT3,0.0,0.4198698740931094
XXbac-B135H6.15,0.0,0.41977332238958415
ZNF526,0.0,0.41962687067578425
CXorf65,0.0,0.41955361041357414
DHX34,0.0,0.4195502752383359
IFT88,0.0,0.41921094350933
LRRC61,0.0,0.4191217994013526
OSBP,0.0,0.4184583729566992
THAP5,0.0,0.4184285757030854
CENPM,0.0,0.41812661407089957
ZNF426,0.0,0.4180833401134716
C20orf194,0.0,0.4177085574633598
OLFM2,0.0,0.4176654642040828
RASA1,0.0,0.41763112441711914
OSBPL10,0.0,0.4173786219834252
PPP2R1B,0.0,0.4172960825711853
SNX30,0.0,0.4172054726786335
NUP155,0.0,0.41694512745062995
A2M-AS1,0.0,0.41684019831497027
PTPN23,0.0,0.41677262905150797
RP5-886K2.3,0.0,0.4165372845013762
PANX1,0.0,0.4164025295458782
TADA2A,0.0,0.41631396567851653
ZNF197,0.0,0.41620210641499145
KCNMB1,0.0,0.4161537575315223
AC074289.1,0.0,0.41607300687730775
CHAC2,0.0,0.41604449249751985
C9orf91,0.0,0.41603400557391496
DCAF17,0.0,0.4160252511481047
LINC00987,0.0,0.41598355575565293
MAPK9,0.0,0.41593137574545
SMKR1,0.0,0.41590841227871367
ZNF43,0.0,0.4158954274542635
RP11-611L7.1,0.0,0.415497749489315
TP73-AS1,0.0,0.4154901819979689
SH3BP5-AS1,0.0,0.4153849484422897
CSRP2BP,0.0,0.4152953276549582
SYNE3,0.0,0.41516814322307743
C5orf22,0.0,0.41513995611906734
HOXB-AS1,0.0,0.41509206444392877
ALG14,0.0,0.41468624914472985
DNAJC24,0.0,0.4142537620245671
FAM193A,0.0,0.4140786835122044
TKTL1,0.0,0.4140631588556951
TCF20,0.0,0.41384756582337107
KDM6A,0.0,0.413837803262152
MEX3C,0.0,0.41380557129843665
ZNF528,0.0,0.41373890679797237
RHBDD1,0.0,0.4135639184302848
SPINT1,0.0,0.4134952687427572
C16orf72,0.0,0.4133189196152604
AREL1,0.0,0.41323434593137853
ACSM3,0.0,0.41313871096070093
RPGR,0.0,0.4130638642968314
RSBN1L-AS1,0.0,0.41302730365539564
SCRN3,0.0,0.41300859761120023
NOP9,0.0,0.41275628886648613
RP11-500C11.3,0.0,0.412752920437896
AC079922.3,0.0,0.41273276862442815
GOLGA1,0.0,0.41267538424746586
RFX3,0.0,0.412534324692261
RP5-882C2.2,0.0,0.41235157393838723
STK39,0.0,0.41222460610918343
GUF1,0.0,0.4121730673753223
CXorf24,0.0,0.4121728905386094
LINC00863,0.0,0.4120049740918382
TTN-AS1,0.0,0.41198086352994884
BTBD9,0.0,0.4119168765667933
RP11-156E8.1,0.0,0.41179959431890983
PFKM,0.0,0.41163005055690327
RNF144A,0.0,0.41161624671350927
ZNF628,0.0,0.41158362051457037
ZNF200,0.0,0.4114888556177147
TADA1,0.0,0.41144515411794685
TNFRSF8,0.0,0.41134622710645374
RP13-188A5.1,0.0,0.41131467418058437
A1BG-AS1,0.0,0.41125613035808434
ICAM4,0.0,0.4108400005761861
CEP44,0.0,0.410611848004762
BORA,0.0,0.4105958632309339
PAFAH2,0.0,0.4105578276670081
TSHZ1,0.0,0.41048004251801645
RP4-575N6.4,0.0,0.41016671439602803
ZNF446,0.0,0.40993260030710266
EYA3,0.0,0.4097755115728161
ABCB1,0.0,0.40977266474546603
TBC1D13,0.0,0.40963184693002264
ANO6,0.0,0.4095894350081581
ZNF699,0.0,0.40926542246948616
GNB4,0.0,0.40924881568786653
AGO4,0.0,0.4091978373390046
ZNF34,0.0,0.4090857503161663
PPP1R16A,0.0,0.4090709811338059
ACER3,0.0,0.4090122177114624
ITPR2,0.0,0.408929671382595
CCDC102A,0.0,0.4087947114981636
WDR4,0.0,0.40859934561779326
ZCCHC3,0.0,0.40857919475195015
DOT1L,0.0,0.4085239565782325
EMC1,0.0,0.4084521803529328
FBXL17,0.0,0.40829516919128805
DBT,0.0,0.4082266714570577
CTAGE5,0.0,0.40821319770645226
CNFN,0.0,0.4081751586976225
ZNF780B,0.0,0.4081450389052156
STRADA,0.0,0.4077389924744237
RP11-73E17.2,0.0,0.40738476501193327
PIK3R4,0.0,0.4072644641433504
TMEM79,0.0,0.40720740242510695
PRR12,0.0,0.40720618643679546
UBP1,0.0,0.4071259715818022
RP11-706O15.1,0.0,0.40683324734301923
LIN37,0.0,0.4066870160229104
GADD45G,0.0,0.4066240540923276
WDR91,0.0,0.4065760971806725
PMS2,0.0,0.4065217286413573
C5orf63,0.0,0.40633042180970586
TTC9,0.0,0.4061453984710042
RP11-15A1.3,0.0,0.4061164243936565
ATG14,0.0,0.4059718385089905
ATL2,0.0,0.40595569369269324
FXYD6,0.0,0.40595122247443316
OSBPL5,0.0,0.405935084863776
CREB3L4,0.0,0.4059107227439773
ARHGEF37,0.0,0.4057352005185662
TMEM104,0.0,0.4056872585516408
ZNF48,0.0,0.4055933272792448
LLGL2,0.0,0.40545988648471937
PCCA,0.0,0.40523652755809275
SLC25A28,0.0,0.4049572208406911
APOBEC3H,0.0,0.40490849284498187
ACOX1,0.0,0.4047221218742869
RETSAT,0.0,0.40443715695711674
RCOR1,0.0,0.40438816695801866
RP11-332H14.2,0.0,0.40433453875683095
SORD,0.0,0.4040247794468892
NECAB3,0.0,0.4039772055418759
GBA,0.0,0.40370251959754566
COL6A2,0.0,0.4036747557886211
CRY1,0.0,0.4036087044037057
SCFD2,0.0,0.4035882811184182
UEVLD,0.0,0.40318529507290024
MORN3,0.0,0.4030888550571799
MTPAP,0.0,0.4030370794240193
RP11-110G21.1,0.0,0.40274147308952324
FMR1,0.0,0.4026906835469653
CDKN2A,0.0,0.4025020582660789
LRIG2,0.0,0.40236732888313953
TMEM62,0.0,0.4023354710760119
VEGFB,0.0,0.40224600636589786
TMCO4,0.0,0.4021816575502698
SULT1A3,0.0,0.4020898554904211
MAP3K5,0.0,0.4020837399727141
TESK1,0.0,0.4018784779115155
ARSD,0.0,0.4018709373698769
EDRF1,0.0,0.4018457244343523
FOXJ2,0.0,0.4018113697864338
WNT7A,0.0,0.40177959144382525
TMED8,0.0,0.40140051187704107
MFSD3,0.0,0.40122873506199364
FRMD4B,0.0,0.4012097720246763
ZNF684,0.0,0.4010451559942672
C8orf44,0.0,0.40098862783380484
SLC41A1,0.0,0.40098216973251805
KDM5B,0.0,0.40080048559368703
NCKAP5L,0.0,0.4007588304447142
IZUMO4,0.0,0.4006815465095237
B3GNT1,0.0,0.4004951202983042
PACS2,0.0,0.4003521451458297
RPP25,0.0,0.40031657023483563
KNSTRN,0.0,0.40031578833218195
CDK2AP1,0.0,0.40015216484448063
GZF1,0.0,0.3999650653882044
HIP1,0.0,0.3999541385509249
CLDN15,0.0,0.3997417985040121
EXOC8,0.0,0.39971409596992585
ZNF583,0.0,0.39953378875877327
POFUT2,0.0,0.39927208670133907
ZNF784,0.0,0.39924364752260333
YTHDF3-AS1,0.0,0.39898440787856204
MBNL1-AS1,0.0,0.3989583059670834
WDR25,0.0,0.398903917184567
UNKL,0.0,0.3988095858245518
MTMR1,0.0,0.39857532006792645
LIMA1,0.0,0.3983944121181506
GSDMB,0.0,0.3983514281662404
C10orf2,0.0,0.3983043604415409
STAB1,0.0,0.39812750273041647
GALC,0.0,0.3980007842158531
PXN-AS1,0.0,0.39783636175720183
AP4S1,0.0,0.3977221900090068
USP37,0.0,0.3975628202981834
MYPOP,0.0,0.39731632171811954
GFM2,0.0,0.3972518586257561
PAM16,0.0,0.3970583075611815
ADARB1,0.0,0.39704503941904656
MIER2,0.0,0.39695270504616204
RRM2B,0.0,0.3967144654005508
IL10RB-AS1,0.0,0.3966524853798503
ERF,0.0,0.3966221612509139
NDST2,0.0,0.3963725918948474
AUTS2,0.0,0.39634240368784984
UBE2W,0.0,0.396339159293742
UPK3A,0.0,0.3960580806443583
SETD7,0.0,0.39597545026254843
MCM6,0.0,0.3957124553163767
KIF13B,0.0,0.39557259760303665
ZNF398,0.0,0.3953958708338797
DHX37,0.0,0.39531411102830205
RP11-367G6.3,0.0,0.39525805931167035
RPS6KC1,0.0,0.394963276218478
AMPD3,0.0,0.3949073431988472
DSN1,0.0,0.3948769549585584
ZNF134,0.0,0.3948420441256469
CEP192,0.0,0.39480749950615535
FAM227B,0.0,0.3945535285236523
PET112,0.0,0.39454966753903253
CSNK2A2,0.0,0.3944188351588899
DROSHA,0.0,0.39434933939123357
LAX1,0.0,0.39418547263923515
NOG,0.0,0.39411442507273853
ZNF516,0.0,0.39411147505467975
PAIP2B,0.0,0.3937025760700682
FTCDNL1,0.0,0.393472790978531
EVI5,0.0,0.39338292301848876
SLC2A13,0.0,0.39319474982907615
PPAT,0.0,0.39309526726805627
ZNF383,0.0,0.3929655321521029
CES1,0.0,0.39283600636084126
TMEM229B,0.0,0.3927873425637763
LOXL1-AS1,0.0,0.39275451555842666
USP6NL,0.0,0.39259668142995174
PPARD,0.0,0.3925555184416448
AMIGO2,0.0,0.3922198150588457
SMG6,0.0,0.3921273759902134
RAB40B,0.0,0.391673373809188
PI4K2A,0.0,0.3916648258014056
IPMK,0.0,0.3915174303314022
ANK3,0.0,0.39143623850611603
TRAF3IP2,0.0,0.3914055047281307
PON2,0.0,0.3911523250899945
SMAD5,0.0,0.390688798072302
SEC24A,0.0,0.39048604183856106
SIK2,0.0,0.39043985724586006
ZNF174,0.0,0.39009531421537724
RDH13,0.0,0.3900670760250558
NDUFAF5,0.0,0.3899371958341647
LANCL2,0.0,0.3894897883831968
WDR27,0.0,0.3893740151806893
ANKRD42,0.0,0.3891299070287149
LIN52,0.0,0.3889149781363594
ZNF230,0.0,0.3887475161234685
N6AMT1,0.0,0.3887421520847333
FRS2,0.0,0.38857362068842055
TSC1,0.0,0.38851992335966223
SLC19A1,0.0,0.3884351094201952
AP5S1,0.0,0.3884185848799901
NAT1,0.0,0.3881121428675253
N4BP2,0.0,0.3880737824130301
LCORL,0.0,0.387914228620513
SPATA5,0.0,0.3877750440450104
ACP6,0.0,0.3876065364630752
CLCN6,0.0,0.38748150925531827
GSPT2,0.0,0.3874453690883553
PDE6G,0.0,0.3872176961864686
RP11-386G11.10,0.0,0.38702633339304543
PARP3,0.0,0.38694164565174977
MATN1-AS1,0.0,0.3869311746602399
MBTPS2,0.0,0.38675420006001654
SMARCAD1,0.0,0.3862381455919347
RP11-554J4.1,0.0,0.3858737554478492
FBXL6,0.0,0.3856989518128169
BAG3,0.0,0.3855782602641634
PDZD8,0.0,0.3855100368367857
AKAP11,0.0,0.38537523274269997
CCDC58,0.0,0.3853508597220433
SOS2,0.0,0.38530332391677086
PCYOX1L,0.0,0.38517786593113557
IPPK,0.0,0.385167752466681
ZNF354B,0.0,0.38491412022721727
CEACAM3,0.0,0.3848581881024834
PVRIG,0.0,0.38465244923781033
ARL4D,0.0,0.3845849115796819
YIPF2,0.0,0.38452712046655324
TMEM260,0.0,0.38441035442422894
RP11-102N12.3,0.0,0.38358552601269724
TMEM64,0.0,0.38355405522281155
CTB-55O6.12,0.0,0.38343105250682646
CCL4L1,0.0,0.3832871870822207
METTL6,0.0,0.383262630658387
HMGCR,0.0,0.3831043124845541
TNPO2,0.0,0.3830056437353249
RBL1,0.0,0.38299848467415976
CFL2,0.0,0.3828174247640674
AC003075.4,0.0,0.38275588442600306
ARHGEF10L,0.0,0.38263393873577295
HS3ST3B1,0.0,0.3825889585690763
ABCA2,0.0,0.38257572218364494
HIST1H1D,0.0,0.382493287928807
TRIM37,0.0,0.38243633185491066
SGSM2,0.0,0.38240625037374665
KCNG1,0.0,0.38234494877290476
ABCA5,0.0,0.3822602423744013
ATP8B2,0.0,0.3821122627207276
C3orf33,0.0,0.38207809307828683
ZSCAN25,0.0,0.38161419031828275
MKL2,0.0,0.3815528967816948
CENPL,0.0,0.3815327693595245
PCSK5,0.0,0.38151986322563947
RP11-412D9.4,0.0,0.381358538731312
PAWR,0.0,0.3813435128265936
OSGEPL1,0.0,0.3810247317989717
TEP1,0.0,0.380999195958567
NCDN,0.0,0.3809600603191037
GMEB2,0.0,0.38081759776655666
SOWAHD,0.0,0.3807298801210578
TMEM184C,0.0,0.38045142950601585
SLC10A7,0.0,0.3804028362928722
RP11-326K13.4,0.0,0.3802186811735238
AL645728.1,0.0,0.3800976025492221
NRIP1,0.0,0.37991258501475783
ULK4,0.0,0.3797289606116073
ZNF550,0.0,0.37947392243874306
MON1A,0.0,0.3792855376290944
KHK,0.0,0.37928439490884086
CEP57L1,0.0,0.37926600571956576
ADM,0.0,0.37917258577382423
ST6GALNAC2,0.0,0.37911377408526836
ASPH,0.0,0.37910632721463255
CTD-3185P2.1,0.0,0.37898886812669885
SPAST,0.0,0.3789256019965029
GRPEL2,0.0,0.3789041308830305
KBTBD11,0.0,0.3786716239321304
HYPK,0.0,0.3786590086501212
NAPA-AS1,0.0,0.3782423240772142
BRPF1,0.0,0.37759512747334306
GFI1,0.0,0.37729277832736824
SLC48A1,0.0,0.37724661995196035
GSTA4,0.0,0.3772245411414124
GDPD5,0.0,0.37711838354394434
ZNF562,0.0,0.3770406657226395
FASTKD3,0.0,0.37661354181835877
PTCD1,0.0,0.3765179307239626
VAT1,0.0,0.37634628475479615
GEMIN4,0.0,0.37630064540108255
GRASP,0.0,0.37627415117266155
FGFBP3,0.0,0.3761025270061124
DHTKD1,0.0,0.37569444173115635
CTD-2186M15.3,0.0,0.37525180469293623
COBLL1,0.0,0.37508381011300423
HIVEP1,0.0,0.37479802463403267
PORCN,0.0,0.37469879609982837
GPA33,0.0,0.374421789095735
MCM9,0.0,0.37434146071630137
CD300LB,0.0,0.3742206708054399
TNFAIP1,0.0,0.37409243493484146
IBA57,0.0,0.37401720420072115
CPNE5,0.0,0.3738194138811828
PDCD1,0.0,0.3737410037389856
ATAD2B,0.0,0.37369549127841967
PICK1,0.0,0.37365104959884315
STOML1,0.0,0.37357480819476274
SLC9B2,0.0,0.37336567536414095
USP21,0.0,0.37333816022702
UCK2,0.0,0.37301730730630295
GGT1,0.0,0.3729519336942354
FAM214A,0.0,0.3729156884758742
PHC1,0.0,0.37285393184918797
RP11-70P17.1,0.0,0.37275700170552445
PGAP1,0.0,0.37274169544931307
TPCN2,0.0,0.37269416706562164
DHX33,0.0,0.3724245070109435
DNAJC25,0.0,0.37238006046685546
NBPF9,0.0,0.37212762838764124
RASGRF2,0.0,0.3720707804641125
ZNF273,0.0,0.3720218924824624
SLC2A8,0.0,0.3718030430124665
CCR10,0.0,0.37153845526864404
AP1G1,0.0,0.37145524565722776
RNASEL,0.0,0.37141160086671376
KIAA1279,0.0,0.3713244254725176
ZCCHC4,0.0,0.3712943761946014
VMO1,0.0,0.3712765908886442
FAR2,0.0,0.37123067283997824
DBN1,0.0,0.37116996423651183
MORN2,0.0,0.37064768448049296
ADPGK-AS1,0.0,0.3702097834273322
IRF4,0.0,0.37020316294236977
SHQ1,0.0,0.3699509151413341
LIMK2,0.0,0.36991380497890197
LRRC8B,0.0,0.3697909967741303
RP11-977G19.11,0.0,0.36959193557006276
HMGXB3,0.0,0.369465235317721
RP1-197B17.3,0.0,0.36913977971916917
MAML3,0.0,0.36857361861296084
TSPAN15,0.0,0.36846539368802866
MKS1,0.0,0.3683263185914073
FAM115A,0.0,0.36818398749207365
MYOF,0.0,0.3681447524123245
B4GALT5,0.0,0.3680902878474075
ZNF141,0.0,0.3680464700850627
PBX3,0.0,0.3678280318843476
AC040977.1,0.0,0.3676585886773077
ZBTB21,0.0,0.36761403606666837
TOPBP1,0.0,0.3673209172408688
CCDC9,0.0,0.3672802474192482
HABP4,0.0,0.36727600545477185
ARMC5,0.0,0.3670600059634658
KIAA1147,0.0,0.36700603244834357
ZSCAN2,0.0,0.3669900119696037
ZNF691,0.0,0.366958113892572
ZNF500,0.0,0.36693089258194034
RANBP6,0.0,0.36655254416397237
ZNF668,0.0,0.3665201364624835
MMAA,0.0,0.3664331412434392
EAF1,0.0,0.3663934036602268
CTU1,0.0,0.3663797226996373
C22orf34,0.0,0.36628754084966875
CYP3A5,0.0,0.3661420059460343
ENPP4,0.0,0.3659660634414902
GAB2,0.0,0.36593839867266703
MCTP1,0.0,0.36581827684422596
CTD-2162K18.5,0.0,0.36577564801244056
CLUH,0.0,0.3656166731616923
DNASE1,0.0,0.3654560680489535
C9orf66,0.0,0.36539499356636485
FAHD2B,0.0,0.36539396341616537
ZNF787,0.0,0.3653002467939236
AC015987.2,0.0,0.3649756552383736
TMEM164,0.0,0.36491111603820775
PAXBP1,0.0,0.3648456043786118
MED14-AS1,0.0,0.36460160976943995
PLA2G6,0.0,0.3643702952545905
CLEC4D,0.0,0.36424857865780963
ALDH1A1,0.0,0.36416552596328733
CPM,0.0,0.36406450392883277
FRY,0.0,0.36398502945210115
H3F3C,0.0,0.36380259772327084
RTN4IP1,0.0,0.3632865402800483
KIAA1586,0.0,0.36316037638694815
LSM12,0.0,0.363063389044735
RP11-274B18.2,0.0,0.3630113321013061
ST3GAL3,0.0,0.36269976312140906
CENPQ,0.0,0.36267331141991954
SLC31A1,0.0,0.3625155020678128
RP11-773D16.1,0.0,0.3624488473959825
DPY19L4,0.0,0.3623607330830856
ZNF585B,0.0,0.3623016373092446
MICAL2,0.0,0.36227509211387027
CKAP5,0.0,0.3621731330739158
ACTR3B,0.0,0.36202805776496605
CEACAM4,0.0,0.36202485408322477
FAM20B,0.0,0.36196999010230807
ETAA1,0.0,0.36186102654262897
FAM189B,0.0,0.3618408139563518
ADHFE1,0.0,0.36174016752713406
C12orf42,0.0,0.36165892955697043
SIRT1,0.0,0.3613434440547916
CTC-503J8.6,0.0,0.3613162770028522
AC002310.12,0.0,0.36128643872187177
PIGQ,0.0,0.36116710569026383
RP11-350N15.5,0.0,0.36100596551724934
LMO7,0.0,0.36083407229188935
CETN3,0.0,0.3602431300023716
ATAD3B,0.0,0.3602218748285419
ATAD2,0.0,0.3601926595857373
TTF2,0.0,0.360093899555201
ZFYVE20,0.0,0.35960871851049026
TRIM23,0.0,0.359536453476596
ZNF212,0.0,0.35937859906029473
ZNF740,0.0,0.3593593822615467
GPR180,0.0,0.3593387554878366
LZTR1,0.0,0.35931485729027085
ZNF687,0.0,0.35930223998429744
PTDSS2,0.0,0.35926695496678523
RAB40C,0.0,0.35907386508212075
SLC16A1,0.0,0.3589919875929407
C8orf58,0.0,0.35864125378005
TUBGCP5,0.0,0.35862340217150995
HIP1R,0.0,0.3584346180188317
ZC3H4,0.0,0.3583131061612432
ZBTB33,0.0,0.35805231196241166
MACROD1,0.0,0.35799195571842063
ZNF667-AS1,0.0,0.35795324755588187
GYLTL1B,0.0,0.357892266320971
ZFP69,0.0,0.3577774666180511
TGFBR1,0.0,0.35740795654932556
DUS4L,0.0,0.3573882527758471
TIGD1,0.0,0.3573304098025139
MCOLN2,0.0,0.35690377182714444
ZBED4,0.0,0.3568560766425821
ABHD6,0.0,0.35684160269901555
STPG1,0.0,0.35625632662385603
BRMS1L,0.0,0.3561565502007147
PTCRA,0.0,0.35597123168821193
MBOAT1,0.0,0.355821176349509
POU5F2,0.0,0.35577319288936055
ZBTB37,0.0,0.35563923701399647
TCF19,0.0,0.35558880985165864
CC2D1B,0.0,0.3555700383867445
UBE2O,0.0,0.3554561194022303
ZNF574,0.0,0.3551031955062342
AP001816.1,0.0,0.3549850129811965
PNPO,0.0,0.3547234272179648
TRIO,0.0,0.35464087349596257
SPATA33,0.0,0.3546052027444165
SEC24D,0.0,0.3545769663033477
TBC1D8,0.0,0.3544434180682635
AC120194.1,0.0,0.354374133524716
KLC4,0.0,0.3543665562072685
ZNF100,0.0,0.3540777828524538
REXO1,0.0,0.3540163076715499
FAM120C,0.0,0.35375948768987936
ZNF792,0.0,0.3537325356506409
TOMM40L,0.0,0.3536333234411359
DTX3,0.0,0.3536091860964415
ZKSCAN8,0.0,0.3535729846707112
LEAP2,0.0,0.3532620402802246
IRF2BP1,0.0,0.35315488608076506
HOMER3,0.0,0.35299204076856183
BTBD11,0.0,0.352909836459751
EXD3,0.0,0.3528014787213001
KIF16B,0.0,0.35249856120197154
ZNF582,0.0,0.35232896236217204
NIPAL2,0.0,0.35226198141947956
KIAA1731,0.0,0.3521358009643747
FBXO31,0.0,0.3518183903906992
ZNF816,0.0,0.3515491349919848
VKORC1L1,0.0,0.3511953395676827
PTPRJ,0.0,0.3511690018413473
NCAPD3,0.0,0.3510897192392634
ZNF710,0.0,0.35108433077623824
ADAMTSL4,0.0,0.35100660110891047
ZNF253,0.0,0.35098185641331736
RP11-485G4.2,0.0,0.35096197241722515
UBOX5,0.0,0.35089474292700445
KRTCAP3,0.0,0.3507754248599498
DHX32,0.0,0.3507560750266765
UBN2,0.0,0.35075598600753743
TGFBRAP1,0.0,0.3506848216642463
CCZ1B,0.0,0.35067729485118326
IL6,0.0,0.3505520453371781
ZNF671,0.0,0.3501705806967692
ZNF319,0.0,0.3501114342275634
CCR5,0.0,0.3500290357933818
SEPSECS,0.0,0.34983711051681876
NMNAT1,0.0,0.34960848014664114
WDR24,0.0,0.3494357576998826
MPZL1,0.0,0.3494121729419888
ANKRD40,0.0,0.349263174273177
CCHCR1,0.0,0.3491536970998949
APOBEC3F,0.0,0.3491479589118365
MMP17,0.0,0.3490676764345342
XPR1,0.0,0.34865192215624663
DIRC2,0.0,0.3486140136815538
AC002467.7,0.0,0.34853532410754495
PKD1,0.0,0.34843830592654335
CNTD1,0.0,0.3483994982190485
FAM206A,0.0,0.34839095936134046
NEK4,0.0,0.3482568665103818
FAM160B2,0.0,0.3481986260896652
ATRIP,0.0,0.3480906640588487
LSS,0.0,0.34809049924723356
PER3,0.0,0.3480612450065275
ZNF16,0.0,0.34801084587154735
CTDSPL,0.0,0.3479856422131173
USP40,0.0,0.34792311829470945
CLEC4G,0.0,0.34762911748199626
TMEM53,0.0,0.34752023683438577
LPCAT2,0.0,0.34736995685547883
HELLS,0.0,0.3470085713659905
FAM115C,0.0,0.3468131809696189
GORAB,0.0,0.34678557775735996
HYAL2,0.0,0.3466369601277078
UPF1,0.0,0.3464964427548422
ACAD10,0.0,0.3463906319008084
RP11-164H13.1,0.0,0.3463771633837644
ZNF345,0.0,0.3463181806774573
AC023490.1,0.0,0.3461676676385851
NUDT8,0.0,0.34615773576055414
RP11-52J3.3,0.0,0.3460013680026962
NUBPL,0.0,0.3457518682127384
EIF4G3,0.0,0.34559481057949903
ZNF598,0.0,0.34551617163638787
VPS37C,0.0,0.34541870959379994
C16orf45,0.0,0.3454187011992158
TSTD2,0.0,0.34531938657879996
SOCS4,0.0,0.3452861514267194
ABAT,0.0,0.34524383979715634
ZFY,0.0,0.34515014694431956
WIZ,0.0,0.3448182836237237
FASTKD1,0.0,0.34477002579660526
FAM216A,0.0,0.3446374611073244
NAIP,0.0,0.3446321461777209
FAM212A,0.0,0.3446287817576562
RP11-108M9.6,0.0,0.3445662679714638
ZNF518B,0.0,0.3445469163756922
PPFIBP2,0.0,0.3444047007294162
POLA2,0.0,0.3443547690078199
MICAL3,0.0,0.34430564698066296
RP5-1007M22.2,0.0,0.3441326518621782
MVB12B,0.0,0.3440241231458608
MTHFSD,0.0,0.34396907297008184
KIF1C,0.0,0.34394579354943505
APOBEC3D,0.0,0.3438770252099492
NDFIP2,0.0,0.34375944531885166
FAAH2,0.0,0.34369647606935877
ETV7,0.0,0.34353074074063916
ZSCAN9,0.0,0.3434216470926066
ZXDB,0.0,0.3433274841521099
ACTR5,0.0,0.34332551803528094
MROH6,0.0,0.3431757673600362
MTL5,0.0,0.34302341255387303
GP9,0.0,0.34297444996867865
FBLIM1,0.0,0.34287232415962837
ACOT7,0.0,0.34272176877875865
KIAA1919,0.0,0.3424834203947953
RP11-169D4.2,0.0,0.3424601127158171
LARP4,0.0,0.3423255969841636
ZNF346,0.0,0.34208055342253674
OAF,0.0,0.34201110450682676
PLOD1,0.0,0.342002730143199
HCG11,0.0,0.34190170697657474
TMEM25,0.0,0.341734595993814
CCBL1,0.0,0.3413794299013523
ENHO,0.0,0.34133079828468715
SPDL1,0.0,0.341222240348185
METTL15,0.0,0.34121873973640826
TP53I11,0.0,0.3411851616994956
CDK2,0.0,0.341139155914109
ANKRD52,0.0,0.3411259050429613
SBK1,0.0,0.34101823744880105
PDGFD,0.0,0.3406433725066236
C2CD3,0.0,0.340618040488965
MMS22L,0.0,0.3404726398216412
CRAMP1L,0.0,0.34031253167614084
ZEB2-AS1,0.0,0.3399716234640355
SOCS5,0.0,0.33987798207131675
ADPRH,0.0,0.33987050041318917
NDC1,0.0,0.3396572076030371
ANGEL1,0.0,0.3394617626345751
MAK16,0.0,0.3394599659559864
ZFP91,0.0,0.3392886169800771
DNAJC16,0.0,0.3392768597956179
POLR1A,0.0,0.33923575847815035
AL928768.3,0.0,0.33921411496059767
CTD-2562J15.6,0.0,0.33891445197904285
ZDHHC2,0.0,0.33852669956451037
CBY1,0.0,0.33850549676876535
MARC1,0.0,0.3385054287677394
SCRN1,0.0,0.3383253303405777
SLC23A2,0.0,0.3381423605094466
ZFYVE1,0.0,0.3380376667103727
URB1,0.0,0.338036740092024
SMCR5,0.0,0.3380283575301261
ENG,0.0,0.3380071133225327
POLH,0.0,0.33798380557580154
ARHGAP12,0.0,0.33798356655086753
PLEKHG2,0.0,0.33786658345949905
TP53BP1,0.0,0.3378431202381504
PLA2G15,0.0,0.3378359253375165
HOXB4,0.0,0.33768740556174937
TOP3B,0.0,0.3375441087868461
ANG,0.0,0.33731043140822337
NEXN,0.0,0.33703168942447026
KIAA0586,0.0,0.33680687488067357
ZNF623,0.0,0.336640779613139
RAD51D,0.0,0.3364866665615955
C16orf86,0.0,0.3361694896993263
CLCF1,0.0,0.3357100115593851
POLI,0.0,0.33559599080374114
TLR7,0.0,0.33548652904071374
DHX40,0.0,0.33500499831935454
TTC21B,0.0,0.33483261497946876
GDAP1,0.0,0.33467277975317433
LINC01137,0.0,0.334484243938778
IQCG,0.0,0.33447884447789344
C5orf55,0.0,0.33446579397760634
LRRC27,0.0,0.3344352290254684
PIP4K2B,0.0,0.3343242877140514
CTC-338M12.4,0.0,0.3341813076068403
ZFP1,0.0,0.3341631887995098
MANEA,0.0,0.33397445138438914
FAM19A2,0.0,0.33391761999897845
SSH1,0.0,0.33382380105712417
SPECC1L,0.0,0.3337973239153758
VARS2,0.0,0.3328049871499049
BLM,0.0,0.33270304491019703
GTPBP2,0.0,0.332547956299163
TERF2,0.0,0.3324800332612841
DAB2,0.0,0.3324602746477121
RP11-386I14.4,0.0,0.3324302286907089
CHEK2,0.0,0.3320529533344076
RP11-254F7.2,0.0,0.3319819396501714
C22orf29,0.0,0.3318827563953446
ITGB3BP,0.0,0.3317061252416774
PRICKLE3,0.0,0.3308218333173931
DGCR8,0.0,0.3306856978297923
CTD-2260A17.2,0.0,0.3306756597397562
AP003774.6,0.0,0.33051366576260227
MRM1,0.0,0.33028296557720904
RP11-488C13.5,0.0,0.3302795390689985
KLF16,0.0,0.33011600181008
HSD11B1L,0.0,0.3299907683121525
FLJ00104,0.0,0.32962465888446835
MROH1,0.0,0.32949606804766557
NEK3,0.0,0.32948852374686005
SDCBP2-AS1,0.0,0.32936186926755107
SLC26A6,0.0,0.3292682995330119
RP11-119B16.2,0.0,0.329261551454949
AHDC1,0.0,0.32924614761219556
E2F2,0.0,0.32921804222563844
DFFB,0.0,0.329047817707599
DOPEY1,0.0,0.32884568100140665
GSTM2,0.0,0.3287039796292167
PYROXD2,0.0,0.3286790424100623
DHX35,0.0,0.3284080481774733
RP11-87C12.2,0.0,0.3281736310624895
RP11-473I1.5,0.0,0.3281347848717713
MAMDC4,0.0,0.32810098583883757
MACROD2,0.0,0.32792037016137143
ZNF599,0.0,0.32754688574648044
RPL10,0.0,0.32736422135441545
SESN2,0.0,0.32735084941156567
MAN1C1,0.0,0.32717125582126155
SLC29A3,0.0,0.3270821134109935
KIR2DL3,0.0,0.32700252190905005
TIPARP-AS1,0.0,0.3269666725812926
MPZL3,0.0,0.3269306290821926
CENPBD1,0.0,0.32682095387485005
C4orf46,0.0,0.3264517553615569
RP11-295P9.3,0.0,0.3262042826838602
PLXDC1,0.0,0.32607443778785966
TLR8,0.0,0.3260537883739435
SORT1,0.0,0.32590942294096825
SAMD10,0.0,0.3258019938103975
TNFRSF17,0.0,0.32574439690629897
RPL13A,0.0,0.32551800617043625
CORO2A,0.0,0.3254986296705981
TAF4B,0.0,0.3253147077221131
WRNIP1,0.0,0.3251564983493282
CTD-2341M24.1,0.0,0.3250375273299057
E2F6,0.0,0.3249206646919908
ACPL2,0.0,0.3249048013365551
NMUR1,0.0,0.324869586472199
ZNF169,0.0,0.3245704944403036
KIF1B,0.0,0.32448693349927
DOLPP1,0.0,0.32439548806857904
PFKFB4,0.0,0.32437732811311937
PRICKLE4,0.0,0.32437382555596533
ZNF790,0.0,0.32424185783122794
IQSEC2,0.0,0.3240958201671644
RN7SL1,0.0,0.3240025060979523
DISC1,0.0,0.32377021843278037
FCRLB,0.0,0.3237412393716803
HECTD3,0.0,0.3236640905382666
IFT80,0.0,0.3236590818017986
RP11-635N19.1,0.0,0.32365213628549844
PPP1R3D,0.0,0.32310529477925554
TMEM44-AS1,0.0,0.3229856683168741
GNA12,0.0,0.3229232478817953
PCNXL2,0.0,0.3228036343091021
ARHGAP31,0.0,0.3226407404415185
BRD1,0.0,0.32259524241366666
FEM1C,0.0,0.32257657254637434
SMURF2,0.0,0.32251360091167547
CD101,0.0,0.32245647625954216
ZMYM1,0.0,0.32232261031178894
ZNF837,0.0,0.32228147099045323
STARD4,0.0,0.3221893961438263
KDELC2,0.0,0.3221682001741922
SLC16A11,0.0,0.32216432677323337
ZNF746,0.0,0.3220342014958083
HES6,0.0,0.3219591176160443
KPTN,0.0,0.3215110987653497
GOLM1,0.0,0.32129097867424605
RNASE4,0.0,0.32060371338948956
SLC25A16,0.0,0.3204626800201399
SMPD4,0.0,0.3203078439836987
ALDH5A1,0.0,0.3201459726925267
ARHGAP21,0.0,0.32012318573091714
SETD8,0.0,0.32001962562198655
PLK2,0.0,0.31996509831667674
SYCE1L,0.0,0.31990866738786766
TP53I3,0.0,0.3197687257745937
WSB2,0.0,0.31975882918778553
MRPS24,0.0,0.31965448684374875
RPPH1,0.0,0.319401304237196
CCDC41,0.0,0.31931323213568064
VWA8,0.0,0.319281011433606
CACNA1C-AS2,0.0,0.3191646553834635
ZNF324,0.0,0.31905483970935744
MARCH3,0.0,0.3187668050804762
AMBRA1,0.0,0.318676690263104
RAB27B,0.0,0.31867504903394644
MTFR1,0.0,0.3186650483087693
C11orf74,0.0,0.31845131446646635
RIC8B,0.0,0.3184120881416168
CHST14,0.0,0.31836828298614434
CPEB3,0.0,0.3183631648823373
TRMT5,0.0,0.3182389936589032
CENPW,0.0,0.3182363933617187
CROCC,0.0,0.31815023267562265
FAM220A,0.0,0.3180706758774648
TBC1D31,0.0,0.31796192202260815
LRRC37B,0.0,0.31792374528059436
TREML1,0.0,0.31763489790211347
ZFYVE26,0.0,0.31735217126518717
C1orf159,0.0,0.3171584274784163
CFH,0.0,0.3171399515209932
AVPI1,0.0,0.3170468092573554
DET1,0.0,0.31677229998619744
ARL5B,0.0,0.31658391179113354
GSTM4,0.0,0.316581547875913
ZNF507,0.0,0.31642716835993573
MOCS3,0.0,0.3162628438829934
ZNF287,0.0,0.3162479054742224
DMTN,0.0,0.3160457276106717
DERL3,0.0,0.3155746725537613
OBSCN,0.0,0.31536693669763716
RPRD1B,0.0,0.3153613085018755
IRAK2,0.0,0.31534509231315744
TMPO-AS1,0.0,0.31525636358887354
ZNF738,0.0,0.31518356179388746
FBXL20,0.0,0.3150373664090339
WRN,0.0,0.31496013946021295
ZNF571,0.0,0.31490865428777887
SLC25A43,0.0,0.3148948815805764
METTL1,0.0,0.31480356594464
NOXA1,0.0,0.31475739870744307
NOD2,0.0,0.3145346992080019
RP1-187B23.1,0.0,0.3145208758198049
NQO1,0.0,0.31448354927099154
TET3,0.0,0.3144013297227278
LINC01011,0.0,0.31417407419915794
FPR2,0.0,0.3139691645171626
NUP188,0.0,0.3138790830334145
PLBD2,0.0,0.3138698189449112
WBP1,0.0,0.31380137578555967
ZNF232,0.0,0.3136937159691286
HIST1H3D,0.0,0.31368971981660637
ARMC2,0.0,0.31310008563928127
ENTPD1-AS1,0.0,0.313056137855909
EVA1B,0.0,0.31270903643354586
SLC7A5,0.0,0.3127036978049617
ZNF107,0.0,0.312424103643778
MTMR12,0.0,0.31223281076548576
BAIAP2,0.0,0.31223206469224035
CCDC71L,0.0,0.31219320893814223
SLC1A4,0.0,0.3121688228791704
PDE9A,0.0,0.31200295892829916
ZBTB11-AS1,0.0,0.31172852969319104
SPINK2,0.0,0.31170152637301146
SLC46A2,0.0,0.31161811859618016
TCEANC2,0.0,0.31131797100521263
PRKCI,0.0,0.31126794386260526
UBQLN4,0.0,0.31116817353045145
IPO13,0.0,0.3110678119398957
RP11-410L14.2,0.0,0.31106500354828426
RBM12B,0.0,0.3110034475105135
CMKLR1,0.0,0.3108662515151897
FBXO41,0.0,0.31048700913139626
LY96,0.0,0.3104803580011834
CHKA,0.0,0.3103875624184891
FAM221A,0.0,0.3102518334641605
ATP11C,0.0,0.3102415855815674
B3GNT8,0.0,0.30997814018849557
RP11-293M10.5,0.0,0.30992252071026666
MFHAS1,0.0,0.30963042938392826
RP11-124N14.3,0.0,0.30948664889003613
CTNS,0.0,0.30917064884089235
INO80B,0.0,0.308948013938832
BBS4,0.0,0.3086529108584203
ABCD1,0.0,0.30855699018828026
GYS1,0.0,0.30852273436738864
PYCRL,0.0,0.3083350958491588
ZNF251,0.0,0.30807169212963736
SYNJ1,0.0,0.3080424561573408
EPHA1,0.0,0.3080417019405571
ATP13A3,0.0,0.3079524575452704
RFC3,0.0,0.3076631354575318
TMEM143,0.0,0.30763399787358353
HIST1H4J,0.0,0.30748200505943285
CEP70,0.0,0.3074218694025532
ITGA2B,0.0,0.3074193028140398
MTHFD1L,0.0,0.30736145165546563
ZNF773,0.0,0.30726324257496673
STK3,0.0,0.30722666946341437
KIF13A,0.0,0.30719892698676116
LINC00910,0.0,0.3070304007571334
MED26,0.0,0.30693925351467166
NUP205,0.0,0.30661694133408784
RP11-218M22.1,0.0,0.3062572915593499
FAM222B,0.0,0.30615824080047666
RP11-383J24.6,0.0,0.30613149062206235
CNTROB,0.0,0.3060477642992819
CES4A,0.0,0.30593671241274006
SCMH1,0.0,0.30593157751813305
NBPF14,0.0,0.30587981190104685
ANKAR,0.0,0.3058792314569432
MBNL3,0.0,0.30536511543030426
ZNF585A,0.0,0.3053116676654208
RP13-516M14.4,0.0,0.3051630150129494
ACOX3,0.0,0.30516253336952937
CTD-2017D11.1,0.0,0.30500042666188687
SIPA1L3,0.0,0.3049534839489783
AK1,0.0,0.304645610150403
ZNF75D,0.0,0.3046271712602074
KLF8,0.0,0.304517985593759
GCLC,0.0,0.3041544758079637
AC025171.1,0.0,0.30414981725811974
C3orf14,0.0,0.30406649172644423
ANKRD55,0.0,0.30392407002767896
PUS10,0.0,0.3037406031781817
P2RX7,0.0,0.3033272736852491
TTLL4,0.0,0.30331355377059177
DECR2,0.0,0.30324848563885975
FNIP1,0.0,0.3030731150896709
RP13-580F15.2,0.0,0.3025701801154974
AC097500.2,0.0,0.30254005082757734
NAA40,0.0,0.30250686554543016
ZBTB18,0.0,0.3025044878628513
C2,0.0,0.3023885796262573
MAPRE3,0.0,0.3022687380413153
AC104820.2,0.0,0.30159648583093157
AC027307.3,0.0,0.3011980309200324
DCUN1D4,0.0,0.3010835545260244
PCNT,0.0,0.301076290869891
SNX16,0.0,0.3010599648585271
RWDD2A,0.0,0.3008722239372907
C5orf51,0.0,0.30072673724925925
RFX7,0.0,0.3007245909282672
RASD1,0.0,0.3006243829808001
FDXR,0.0,0.3001551576827885
C19orf68,0.0,0.2999790304687829
PTPRO,0.0,0.29983356948593975
EID2,0.0,0.29983007182467075
ZNF337,0.0,0.29970391023242154
TPRG1,0.0,0.2996472651030141
FAM168A,0.0,0.299598643005889
TBC1D9,0.0,0.29951296417798756
ZNF71,0.0,0.29946156661047174
PAXIP1-AS2,0.0,0.2992535375540413
MPND,0.0,0.29913832052361145
SLC35D1,0.0,0.2990560971376961
IPO11,0.0,0.298995183051876
LDOC1L,0.0,0.2987851226814713
SPATA5L1,0.0,0.29878223815692606
ALMS1,0.0,0.29843262108834145
APPL2,0.0,0.29836496275775326
GPR146,0.0,0.2983489002264795
NOL6,0.0,0.2983466895228773
RP11-467D6.1,0.0,0.2981792001366976
TTC22,0.0,0.2979481229619972
WDR86,0.0,0.29756038524377043
CNR2,0.0,0.2975538175560824
MCU,0.0,0.2975191878736955
SAMD1,0.0,0.29700951098711453
EXTL2,0.0,0.2968416907941458
ZNF865,0.0,0.29658608084113636
TSPAN18,0.0,0.2964887854069823
RP11-37B2.1,0.0,0.2964843259940561
BICD1,0.0,0.29636242858462364
TMEM194B,0.0,0.2962242796028824
FAM153B,0.0,0.2960308579484088
C6orf57,0.0,0.29593886843921047
SPRYD4,0.0,0.29566499755776
ZSCAN29,0.0,0.29557874563694747
KIAA1009,0.0,0.29554182740004964
AC016586.1,0.0,0.29548996250133625
DDX43,0.0,0.29546737833905307
FMO5,0.0,0.2954607434048728
CHIC1,0.0,0.2953984652808763
FANCG,0.0,0.2951337018365621
AACS,0.0,0.2950856023510085
C11orf80,0.0,0.29507275791156545
ZSCAN32,0.0,0.29502578315537487
CAPS,0.0,0.2948871709105442
SUFU,0.0,0.2948854669976022
RORC,0.0,0.2948381637140426
FIGNL1,0.0,0.29465838588579674
KBTBD7,0.0,0.2945501080595028
GPR68,0.0,0.2944934302346369
AC079305.10,0.0,0.2944828416720322
ATG2B,0.0,0.29443187806445953
ZNF682,0.0,0.2943459523391446
TRIP6,0.0,0.294260084898686
ZNF14,0.0,0.2941729577908252
PHF13,0.0,0.29397221384201155
WDR5B,0.0,0.29377397120527227
XRCC4,0.0,0.2937359106088479
BMP2K,0.0,0.29373180943852706
BRWD3,0.0,0.29369549986048
DAG1,0.0,0.2936383049433151
SH3BP5L,0.0,0.2935774122004102
FASN,0.0,0.2935582080624162
ZNF569,0.0,0.2933748545816701
B3GALTL,0.0,0.29333886270473886
EBF1,0.0,0.2931853829446253
ZNF18,0.0,0.2931324430492066
CHKB-AS1,0.0,0.2929775627620514
PMM2,0.0,0.29281988374920914
VPS9D1,0.0,0.2924572413659722
RP11-146F11.1,0.0,0.29235961071081057
F11R,0.0,0.2922607852591219
AC091729.9,0.0,0.2922390524344461
ATRN,0.0,0.291986761373291
CACTIN,0.0,0.2919833976826163
AGBL5,0.0,0.29166963968447046
AC009065.1,0.0,0.29162420237107634
PODXL2,0.0,0.29151458423908194
GOLGA8B,0.0,0.2913199642636374
SUV39H1,0.0,0.29127551723968015
PQLC2,0.0,0.2912716136438906
SIMC1,0.0,0.2911820987755994
TAB3,0.0,0.2909700431460088
KCTD7,0.0,0.29096811488326435
PCNXL3,0.0,0.29063448759568783
SLC35F2,0.0,0.29054245032903314
RCBTB1,0.0,0.2904025987733227
VWA5A,0.0,0.29031863473265723
FAM229B,0.0,0.2902190676818576
RP11-53I6.3,0.0,0.290165689567605
TMCC1,0.0,0.2901571060361574
SNAPC4,0.0,0.29004313954796357
AREG,0.0,0.2898836312687286
NUP133,0.0,0.2898802928573624
SNURF,0.0,0.2898422248025415
ZNF844,0.0,0.28980001747890544
TMEM177,0.0,0.28970987021327843
BAHD1,0.0,0.28970309309028097
PTPRK,0.0,0.2894665053423937
RGS12,0.0,0.2894021274696136
INPP5F,0.0,0.28939410507048113
CEP41,0.0,0.28908304387133005
ZC3H12D,0.0,0.28908021844505816
C5orf30,0.0,0.2890584489645949
NKIRAS1,0.0,0.2890335683449287
SPATA24,0.0,0.2889788149082686
CHST13,0.0,0.2886849761486287
CTA-292E10.6,0.0,0.28811738575189266
RP11-849H4.2,0.0,0.2879261676247942
GSTM1,0.0,0.2879203217600551
LSM14B,0.0,0.2878640498911222
CNTLN,0.0,0.2878561515420522
BIVM,0.0,0.28776684421953225
MMP23B,0.0,0.2877432125659414
ZNF749,0.0,0.28753044068789946
SLFN13,0.0,0.28747593100806695
ZBTB49,0.0,0.2874534731938573
TRIM68,0.0,0.28731089396942916
RP11-488L18.10,0.0,0.28720919457421545
NLRC4,0.0,0.28715419160629885
TP53INP1,0.0,0.2869829229801866
BCL9,0.0,0.2869205583561035
RP11-23P13.6,0.0,0.28681233551793817
RAD18,0.0,0.2865384279331334
DNAH1,0.0,0.2865142860459823
C19orf82,0.0,0.28647484123967176
SLC30A6,0.0,0.28634318162853944
TMTC4,0.0,0.2862274745522588
DHCR7,0.0,0.2861374983520154
FAM200A,0.0,0.2859058953112399
MDC1,0.0,0.28562921565060484
RIMKLB,0.0,0.2856205513202485
ELOVL4,0.0,0.2856024502196158
PLAGL1,0.0,0.28558512499654537
SYT5,0.0,0.2854586242487669
XYLT1,0.0,0.2853744527533392
RGMB,0.0,0.2853406786540757
RP11-262H14.4,0.0,0.2852016514547995
AC011899.9,0.0,0.2851735960724245
SARM1,0.0,0.2851591322629344
NAA60-1,0.0,0.28515054020750163
XPO5,0.0,0.2850790939673982
KBTBD8,0.0,0.2850187786803713
CBWD6,0.0,0.2850031831518726
LONRF1,0.0,0.2848569214818484
ASF1B,0.0,0.28464469542133264
DDX51,0.0,0.2845295489139717
RP11-22P6.2,0.0,0.28445412206550114
AC018816.3,0.0,0.28440567418847174
PTBP2,0.0,0.28437837938483373
TRIM7,0.0,0.2842879789869272
RP11-430B1.2,0.0,0.2842641611074153
LRSAM1,0.0,0.2842074133949333
CDC42EP4,0.0,0.284094188162959
PINK1-AS,0.0,0.2835149855016996
ZNF445,0.0,0.28348348307726057
FAM21C,0.0,0.28346824985564795
TMEM121,0.0,0.28328203598447443
EXOC3L1,0.0,0.28323898323681446
LENG9,0.0,0.28323073542608473
RP4-612B15.3,0.0,0.2830435636398588
DTWD2,0.0,0.28298087367838387
STRN3,0.0,0.2829450013338038
GS1-124K5.4,0.0,0.2828395486895171
GCNT2,0.0,0.28278764205696694
MYOM2,0.0,0.28276886741274987
SLC9A6,0.0,0.28276873154842436
NLK,0.0,0.28273306428189615
GPM6B,0.0,0.28272133068441985
ZNF185,0.0,0.2827145242368599
ZNF589,0.0,0.28260945331518106
MSANTD4,0.0,0.28251026103791416
HMGN5,0.0,0.2824206744955487
ASB13,0.0,0.2822826827633681
PARG,0.0,0.28191398164904463
FARP2,0.0,0.28190732118857703
BTBD6,0.0,0.28175931895589723
BARD1,0.0,0.28165461239822787
ZNF557,0.0,0.2816105517054439
STK19,0.0,0.2815893892912752
RP11-66N24.3,0.0,0.2814982232952451
FAM185A,0.0,0.2812541725117067
NET1,0.0,0.28123263546753297
AC109826.1,0.0,0.2812185124252476
LY6G5C,0.0,0.28118054084848354
ZNF382,0.0,0.2810389292100717
CCDC106,0.0,0.2807470425988762
MRAS,0.0,0.2805370109464822
ZNF737,0.0,0.28016630577724533
ZCCHC18,0.0,0.2800943998143724
BYSL,0.0,0.2800782683932214
OR2A1-AS1,0.0,0.27999753796946064
BSCL2,0.0,0.2797883093814524
PIGN,0.0,0.27978555383605774
B2M,0.0,0.2796990570284132
TMEM65,0.0,0.2795275553746549
ZBTB45,0.0,0.2793570550793439
ZNF419,0.0,0.2792268192636357
COL9A2,0.0,0.27909895943861296
RP11-138I1.4,0.0,0.27903295006003886
DNMBP,0.0,0.27893222117346983
AC062017.1,0.0,0.27888445541914386
ZNF10,0.0,0.27878896989076735
RP11-727F15.12,0.0,0.27874616013711595
RP11-539L10.3,0.0,0.2784583659217468
AC093627.10,0.0,0.2784036030769112
RN7SL832P,0.0,0.2783307341666374
TAPT1-AS1,0.0,0.2781733436283236
FRY-AS1,0.0,0.2781632189606033
RANBP10,0.0,0.27797872701809667
AC005082.12,0.0,0.2776221274244799
ZWILCH,0.0,0.27761061904291
PIAS3,0.0,0.2775612672013256
GPAT2,0.0,0.27747154742649976
ZNF182,0.0,0.2774174070039934
NR1H3,0.0,0.2772818272256234
FLVCR1,0.0,0.2772722583019673
ZNF839,0.0,0.2771629473667233
RP5-1065J22.8,0.0,0.2771612300660168
SPRY1,0.0,0.27714808308674166
ZNF799,0.0,0.27708083315648585
RPAP1,0.0,0.2767461787737634
PRKCDBP,0.0,0.27672033364621185
FYCO1,0.0,0.2766111513743795
CDHR3,0.0,0.27643916196298035
IGHMBP2,0.0,0.2764083186039453
RECQL5,0.0,0.2764057602995266
C1QB,0.0,0.276317761207165
TECPR2,0.0,0.27617961242521283
MYO7B,0.0,0.27605707092454623
ADNP2,0.0,0.2760212845721747
PRMT6,0.0,0.275951090913718
C19orf73,0.0,0.2759280175452468
ZNF621,0.0,0.27588340354259355
ACO1,0.0,0.2758236070184711
STAM2,0.0,0.2757957221304189
SERPINF1,0.0,0.2754662082059552
CPEB2,0.0,0.2753358929182661
ALKBH8,0.0,0.275239835476296
SETMAR,0.0,0.2751979863724104
AC005523.2,0.0,0.2750828050543062
CLOCK,0.0,0.27503075177121444
SLFN12,0.0,0.2747396446825718
MLC1,0.0,0.2746838965351633
METRN,0.0,0.2745750840041313
ALDH1B1,0.0,0.274496078386118
AP000350.4,0.0,0.2743928066966903
ZNF764,0.0,0.27438828263346515
TSPAN33,0.0,0.2741607592103925
TMEM194A,0.0,0.27399719756881724
PPP1R3F,0.0,0.27382209845484756
CD70,0.0,0.2738083507258381
PHF2,0.0,0.2736587243196042
MS4A14,0.0,0.2731614051433056
ASPHD2,0.0,0.2727849595682588
ZNF525,0.0,0.27256188328544506
EME2,0.0,0.27247332694617393
RP11-252A24.7,0.0,0.2723424806289067
GTF2H2C,0.0,0.27220683009992624
CYBRD1,0.0,0.27207086310960904
TM9SF1,0.0,0.2720308628966809
TMEM97,0.0,0.27186261522828997
C6orf25,0.0,0.27178547915099177
RP11-296O14.3,0.0,0.2717394024876603
AP1AR,0.0,0.2714307048437013
SFMBT2,0.0,0.2713799462809863
RP11-563N4.1,0.0,0.271334606757286
HIST1H2AE,0.0,0.27133165872040205
LTC4S,0.0,0.2712507977184579
ZNF260,0.0,0.2712183946210134
CDKN3,0.0,0.2711087016538211
TWSG1,0.0,0.2710064204013533
WDR44,0.0,0.2709399148626225
ZNF606,0.0,0.2709087681668084
S100A13,0.0,0.27089761280860647
AC062029.1,0.0,0.2708117343696558
GOLGA8A,0.0,0.27073119220205577
SAP30,0.0,0.2704870779334162
PLCB3,0.0,0.27024923696817643
ATAD5,0.0,0.27012878217903613
RMI2,0.0,0.2700046771418087
TMEM220,0.0,0.26998218290570547
SLC38A9,0.0,0.2699340506751121
IL4I1,0.0,0.26967828244285535
FAM86C1,0.0,0.2696282787487241
CNNM2,0.0,0.26956288062112405
MSANTD3,0.0,0.26939614409495877
RP4-594I10.3,0.0,0.2693400696270713
ZNF718,0.0,0.2692778449056907
TFEC,0.0,0.26918064652563467
LRFN1,0.0,0.2689291994496766
ERLIN1,0.0,0.2689190351028325
KB-431C1.4,0.0,0.2687347216673657
PGLYRP2,0.0,0.2687065535022022
CEP97,0.0,0.26825135465944694
BIK,0.0,0.2681398893379584
DPY19L1,0.0,0.2680573857308971
CTNND1,0.0,0.2680151831365494
ZNF17,0.0,0.267975359831066
ARL17B,0.0,0.2679646858155811
FN3K,0.0,0.26773470482766804
TMEM40,0.0,0.2675034574509687
F5,0.0,0.2674372462371278
PLD2,0.0,0.26735570745459347
AP1S3,0.0,0.26719292980111414
FAM161B,0.0,0.2671014133677151
EOGT,0.0,0.26692251866964206
CAPRIN2,0.0,0.26688320013544153
RP11-533E19.7,0.0,0.26685290116058213
LYPD2,0.0,0.26682434977524533
P2RX5-TAX1BP3,0.0,0.2668021549346204
NR2F6,0.0,0.26660902832872047
RP11-542M13.3,0.0,0.2664976344139763
FOXO4,0.0,0.26649381186834425
ZNF552,0.0,0.2663444762950279
NCR1,0.0,0.26633450808457615
NR4A3,0.0,0.26626053062171695
C9orf3,0.0,0.2660994124082278
GIN1,0.0,0.26598560680103284
FKBPL,0.0,0.26598197144209623
PTCD2,0.0,0.2657574537248889
TAF4,0.0,0.26521317299607117
TMEM30B,0.0,0.2648215559661732
RP11-134P9.3,0.0,0.26474638083253643
C9orf139,0.0,0.26454635104080654
SAV1,0.0,0.2645280665229667
CTB-61M7.2,0.0,0.26448162986215024
LMBRD2,0.0,0.2644773720281426
MCM4,0.0,0.26441359195590447
RNF103,0.0,0.26420388559795793
RP11-553L6.5,0.0,0.2640764609995867
RP11-798M19.6,0.0,0.26406070410831595
ARL15,0.0,0.26394406933906345
GGH,0.0,0.2639412266290503
ZNF485,0.0,0.2635580707872638
MFSD7,0.0,0.26334360368274173
WASL,0.0,0.2632904448864677
PPM1L,0.0,0.2628972226857076
SERPINH1,0.0,0.26253528926807645
NAGLU,0.0,0.2625291947092249
TM6SF1,0.0,0.262503013660067
PROCR,0.0,0.26247216227644826
RP11-819C21.1,0.0,0.26235714267198623
USP46,0.0,0.2623308193162136
ERC1,0.0,0.2622419310618038
KIFC2,0.0,0.2621689042296002
AP001189.4,0.0,0.2620843477207955
SCLY,0.0,0.2620751855923545
TAPT1,0.0,0.26207391870717117
TLE2,0.0,0.26201419628014627
FAM109A,0.0,0.26178632279892844
SLC22A5,0.0,0.2617156437023834
ZNF12,0.0,0.2616016850322471
TAGLN,0.0,0.2614686092366527
HEATR6,0.0,0.2608139348045226
RP1-40E16.12,0.0,0.2607226282137997
TMEM63B,0.0,0.26051711700688335
EFNB1,0.0,0.26050827587553127
RAB2B,0.0,0.2604617166811567
HIST1H4E,0.0,0.2600701379410637
DNHD1,0.0,0.25994957838052307
ZNF646,0.0,0.2598384643923167
ZNF222,0.0,0.25982334369527904
GINS2,0.0,0.2595637700755856
KLRC2,0.0,0.25950513266188185
RP11-166P13.3,0.0,0.25934666007683876
PTGR2,0.0,0.259225410005957
AEBP2,0.0,0.25911849341367726
GALNT3,0.0,0.25911175739523956
LIPE,0.0,0.25906199782552874
CNNM3,0.0,0.25892980912694047
PROCA1,0.0,0.2588376882183781
GRAMD3,0.0,0.25881096619995575
LINC00944,0.0,0.25870544019736486
FLJ27365,0.0,0.2585113234134313
RP11-354P11.3,0.0,0.25845139418665014
RP11-212P7.2,0.0,0.2582267865979516
ST14,0.0,0.25789255043461556
PTCH2,0.0,0.2576835346102125
RP11-820I16.4,0.0,0.2576348395353691
KCTD9,0.0,0.25748590298511015
F8,0.0,0.25742461960168245
PRKCE,0.0,0.25712622592964485
NPTN,0.0,0.2570297342533991
KIAA1598,0.0,0.2569259815761523
ZNF45,0.0,0.25687671473745505
RP11-4F5.2,0.0,0.2567867315043471
IGFBP4,0.0,0.25678233713457527
MOB1B,0.0,0.256781129844809
JHDM1D-AS1,0.0,0.25674344176600467
GGACT,0.0,0.25659442696357987
ARRDC5,0.0,0.256518136455748
TRAM2,0.0,0.2564467401337708
RP11-299J3.8,0.0,0.25636842543330846
MYEF2,0.0,0.25628228315431095
ZNF793,0.0,0.25604594455662516
HK2,0.0,0.25583373235866474
UVSSA,0.0,0.25582334084112746
AL590452.1,0.0,0.25571296087169376
CREB5,0.0,0.25570310776781063
AGER,0.0,0.25561204902241075
RP11-119F19.2,0.0,0.25557990095136934
ZNF776,0.0,0.25548287793691477
STARD10,0.0,0.2553926817451667
ZKSCAN5,0.0,0.2551002642409879
HSPA1B,0.0,0.25502356020325256
SERPINE2,0.0,0.2550222834077145
MYLPF,0.0,0.2549853954402906
ZNF257,0.0,0.25491577198513493
RP11-152N13.5,0.0,0.25473848019479484
RP3-475N16.1,0.0,0.2546844696991735
CAPN10-AS1,0.0,0.25467754165339884
FBXO5,0.0,0.2546740059613364
AC132872.2,0.0,0.25445497776319426
TTN,0.0,0.2544487052054536
KCNK12,0.0,0.2543351891039366
IFT46,0.0,0.25399501359875126
AC144652.1,0.0,0.2538186716250531
MIB1,0.0,0.25370362388331413
IDUA,0.0,0.2536938490346247
MPP5,0.0,0.2535955568524972
PTK2,0.0,0.25358021599356295
ATN1,0.0,0.2535277558737846
MIR181A1HG,0.0,0.2534777286795804
NAB2,0.0,0.2532409559438822
HMGA1P4,0.0,0.2530833843980552
CTD-2231E14.8,0.0,0.2530710006991669
FAM13A,0.0,0.2530534529343867
ERMAP,0.0,0.2529424141715878
ZSWIM6,0.0,0.252594867229851
GALNT7,0.0,0.25247448827314767
IL7,0.0,0.25245284225261316
RP11-796G6.2,0.0,0.252439073920728
CLPB,0.0,0.2524039219180906
IGFBP3,0.0,0.2522386910805829
AC023590.1,0.0,0.25223426259576714
ZNF248,0.0,0.2522082709386884
POP1,0.0,0.2521855415529506
CEP152,0.0,0.2521272542613688
SRR,0.0,0.2519529714140571
MFAP3,0.0,0.25191003106975546
NFXL1,0.0,0.25157576235421214
ZNF438,0.0,0.25146960235446497
ARSB,0.0,0.25137297585401525
ROCK2,0.0,0.2512840983410697
ERCC8,0.0,0.2512342305879916
C21orf49,0.0,0.25122054765301816
CTA-250D10.23,0.0,0.2510668138209318
TNS3,0.0,0.2510508658405005
QSOX2,0.0,0.250766418453823
PABPC1L,0.0,0.25075239558999945
SMYD5,0.0,0.25061070655539863
ANKRD16,0.0,0.2504804677812402
RP3-402G11.25,0.0,0.25026520969353055
ZFP57,0.0,0.25014453691150357
CCDC7,0.0,0.2496887474637808
RLN2,0.0,0.24962386359643804
LINC00920,0.0,0.2496160724983008
WDR7,0.0,0.24956331004977805
WDPCP,0.0,0.24942821671654447
RP11-66N11.8,0.0,0.24942093002030163
NPIPB11,0.0,0.24941178833601457
FAM149B1,0.0,0.24927527197455834
FAM193B,0.0,0.24905244266806184
CSNK1G1,0.0,0.24899201250704286
CALML4,0.0,0.24899012108872565
CD3EAP,0.0,0.24876790181981404
ARRDC4,0.0,0.24872948460164446
EIF2AK3,0.0,0.24863555701037948
HEATR5A,0.0,0.24855045341361032
E2F5,0.0,0.24835782014167118
ZNRD1-AS1,0.0,0.2480053398473574
PLCB1,0.0,0.24797836848413998
SLAIN1,0.0,0.2479434810300948
NFYC-AS1,0.0,0.24769522602114769
CTC-338M12.5,0.0,0.24765859532813542
MFSD9,0.0,0.24761327119091206
SLC43A1,0.0,0.24750094968189176
FBXW8,0.0,0.24739565838147184
AL139099.1,0.0,0.2472520873481314
ZNF551,0.0,0.24722863329980485
MBLAC2,0.0,0.2468172923574997
RABGEF1,0.0,0.24677965651562464
BLOC1S3,0.0,0.24677050131746386
CNN3,0.0,0.2467648069704921
GKAP1,0.0,0.24667396563074356
FAM177B,0.0,0.24661943674489453
DUSP16,0.0,0.24657742314009376
RP1-102H19.8,0.0,0.24643574378225827
ZC3H10,0.0,0.24634509434668403
FXR2,0.0,0.2462775412175117
CSTF2,0.0,0.2462733029574383
SBNO2,0.0,0.2462474180259466
AC078883.3,0.0,0.24624027672517676
SYNJ2,0.0,0.24613550187246355
BTRC,0.0,0.24573508781595355
USP30,0.0,0.2457267316617347
EPT1,0.0,0.2455848247888936
CMTM5,0.0,0.2455823440189775
HIST1H2BJ,0.0,0.24533544045869665
UAP1L1,0.0,0.24531928856472404
HS6ST1,0.0,0.24521303859474647
CEP85,0.0,0.24494759296454635
TCEANC,0.0,0.24450064871468405
RP11-334C17.5,0.0,0.24423640022439633
ZNF496,0.0,0.2442247245813136
AC093818.1,0.0,0.2442194558428751
C17orf72,0.0,0.2440095765805266
SPAG4,0.0,0.24400284934444844
TAF13,0.0,0.24378895525412023
FAM219A,0.0,0.2436916662739212
HAR1A,0.0,0.24355692167252016
RP11-386G11.5,0.0,0.2435116105497018
RP11-514O12.4,0.0,0.2435090168896463
PDZD4,0.0,0.24323798919586176
ZNF408,0.0,0.24318460755071133
PHGDH,0.0,0.2430005617579334
ZNF765,0.0,0.24299156582850967
SRC,0.0,0.24289803741758526
KCTD2,0.0,0.24287188423642034
SETBP1,0.0,0.24284950296386187
ZNF707,0.0,0.24272672969004006
AC010883.5,0.0,0.24269086965829698
SYT17,0.0,0.24268385421760424
LNX2,0.0,0.2425783293109909
ARMCX2,0.0,0.24255285751116434
GOLGA7B,0.0,0.2423955557102747
ZWINT,0.0,0.2423732206533497
TTLL1,0.0,0.242371010127177
INTS7,0.0,0.24235651637963854
ATP6V0C,0.0,0.24232054550289123
FOLR2,0.0,0.24231783572457022
RP11-301O19.1,0.0,0.24211736789713545
FANCD2,0.0,0.24206225170442647
HOMER1,0.0,0.242043622352015
RP11-284N8.3,0.0,0.24203016593897042
GPD2,0.0,0.2420066783220782
ARHGEF12,0.0,0.24193328336034237
IKZF2,0.0,0.24192769007998416
AC009133.14,0.0,0.24187702676469514
MCM2,0.0,0.24167547586594046
DTX1,0.0,0.24146306624984853
UTP20,0.0,0.2412926790103074
ZER1,0.0,0.2411912842179261
PIP5K1B,0.0,0.24116845717157523
AC020571.3,0.0,0.2409801813847819
FLVCR1-AS1,0.0,0.2409152860119205
COPG2,0.0,0.24084307727251214
RP11-407N17.5,0.0,0.24079096461496788
TTC12,0.0,0.24078725094087267
ZNF234,0.0,0.24077091177202392
C16orf95,0.0,0.24053645083793623
PIK3R2,0.0,0.24036245669056133
SPATA6,0.0,0.24034047341080486
GRAMD4,0.0,0.24030470734291148
PGM3,0.0,0.24028854368832198
TULP3,0.0,0.24020940767782986
C1RL-AS1,0.0,0.24004912827378838
TMOD2,0.0,0.23980860808830878
TMEM135,0.0,0.23977502495622993
LRRCC1,0.0,0.23970868158849604
SLC38A7,0.0,0.23962452365307838
NADK2,0.0,0.23961341697148617
MCF2L-AS1,0.0,0.23958817325251403
SPHK1,0.0,0.2394393056395812
RP4-816N1.6,0.0,0.23926662942777494
PIK3C2B,0.0,0.2390534968127423
ACY3,0.0,0.2389322419763411
ZNF410,0.0,0.23875660493151116
TK1,0.0,0.23868586037482337
LINC00672,0.0,0.23853607607538163
SPOPL,0.0,0.238494167490189
RP11-505K9.1,0.0,0.23849262659238926
SUSD4,0.0,0.23835684824512396
ZNF736,0.0,0.2383444546462255
RAP2A,0.0,0.23830737529646454
SMAD7,0.0,0.23827222638580467
RTKN2,0.0,0.2381764624683657
MARK4,0.0,0.2378909755974649
LINC00115,0.0,0.23767531783508236
ST7,0.0,0.23757009178634944
NDC80,0.0,0.2375499816562961
RP11-344P13.6,0.0,0.2374181519715527
TPST1,0.0,0.237275922768187
RP11-538P18.2,0.0,0.2370143315673265
SGCB,0.0,0.23695795350657137
CENPP,0.0,0.23674813400804137
RNF31,0.0,0.23673193816269164
STK35,0.0,0.23657030295820977
TRIM24,0.0,0.23653423575625812
ZNF432,0.0,0.23648895901222236
SACS,0.0,0.23576036716461732
SPTSSB,0.0,0.23573899021917727
LAIR2,0.0,0.23569115073600824
AC147651.4,0.0,0.23557503444862263
P2RY14,0.0,0.23543569962391642
LIN7A,0.0,0.2354127939584548
DOLK,0.0,0.23529961969611246
SERINC2,0.0,0.235229277347301
ZNF782,0.0,0.2348409297979182
FEZ1,0.0,0.23482625686800035
FAM153A,0.0,0.23472943614581923
PSEN2,0.0,0.2346184394705832
NFIL3,0.0,0.2345925836323211
ALPK1,0.0,0.23442353368184013
RP11-686O6.2,0.0,0.23442201523078313
TRPM2,0.0,0.2343466699149716
FDXACB1,0.0,0.2341738986148297
ZXDA,0.0,0.23389010273669594
MED18,0.0,0.2338789546898525
DFNB31,0.0,0.23368779029066233
TRIM16L,0.0,0.23363056504137278
WEE1,0.0,0.2335684288754268
SMURF1,0.0,0.233465137968389
MBTD1,0.0,0.2331817138127148
C10orf91,0.0,0.23307420234504264
GP1BA,0.0,0.23292551720368965
SIAE,0.0,0.23291101903993897
RAB39B,0.0,0.2328516830441312
UNC119B,0.0,0.23272667708539266
RP11-553L6.2,0.0,0.23267084923830583
RP11-464F9.20,0.0,0.23225014977226194
FNTB,0.0,0.2320313103767039
MSANTD2,0.0,0.2319246482429096
RP5-1136G13.2,0.0,0.23184818365843476
ZNF142,0.0,0.23180940924138302
UBTD1,0.0,0.23177089598642114
RFESD,0.0,0.23174577093929757
NMNAT3,0.0,0.231670274018453
CASP5,0.0,0.2313182778822689
KIAA0101,0.0,0.23124197516073758
IL3RA,0.0,0.2311529693104762
RACGAP1,0.0,0.23113676562975258
PDIA5,0.0,0.23102480776289114
ZBED6CL,0.0,0.2309378143653408
RP11-166P13.4,0.0,0.23091575464218536
C20orf96,0.0,0.23091473291376813
ZNF322,0.0,0.2309046856169624
LEPREL4,0.0,0.2306096380849055
LINC01024,0.0,0.2306070178930279
AMMECR1L,0.0,0.2305710976528898
SLC9A3R2,0.0,0.230551342209446
AC007246.3,0.0,0.2304572985506268
IL1RAP,0.0,0.2303888710714214
PSMC3IP,0.0,0.2301430833042403
NLRP12,0.0,0.2298296571250691
CATSPER2,0.0,0.2297105997719246
MYO6,0.0,0.22956568606321606
PPP1R3B,0.0,0.22954272933457948
TRIM66,0.0,0.2294185922444694
FUK,0.0,0.2291776350586181
CRISPLD2,0.0,0.22909346473011463
RP11-192H23.6,0.0,0.22904581166145682
GPR42,0.0,0.22891318858535728
ZSCAN21,0.0,0.22887403231838863
IGF1R,0.0,0.22873203358345548
ACVR1B,0.0,0.2287097504225263
C2orf40,0.0,0.22857813927912374
SEC14L2,0.0,0.22854966611695646
TMEM150B,0.0,0.22850513015401105
FGGY,0.0,0.22846719763722362
GLTSCR1,0.0,0.22838024440473775
C15orf41,0.0,0.2283608821019586
RBM26-AS1,0.0,0.22831807775204535
SNX25,0.0,0.22819675309739537
RP5-1092A3.4,0.0,0.22819563264844342
ZNF862,0.0,0.22818344721157344
AC074183.4,0.0,0.22815211126640278
HPCAL4,0.0,0.22802756004924823
ZNF771,0.0,0.22794808586209667
SNED1,0.0,0.2279131685543691
HAAO,0.0,0.22789512475223286
RGS16,0.0,0.22772007796848417
NFE2L3,0.0,0.22752800631281486
TIMELESS,0.0,0.22739945505200776
TRPM4,0.0,0.22718363527430127
CPD,0.0,0.22715911437685332
ZKSCAN3,0.0,0.22708084341887239
TYMS,0.0,0.22707006723061773
VNN1,0.0,0.22698969654642384
RP11-817O13.8,0.0,0.22671737723559765
IFFO2,0.0,0.22651031880193687
DNAJC27-AS1,0.0,0.22631201400351716
SPATA41,0.0,0.22577135750896413
LACE1,0.0,0.22567245231680136
CAD,0.0,0.2255494281926878
RP11-1407O15.2,0.0,0.2254800000085533
RP11-474G23.3,0.0,0.2250983766779781
RP11-223C24.1,0.0,0.2250314864919918
COLQ,0.0,0.22502265654726547
MIEF2,0.0,0.22459443872248258
CAHM,0.0,0.2245663097465194
TBC1D32,0.0,0.2241375337273145
DNAJB4,0.0,0.2240727195324753
ZNF133,0.0,0.22404107896488426
VAV2,0.0,0.2239572139063751
SLC35G1,0.0,0.2239105505564489
KIAA1841,0.0,0.22371733193075363
ARHGAP11B,0.0,0.22354227855323255
CRB3,0.0,0.22354179101797092
RP11-390P2.4,0.0,0.22336622253712943
ZNF184,0.0,0.22334043902887213
TLR5,0.0,0.2232873666738753
DCLRE1B,0.0,0.22324010828318835
DGKQ,0.0,0.22309477387108909
REG4,0.0,0.2225538184434804
DLGAP3,0.0,0.22249335147509564
FBXO48,0.0,0.2223969168486792
SLC26A2,0.0,0.2223789763840373
AC115618.1,0.0,0.22221414511560228
DPCD,0.0,0.2221429091077953
RP11-490O6.2,0.0,0.22202593620106975
TDRKH,0.0,0.22191367038767043
INVS,0.0,0.22189680372775203
C17orf58,0.0,0.2218876121798049
KATNAL1,0.0,0.221848405477261
SLC25A35,0.0,0.22178027007517379
KIAA1683,0.0,0.22174315016616733
PPP4R1L,0.0,0.2217366599421867
CYP51A1,0.0,0.22173029565388613
PPP6R1,0.0,0.2216899533344236
PIGW,0.0,0.22126938264440174
CEP72,0.0,0.22094228477393477
KLK1,0.0,0.22090603946169754
LGALS9B,0.0,0.22089008732960566
LINC01135,0.0,0.22087865208584737
ALG11,0.0,0.22085300595179022
RP11-1017G21.5,0.0,0.22074728213945655
FOXP4,0.0,0.22064649336933423
CYP2U1,0.0,0.2204830213580611
ZRANB3,0.0,0.2203276849794317
TRIM62,0.0,0.22029583126439478
CTD-2020K17.4,0.0,0.22028009181941782
FBF1,0.0,0.2201497716377731
ST3GAL6,0.0,0.22008652193666156
INTS2,0.0,0.21994904540431134
FBXO2,0.0,0.2197053977675551
MED20,0.0,0.21919552067290177
ENTPD5,0.0,0.2191118860924443
NOD1,0.0,0.21907406881998384
ENPP5,0.0,0.21890883879821027
RAI1,0.0,0.21882884007316458
TREML2,0.0,0.21882846779723192
TMEM67,0.0,0.21870996097798817
AGAP3,0.0,0.21864576111425518
APLF,0.0,0.2184179028610496
LRRC29,0.0,0.21824406030223273
AC007228.9,0.0,0.2181738694688884
SCRIB,0.0,0.21796985841143107
COL19A1,0.0,0.21771937329163046
TXNDC16,0.0,0.2176766310063307
DDX11,0.0,0.21758400594153846
ZSCAN5A,0.0,0.2174745196208723
TBXA2R,0.0,0.21740022077409205
AC005076.5,0.0,0.21706148191670177
ATP10A,0.0,0.21692223632994373
C7orf13,0.0,0.2167809433294638
GET4,0.0,0.21656233464653893
PLCE1,0.0,0.21656226062756775
CELA1,0.0,0.2164570113852955
FUT4,0.0,0.21624700141253236
ZNF781,0.0,0.21606013242259958
ZNF654,0.0,0.21579248716227273
FAM160B1,0.0,0.2156032780297744
COCH,0.0,0.2155460415347804
ZNF81,0.0,0.2154964164395966
CYTL1,0.0,0.21547723693466656
RP11-755B10.4,0.0,0.21544463130396746
RHOBTB2,0.0,0.2154192791453587
NRL,0.0,0.2154132478754541
CTA-384D8.35,0.0,0.215277642429822
CCR4,0.0,0.21527386758871428
SYCE1,0.0,0.2152313768888296
TBC1D12,0.0,0.21508046168507666
TAF5,0.0,0.21502237768238858
ZNF121,0.0,0.21496243107093707
SLC25A29,0.0,0.2149320326133886
FANCI,0.0,0.21488427815574898
RP11-434C1.1,0.0,0.2148563258751544
ZNF510,0.0,0.21483430911904194
ORC6,0.0,0.2147847748910966
RP4-673M15.1,0.0,0.214783949334938
ZNF28,0.0,0.2145154570220568
SNX21,0.0,0.2143697610894555
SAP30L,0.0,0.2138761938766702
SEPT5,0.0,0.21385074925243333
FSTL3,0.0,0.21383304426452826
MAGEE1,0.0,0.21378178231977393
P2RY11,0.0,0.2136801936055142
TMEM110,0.0,0.21359186917667347
CASK,0.0,0.21352223177323218
FAM169A,0.0,0.21340797707571646
RP11-1100L3.8,0.0,0.21335991556458506
SNX24,0.0,0.21324957860131233
AMN,0.0,0.2131969768953999
SGOL2,0.0,0.213147895014252
BAIAP2-AS1,0.0,0.21314000305221376
MLF1,0.0,0.21304871914167015
IL17RC,0.0,0.21296499578656158
PPARGC1B,0.0,0.2129365333785403
AC145212.1,0.0,0.21281510707683376
SOGA1,0.0,0.2127995837157704
LARGE,0.0,0.21274180265855533
DPH1,0.0,0.2124941426355477
ABCB10,0.0,0.21219673257967447
ZNF575,0.0,0.2121599949397413
ZNF473,0.0,0.21204697545498497
ARMCX1,0.0,0.21198865326516259
MICALL1,0.0,0.211862568555779
ALG10,0.0,0.21168330635591262
RP11-372K14.2,0.0,0.2115919201777416
MYH3,0.0,0.21144450574947346
RP11-11N9.4,0.0,0.2114206340876008
AC074138.3,0.0,0.211389892187894
SLC36A1,0.0,0.21132873633383206
PVRL2,0.0,0.21128568784865104
ETV5,0.0,0.2111708843146107
CPNE8,0.0,0.21108005929077772
RSPH3,0.0,0.21103325061089526
C19orf54,0.0,0.21092749364864197
RP11-448A19.1,0.0,0.21088625834569394
MASTL,0.0,0.2108376850517215
RNLS,0.0,0.21079960879233237
TNK1,0.0,0.2107900517712992
KRBA1,0.0,0.21077452393350082
ZDHHC20,0.0,0.21073173802097422
HACE1,0.0,0.21069969227980148
RP11-401F2.3,0.0,0.21046460769782468
CTD-2270L9.4,0.0,0.21042263609064912
CAPN3,0.0,0.21040574447221683
ZKSCAN4,0.0,0.2102559900013426
CLEC17A,0.0,0.2102540865757487
MANEA-AS1,0.0,0.210249301265322
ZNF337-AS1,0.0,0.21023301077366674
KB-1507C5.2,0.0,0.21011268638762648
ASB2,0.0,0.20987493956721545
CPT1A,0.0,0.2098657938595157
RP11-445H22.3,0.0,0.2098179536135902
RP11-809O17.1,0.0,0.20972185911750166
EPB41L2,0.0,0.20970167704892392
ZIK1,0.0,0.209604845557813
PAQR3,0.0,0.20932068386953814
SLC35E2,0.0,0.208879611961927
ZNF275,0.0,0.20884113876708538
GPR150,0.0,0.20872657305302497
RP1-8B1.4,0.0,0.2086226459628599
PFAS,0.0,0.20857863439580412
NPIPA1,0.0,0.20833577112717178
KIAA1324,0.0,0.20800241062470534
CDCA7,0.0,0.20794810470816694
SLC6A16,0.0,0.20789744877803604
PMEPA1,0.0,0.2078168432490179
EFCAB11,0.0,0.20776630632993198
ERBB2,0.0,0.20774082172866454
ACTL10,0.0,0.20756610170474224
RP11-418J17.1,0.0,0.20736802616612368
LARS2,0.0,0.2073519106348816
EPS8,0.0,0.20728264735054724
FANCB,0.0,0.20699350763036486
TMEM8B,0.0,0.20695974245097276
ZNF175,0.0,0.20685611454509767
AD000090.2,0.0,0.2067427809413007
RBBP8,0.0,0.20669939406531743
RP11-46C24.7,0.0,0.20647939145517363
DHRS11,0.0,0.20643081033791819
ADSSL1,0.0,0.20642354997829132
CLDN7,0.0,0.20638548603758142
PRC1,0.0,0.20636203167087028
PDPR,0.0,0.2063269523497159
B3GAT2,0.0,0.20609279487478036
DLG4,0.0,0.2059946913263489
ABCC3,0.0,0.20598965305273234
TCP11L1,0.0,0.20598471563373053
EXTL3,0.0,0.20586375236119261
RFX2,0.0,0.20582146938238866
CYP1B1,0.0,0.20577493392794607
ZNF329,0.0,0.2054722607059855
CHM,0.0,0.20544786690740774
CIPC,0.0,0.20520049869593157
AP001053.11,0.0,0.2051145687149314
RP11-85A1.3,0.0,0.20506270248987798
ZNF879,0.0,0.20495469292048432
PKIA,0.0,0.20483564267500493
HEMGN,0.0,0.20475301402498475
DHFRL1,0.0,0.20468226543325016
SLC25A10-1,0.0,0.2046449523476848
RP11-973H7.4,0.0,0.2045591279241367
E2F1,0.0,0.20440068809579243
AC147651.3,0.0,0.20435648555656022
TMSB4X,0.0,0.20430284772912652
TMEM237,0.0,0.2040526772142755
NLRX1,0.0,0.20391696732237832
RP11-522I20.3,0.0,0.20384440621334837
RALGPS1,0.0,0.20375998945003082
FAM102B,0.0,0.20372643749668337
LINC00342,0.0,0.20368450166991123
ALS2,0.0,0.20350020727603943
GEMIN5,0.0,0.20344090007690008
WBP5,0.0,0.20340010671066563
ZNF674-AS1,0.0,0.2033320118313935
RP11-712B9.2,0.0,0.20317847899674218
THAP8,0.0,0.20309831039762577
RP11-629O1.2,0.0,0.2029119164950958
RP11-111A22.1,0.0,0.20288749940046985
PPP1R13L,0.0,0.20283436303958782
MYB,0.0,0.20245146317105894
CLEC1B,0.0,0.20232193142013763
NUDT6,0.0,0.20227541725685358
DNAL1,0.0,0.20220353724436896
CTD-2538C1.2,0.0,0.20196394432079368
FLVCR2,0.0,0.20193838039575016
LETM2,0.0,0.20159883886946722
AC010226.4,0.0,0.20154919919105288
SNAI1,0.0,0.20148636698281633
TRIM32,0.0,0.20144872622465293
RP11-265N6.1,0.0,0.2011483992802636
ACCS,0.0,0.201140989920815
ADAM9,0.0,0.20094033713505013
EARS2,0.0,0.20082142552115193
AP001372.2,0.0,0.20058907457307812
TMEM182,0.0,0.2005632927170994
C19orf40,0.0,0.20054740653419534
AP4E1,0.0,0.20039654961180156
RP11-195F19.5,0.0,0.20035398191588202
RP11-535A5.1,0.0,0.20021631294340098
KIR3DL1,0.0,0.20017976539762955
TRIM3,0.0,0.20017863996710955
KCTD11,0.0,0.20003527462861226
TJP2,0.0,0.19995539485212846
GDPD1,0.0,0.1998894309832344
RP11-383C5.4,0.0,0.199829056206378
ZFAT,0.0,0.19972805636112803
TEPP,0.0,0.19972800656379938
CCDC102B,0.0,0.19949009242464824
RP11-649E7.5,0.0,0.19939528837563858
AHCYL2,0.0,0.19926646626303673
SWT1,0.0,0.19908373661618772
AFMID,0.0,0.19886391018134209
ZNF407,0.0,0.1987126049674716
NLN,0.0,0.19866165260147936
PLEKHA5,0.0,0.19852447814202506
LACC1,0.0,0.1984970727265821
UTP14C,0.0,0.19846314993191125
LRRK1,0.0,0.19806182129062344
C16orf52,0.0,0.197985522855211
FAM173B,0.0,0.19794359568312692
TIRAP,0.0,0.1977623447114699
SIRPB2,0.0,0.1975767000127394
ANKRD9,0.0,0.1974059210748803
DARS2,0.0,0.19737418312595126
HIATL2,0.0,0.1971261355593782
TBKBP1,0.0,0.19710214624436165
C14orf182,0.0,0.19696740240807806
CTC-534A2.2,0.0,0.1967113508142554
RP11-16E12.2,0.0,0.19662564558817858
PRSS57,0.0,0.19640327385697381
FAM201A,0.0,0.1962503287726911
AARS2,0.0,0.19623273619811737
HILPDA,0.0,0.19607758399152939
RYR1,0.0,0.19569626489753136
ERP27,0.0,0.19562868644595255
RP11-637A17.2,0.0,0.1954523323629261
NCAM1,0.0,0.1952939116484423
TMSB4Y,0.0,0.19522271998568058
EXO5,0.0,0.1951882540401328
LAMP3,0.0,0.19517609605069403
FBXW9,0.0,0.1949204300104981
ADAMTS6,0.0,0.1949121694764219
CCNYL1,0.0,0.1948827183213313
TMSB15B,0.0,0.19484818132576479
EGR2,0.0,0.19476485788906445
RP11-872J21.3,0.0,0.19464850165953534
NCAPG2,0.0,0.19460658029932132
FGFRL1,0.0,0.19459123748144344
FCAR,0.0,0.1945177751533285
CTA-204B4.2,0.0,0.19451152235520444
ITSN1,0.0,0.19439542275742716
CMTM2,0.0,0.19429256808599885
ZNF831,0.0,0.19424855688270798
ZNF570,0.0,0.19417850811465268
KLHDC8B,0.0,0.1940289966144061
NR3C2,0.0,0.1936959332541932
ZNF235,0.0,0.1936129933936551
LINC01136,0.0,0.19310768335913356
C20orf201,0.0,0.19304360199276308
ZNF577,0.0,0.19295879654222856
RP11-420G6.4,0.0,0.1928837407057706
C17orf67,0.0,0.19275550662123944
SARDH,0.0,0.19270751247130705
FAM129B,0.0,0.19265581356466815
RAPGEF2,0.0,0.19254684127379332
RP11-214O1.3,0.0,0.19250937700659168
KIAA1958,0.0,0.1924748242028592
CCDC30,0.0,0.19231988734192834
KLHL15,0.0,0.19228071238206343
METTL20,0.0,0.19215820280039
RBM11,0.0,0.1921017865182862
PSAT1,0.0,0.19209944773347434
GPR162,0.0,0.1920370109650773
XXbac-BPGBPG55C20.2,0.0,0.1919534037343281
GHRL,0.0,0.19175522727061867
RP11-351D16.3,0.0,0.19173756495545846
PAK4,0.0,0.19170906942070817
KRT7,0.0,0.19163368997227914
CDC42EP1,0.0,0.19154191232578374
NIPA1,0.0,0.19146351712593512
ARHGEF19,0.0,0.1912365579413214
RP3-467N11.1,0.0,0.1911517762895213
ZNF614,0.0,0.19108302746901454
AC009948.5,0.0,0.19107052993399545
CTA-445C9.15,0.0,0.1909933853695885
C5orf66,0.0,0.19096909034735282
PPP1R12B,0.0,0.1909481360720202
EXT1,0.0,0.19088437894082638
EDC4,0.0,0.19083665605735686
USP13,0.0,0.1906311646314284
ZNF558,0.0,0.19057237096607849
CTD-2287O16.5,0.0,0.19056010060738915
KCTD21,0.0,0.1905314866108837
ZNF627,0.0,0.19043935493682693
ZNF700,0.0,0.19036999871447882
STARD5,0.0,0.19028866107982842
EXD2,0.0,0.19012716194167575
RP3-428L16.2,0.0,0.19002544421854387
ZNF501,0.0,0.1899383125539267
FAM229A,0.0,0.18979161399476954
PTCH1,0.0,0.18974565697170578
SLC16A4,0.0,0.1896913957817377
FAM198B,0.0,0.18964138406540398
C19orf83,0.0,0.1896179499674969
MIPEP,0.0,0.18956673138668642
DUSP4,0.0,0.18955802822250664
DDX31,0.0,0.1893921599318676
USP18,0.0,0.18934270006516654
CHAF1B,0.0,0.1891764691863158
AGAP6,0.0,0.18916342263391228
ZNF615,0.0,0.18906948043136693
IQCE,0.0,0.18884331597168227
ZNF202,0.0,0.1887142060457426
ADC,0.0,0.1886619369337552
C9orf38,0.0,0.18854032950996447
TNFRSF10D,0.0,0.1885125804081288
LAPTM4B,0.0,0.1884621948696742
ZNF189,0.0,0.1884409338261584
FUT10,0.0,0.1884203382780006
ZBTB32,0.0,0.18840528947377197
FBXL16,0.0,0.1883702000184495
CEP128,0.0,0.18819283056018865
TANC2,0.0,0.18818423818900987
CTD-2192J16.22,0.0,0.18810189927048082
RP11-658F2.8,0.0,0.18806750416699342
MOB3B,0.0,0.18796511019839243
TSNARE1,0.0,0.1877114093518456
LINC00341,0.0,0.18760151242184894
ZNF213,0.0,0.18751499862741405
C17orf80,0.0,0.18721124928979924
RP11-634H22.1,0.0,0.18710607927941927
RP11-532F6.3,0.0,0.18709839823054583
DENND5B,0.0,0.1870627773722089
RP11-572O17.1,0.0,0.18695466180661804
NUDT11,0.0,0.18671151806245112
POC1A,0.0,0.18668131966813237
DNAJC3-AS1,0.0,0.18664109925089037
ZNF280C,0.0,0.18663634008038557
NHLRC4,0.0,0.18661925288112824
TAF5L,0.0,0.186403434339451
RWDD3,0.0,0.18637497209769066
LZTS2,0.0,0.18636308687729222
NUDT19,0.0,0.18625767320215167
PAXIP1,0.0,0.18625452360450712
IL24,0.0,0.18621830029410638
SMIM1,0.0,0.18619501683077358
TLDC1,0.0,0.1860335448969485
TFR2,0.0,0.18597586351420986
CTC-459F4.3,0.0,0.1859107252572983
ASAH2B,0.0,0.18589988959714523
ICK,0.0,0.18582373115926126
INPP5E,0.0,0.18581089659846772
ADORA2A-AS1,0.0,0.18554807823766992
KIAA0754,0.0,0.18551928498325704
RP11-162G10.5,0.0,0.18550086301390198
C8orf88,0.0,0.18522996354436264
NOTCH4,0.0,0.18520271949649156
DPY19L3,0.0,0.1851791636427477
KIAA1377,0.0,0.18496201310672677
THNSL1,0.0,0.18477756309749074
QPRT,0.0,0.1847016846319119
PPP1R17,0.0,0.18418398635162522
CTNNAL1,0.0,0.18405358469250496
FCGR3B,0.0,0.18374410990553974
CHRNE,0.0,0.18367671208490954
RP6-91H8.3,0.0,0.1836632564902039
ST8SIA1,0.0,0.18365968144818307
C17orf100,0.0,0.18365906456593908
B3GALNT2,0.0,0.18365281041793757
CA13,0.0,0.18362213117523063
OTUD3,0.0,0.1832369095105337
PLEKHA8,0.0,0.18319222568932572
CDC14B,0.0,0.18304741554663853
RP11-318E3.9,0.0,0.18275848407210668
TP53INP2,0.0,0.18263958520268048
AC026806.2,0.0,0.18254611582314428
REEP6,0.0,0.18213375113341826
PPP1R13B,0.0,0.18197185546881636
RP11-126K1.6,0.0,0.18196646555130344
ZHX1-C8ORF76,0.0,0.18196421795078394
CCDC138,0.0,0.181845897869728
CTB-113I20.2,0.0,0.18184048631167138
SENP3,0.0,0.1817725664693331
ENO1-AS1,0.0,0.18171328100669146
ZNF527,0.0,0.1815423873936386
CCDC134,0.0,0.1815095339695774
NDOR1,0.0,0.1813545685531246
ALCAM,0.0,0.1813324328518336
ETV2,0.0,0.18132264042013438
RP11-117D22.2,0.0,0.18131721448039645
URB2,0.0,0.18131240921111527
DEPDC5,0.0,0.18130972260619377
DNAJA4,0.0,0.18121880335333182
RP11-262H14.1,0.0,0.18120023576375463
SLC7A1,0.0,0.1811506268649668
PKP4,0.0,0.1810818003411688
C2ORF15,0.0,0.18096068875846208
RTN1,0.0,0.18078442977370718
RP11-1070N10.3,0.0,0.1806488051163073
EXOC6B,0.0,0.18057411405779464
ZNF23,0.0,0.1804632160798372
CCDC24,0.0,0.18033341773348985
RP11-126K1.2,0.0,0.18028332621502705
FICD,0.0,0.18020320571788512
KCNE1,0.0,0.18015917241169327
SEMA4C,0.0,0.18006307680325445
RP3-525N10.2,0.0,0.18003997970588603
RASGEF1A,0.0,0.1798987031751935
ZNF256,0.0,0.17984054354886878
LHFPL2,0.0,0.17981653408367032
IL23R,0.0,0.17979841974890118
DGKH,0.0,0.17973846863886417
HDX,0.0,0.1796871982948356
EGLN3,0.0,0.17967501897391797
LINC00544,0.0,0.17948904807655752
ZNF827,0.0,0.17910888869763683
ITGAV,0.0,0.17908663741117012
KHDC1,0.0,0.1790623278904583
STXBP5,0.0,0.1790545275393203
SLX4IP,0.0,0.1789109332090649
EDARADD,0.0,0.17882213495812319
PRRG2,0.0,0.1787726498404414
ZNF582-AS1,0.0,0.17873807084672894
PGAM5,0.0,0.17870981760963572
SLC12A2,0.0,0.17865016965524147
IQCH-AS1,0.0,0.1785483285861472
ADAMTS10,0.0,0.1783681572843749
NPIPB5,0.0,0.178248269059207
GPHN,0.0,0.1782366529254614
PLEKHG1,0.0,0.1782102371375489
USP44,0.0,0.1780242685438277
ZDHHC8,0.0,0.17793026456992872
C9orf40,0.0,0.17764197087035252
AL592284.1,0.0,0.17757091514351642
CSRNP2,0.0,0.17752161915911194
FAM21B,0.0,0.17748473945767548
C1orf53,0.0,0.17738532568089088
KB-1732A1.1,0.0,0.17719446903194813
NAP1L6,0.0,0.17716306709225624
SLC17A9,0.0,0.1771019629257023
NREP,0.0,0.17697796245292577
KCNMB4,0.0,0.17694109040784264
ATXN7L2,0.0,0.17690193324336742
ZNF117,0.0,0.17684637766237468
RP11-5C23.1,0.0,0.17682504944728686
FBXO30,0.0,0.1768000002114186
NLRP2,0.0,0.17639737616790033
LENG8-AS1,0.0,0.1762739496829924
NCEH1,0.0,0.1760199408350121
KIAA0556,0.0,0.1759609947958732
SEPT8,0.0,0.17583322556339873
ZDHHC9,0.0,0.17577369872457796
RP11-442H21.2,0.0,0.17555978119656268
CDC42BPB,0.0,0.17547657959351606
LOXL3,0.0,0.17542718709536728
RELL1,0.0,0.1752304014065981
EMR3,0.0,0.17521047009805724
SLC16A5,0.0,0.17520472192751207
C16orf93,0.0,0.17516150117845616
POLE,0.0,0.17515829912034156
GPR141,0.0,0.174956079327681
RP11-1007O24.3,0.0,0.17471887384999452
C17orf103,0.0,0.17438569601636156
AC092295.7,0.0,0.17430704447012066
C2orf88,0.0,0.17426468170072706
ERCC6,0.0,0.17425705652791665
PLAG1,0.0,0.17415842572298787
TENM1,0.0,0.17413298126736695
DSEL,0.0,0.17409503120840714
PAQR4,0.0,0.17402066230509144
ZHX3,0.0,0.17396891456227814
FZD3,0.0,0.17389399112219603
BBS1,0.0,0.17374651835143845
MAST2,0.0,0.1736219684949746
RP11-498C9.3,0.0,0.173587432549849
PAX8,0.0,0.17342188930061442
SLC8A1,0.0,0.17324838016439675
FKRP,0.0,0.1731978244236085
MRVI1,0.0,0.1731922188152576
HLX,0.0,0.17292354346695202
SCARB1,0.0,0.17281548873358157
SOCS6,0.0,0.17281235158904298
AP000783.1,0.0,0.17274940064076175
PTPDC1,0.0,0.17255305477166505
ZNF282,0.0,0.17252140895346277
RP11-849F2.8,0.0,0.1723622238932586
AQP9,0.0,0.17225717145766628
CPNE7,0.0,0.17205555306150666
MMEL1,0.0,0.17202744464115954
COA7,0.0,0.1719817715438153
ZNF649,0.0,0.17171809534670837
PRR11,0.0,0.17170911572792447
WDR47,0.0,0.17167634611703828
RP3-325F22.5,0.0,0.17157885137844917
SS18L1,0.0,0.17157412977322933
SPAG1,0.0,0.17148095206402966
RP11-413H22.2,0.0,0.17138844828811278
TRAPPC12-AS1,0.0,0.17122696190547698
ZNF519,0.0,0.17119002363813685
AC009506.1,0.0,0.17116775725059608
LINC00843,0.0,0.17111498693826552
TMEM180,0.0,0.1710449617877504
RRM2,0.0,0.17097167219306425
BOLA2B,0.0,0.17050935859043745
ZNF69,0.0,0.1703496129104454
ANKRD22,0.0,0.17034711416801215
CXCL10,0.0,0.17031130744181
KIF9,0.0,0.1702462345627904
FKBP1B,0.0,0.1702440870309696
TLR6,0.0,0.17021760684245757
C2CD2,0.0,0.1701515982561987
CDK14,0.0,0.1700801574162842
ROBO3,0.0,0.17007575620981918
ZNF555,0.0,0.170053481056955
ERMP1,0.0,0.17002284866844034
DTHD1,0.0,0.16995920672459408
GATM,0.0,0.16992851099976505
PELI3,0.0,0.16978034438258569
RAB3A,0.0,0.16976662388585714
GUCY1B3,0.0,0.16967266728102165
RCN3,0.0,0.16964526205668307
ZBTB41,0.0,0.16955336006588292
ZNF341,0.0,0.1693529227501812
LILRA4,0.0,0.1690667429403328
NFIA,0.0,0.1690259500937071
RP11-161M6.2,0.0,0.1689714470586422
CTA-384D8.36,0.0,0.16888458800964087
ZNF726,0.0,0.16887127269788244
JAKMIP2,0.0,0.1685190408648155
ZNF74,0.0,0.1684561107843579
RP11-644F5.11,0.0,0.16807051682195834
HEATR2,0.0,0.1680511928411877
SLC39A14,0.0,0.1679844640165255
OPRL1,0.0,0.16768203537731746
TNFSF4,0.0,0.16763341245171542
RHOBTB3,0.0,0.16735576042080916
ELL2,0.0,0.16725700814705727
RP11-108P20.1,0.0,0.1672414106516292
RP11-517P14.2,0.0,0.16717698027467978
PAPD7,0.0,0.16716669552958877
MTURN,0.0,0.16712452551866835
TMTC2,0.0,0.16700641994023865
MCM3AP-AS1,0.0,0.16697040037778918
MEST,0.0,0.16683745239330489
RP3-395M20.9,0.0,0.1668342913991741
ANK1,0.0,0.16679543201483163
ZDHHC14,0.0,0.1667517556534258
GFI1B,0.0,0.1666043246935727
TNFRSF9,0.0,0.16653434924745839
SLC22A18AS,0.0,0.16644337699518116
SH3RF1,0.0,0.1663340731801502
ANKRD35,0.0,0.16630792463003788
ALS2CL,0.0,0.1661210166810085
CACNA1I,0.0,0.1660473641028309
SSPN,0.0,0.16603635251195528
RP11-6J24.6,0.0,0.16599386352558113
ANGPT2,0.0,0.1659872098769711
FER,0.0,0.1659156015481263
MMP28,0.0,0.16583407306014977
RP1-43E13.2,0.0,0.16574201897826854
FAM212B,0.0,0.1654972349694055
HUS1B,0.0,0.16545097812702902
NDUFB2-AS1,0.0,0.16530602652456025
DGAT2,0.0,0.1653025904223084
PPAPDC2,0.0,0.16505507868958377
ALOX12,0.0,0.16489945412011647
RP11-395G23.3,0.0,0.16487875355067189
ATP7A,0.0,0.16481820982059836
MPZ,0.0,0.16476838890606166
NOL3,0.0,0.16466793685962763
RP5-894A10.2,0.0,0.16447343444209264
RP13-582O9.7,0.0,0.1643460544104446
ARAP3,0.0,0.16433859865391354
TJP3,0.0,0.16430934323563445
CRIPAK,0.0,0.16413480327801583
PSRC1,0.0,0.16407255020817396
KBTBD6,0.0,0.16407207690648398
IGSF22,0.0,0.16398358806774957
AL133245.2,0.0,0.16384370252707642
KIF11,0.0,0.16377221358919042
CCDC151,0.0,0.1637509660387211
FAM135A,0.0,0.163637994834523
ZBTB47,0.0,0.16346420583622173
TESK2,0.0,0.16341274535893255
CUEDC1,0.0,0.16339724657082252
RP11-425I13.3,0.0,0.163183051517427
AKAP5,0.0,0.16310269653584422
LMOD3,0.0,0.1630862351118337
KCNMB3,0.0,0.1630616624907832
CNTNAP2,0.0,0.16304999194827088
ANKS1A,0.0,0.16304996388752913
ARMCX6,0.0,0.16286481218540538
PLB1,0.0,0.16244872951056522
PHLPP2,0.0,0.16238302365735935
DLEU7,0.0,0.1622431361235592
LATS2,0.0,0.16219630710574423
RP11-70C1.1,0.0,0.16214349183194038
AF213884.2,0.0,0.16213668027816983
NPIPB4,0.0,0.16210478840718417
LIN54,0.0,0.1620960152796558
TRMT10A,0.0,0.16206162176460884
ACVR1C,0.0,0.1620487308127373
ADCY3,0.0,0.16195247974124488
UTS2,0.0,0.16187900061391935
ZNF320,0.0,0.1618473787420869
ESAM,0.0,0.16160376678019212
DCUN1D2,0.0,0.1615629189633824
SENP1,0.0,0.16155129583485175
RASL11A,0.0,0.16149047000740596
CCL2,0.0,0.16145616388307396
AC006129.4,0.0,0.16129077118867113
LYSMD4,0.0,0.16123392738942283
ZNF616,0.0,0.16117588154840762
LIN9,0.0,0.16115657604450503
ANKEF1,0.0,0.1611165395461284
RP11-536K7.3,0.0,0.16111278906826978
RP11-313P13.5,0.0,0.16108960506929065
VDR,0.0,0.16097496596308442
HIC2,0.0,0.16084442847482078
ZNF549,0.0,0.16084190507261317
CCT6B,0.0,0.16077554455320603
IER5L,0.0,0.1607316466658167
POMGNT2,0.0,0.16071624676953825
AMT,0.0,0.16071517482758524
ZNF404,0.0,0.16062963647794445
PCAT1,0.0,0.16061505185505798
VIT,0.0,0.1605613683561494
ZNF540,0.0,0.1605612669136317
RP3-400N23.6,0.0,0.1605325480825276
P2RY2,0.0,0.16050670327361297
ACPP,0.0,0.16031279102851723
NDST1,0.0,0.16029456027993833
SPIN4,0.0,0.16028535068455008
DKK3,0.0,0.16007513988449126
CNIH3,0.0,0.16005146282575847
RP4-800J21.3,0.0,0.1599630980696668
ABCB4,0.0,0.1599430051712237
PHOSPHO2,0.0,0.15982495493693397
ZNF845,0.0,0.15969104706107892
KLF5,0.0,0.15957386048125974
PNMA5,0.0,0.15953885282289693
RAD51,0.0,0.1595173132021956
PCP2,0.0,0.1593679888420935
ZCCHC14,0.0,0.15933224919487637
DKFZP779L1853,0.0,0.15927730984473867
RP11-258F1.1,0.0,0.15925185862052216
FMO4,0.0,0.15903966927080176
ZNF418,0.0,0.15903544801049563
SLC1A7,0.0,0.1588395282466627
RPH3AL,0.0,0.1586900754149036
MAN1A1,0.0,0.15868486763649742
GS1-124K5.11,0.0,0.1586323012753784
BRICD5,0.0,0.15862539298336448
FBXO46,0.0,0.15861900198409198
PALLD,0.0,0.15843391663908923
TBCEL,0.0,0.15840842464447877
SLC29A2,0.0,0.15838384481718826
CTD-2256P15.2,0.0,0.15837455262452826
USP45,0.0,0.15826262178103895
SFXN2,0.0,0.15821346388837718
CCDC176,0.0,0.1581734247523213
MAPKBP1,0.0,0.15812154787765922
DNLZ,0.0,0.15796300323063106
LCMT2,0.0,0.15791052633542274
LRFN3,0.0,0.15763289394090454
DBNDD1,0.0,0.1576050794011527
PGBD4,0.0,0.15756532210850072
GPR174,0.0,0.15750820920269745
FKBP1C,0.0,0.1573605682658987
ATP1B1,0.0,0.15714234341526506
RP11-415F23.4,0.0,0.1570581914214247
ZDBF2,0.0,0.15702694110273693
RAB38,0.0,0.15701105525621006
CYB5D1,0.0,0.15696001414545982
ZNF358,0.0,0.15679365451503716
TRAF3IP2-AS1,0.0,0.15671900846417575
ZNF41,0.0,0.15661420143336138
THBD,0.0,0.15653248840400436
FZD6,0.0,0.15640269139237006
TMEM170B,0.0,0.1562982131034456
FANCM,0.0,0.1561302640575055
ZNF605,0.0,0.15594863277642398
SLC12A4,0.0,0.15588542708269187
TTLL11,0.0,0.15577472448548066
LDLRAD3,0.0,0.15534577672952982
ZNRF1,0.0,0.15533991263361924
PRELID2,0.0,0.15531135225864012
RPS4Y2,0.0,0.15525856480041655
CCDC142,0.0,0.1551686280600621
BCORL1,0.0,0.15512836559630774
KLHL26,0.0,0.15511119765493714
EHD3,0.0,0.1550594215136943
AC061992.2,0.0,0.15497469302870764
TMEM255B,0.0,0.15497155157639347
PSMG3-AS1,0.0,0.1548786903132252
ZNF785,0.0,0.15482595650263725
DMWD,0.0,0.15481701578814208
SEC24B-AS1,0.0,0.15474121130567003
AFAP1L2,0.0,0.15450062100034115
CTLA4,0.0,0.1544377000057708
PACSIN1,0.0,0.15411346365467293
TRMT44,0.0,0.15406597299229316
ZNF343,0.0,0.15404627631638224
LINC01013,0.0,0.15390124156688145
OSBPL1A,0.0,0.15369936590006827
EEF2K,0.0,0.15367307520673787
XXbac-BPG252P9.10,0.0,0.15361132304027264
RP11-319G6.1,0.0,0.15350894749025856
NFIX,0.0,0.15332934747428545
AFAP1,0.0,0.15319755258467171
RP11-145M9.4,0.0,0.15318030188102594
CLIC2,0.0,0.15317708664747334
ZNF347,0.0,0.15313954543185437
RP11-326C3.15,0.0,0.15312435579000203
RNF207,0.0,0.15304891684348085
KCTD15,0.0,0.15297475326657134
RP11-158K1.3,0.0,0.1527613238262362
SPIRE2,0.0,0.15263068133927357
FRS3,0.0,0.1525474436132175
DVL3,0.0,0.15252143056014184
RP11-573D15.9,0.0,0.1524601619743368
AC093495.4,0.0,0.1523594427559696
UBXN7-AS1,0.0,0.15233225078580379
L2HGDH,0.0,0.1522780449992104
CCDC125,0.0,0.15221329820924467
FKTN,0.0,0.1522007854444321
ARG2,0.0,0.15217217107033051
SLX4,0.0,0.15212646081725437
RP11-273G15.2,0.0,0.15206705955722102
PSMD6-AS2,0.0,0.15203176962536022
GCAT,0.0,0.15201287475256947
CCNA2,0.0,0.1520073398400976
SLC25A15,0.0,0.15173854022091332
C2orf81,0.0,0.15164618934684984
CTD-2576D5.4,0.0,0.15163336629937182
ZNF768,0.0,0.15160053516659916
INSR,0.0,0.15155272316830168
HAL,0.0,0.1513655009227329
GCSH,0.0,0.15124367926664908
AC010761.8,0.0,0.15110083975947491
AL591479.1,0.0,0.15107381701305733
PRRG4,0.0,0.15094577917175656
TIGD6,0.0,0.15088706661383483
CCNB1,0.0,0.15087426816843835
RP1-111C20.4,0.0,0.15072209621647661
MSTO1,0.0,0.15057240337421465
C15orf38,0.0,0.15048371679613748
GTSCR1,0.0,0.15044771426125256
SPSB1,0.0,0.15029814681938145
EAF1-AS1,0.0,0.15023817821279478
SCGB3A2,0.0,0.15019926084799531
CDK3,0.0,0.1501072572767032
MSC,0.0,0.15008827062030541
PALB2,0.0,0.1499191623940155
HFE,0.0,0.14989530291325673
RP11-1391J7.1,0.0,0.1498140891999805
RP11-10L12.4,0.0,0.14974898483008867
CDC26,0.0,0.14954754958949498
RTTN,0.0,0.1495289697144658
NEO1,0.0,0.14949152671742916
PRCD,0.0,0.14946094715475589
BRPF3,0.0,0.1494219254738695
AIFM2,0.0,0.14929192953347536
SLC9B1,0.0,0.1491779785855149
TLCD1,0.0,0.14888065688263488
PEX11G,0.0,0.14887948395976563
GS1-124K5.3,0.0,0.14876370644559733
NCKIPSD,0.0,0.1487016145232448
GDF11,0.0,0.14864098298384648
CTC-428H11.2,0.0,0.1486371933059921
CAB39L,0.0,0.14857561005993947
SPA17,0.0,0.14847942807014025
RP11-159D12.2,0.0,0.14837174273846593
N4BP3,0.0,0.1483169071410543
PNPLA7,0.0,0.14831277279541466
CHEK1,0.0,0.14817453656339252
ZSCAN30,0.0,0.14815160469917849
RP11-1191J2.5,0.0,0.14802599589618815
CTC-246B18.10,0.0,0.14793802101903106
KIF27,0.0,0.14792425086661307
FZD1,0.0,0.14776918019744778
CR2,0.0,0.1477403234737147
FAM131A,0.0,0.14773549016182333
DICER1-AS1,0.0,0.14762547410258037
SRGAP3,0.0,0.14760439882696386
HYAL3,0.0,0.14751008987690903
PEAK1,0.0,0.1473050423400748
SERAC1,0.0,0.147296999091061
TNFSF13,0.0,0.14726929245257492
C19orf47,0.0,0.1472268996683692
SLC25A23,0.0,0.1472210244573346
RP11-307C12.13,0.0,0.14717275035975524
GK5,0.0,0.14708162468893177
GINS3,0.0,0.14700614691741756
PACRGL,0.0,0.1468673276741547
IKBKG,0.0,0.14676524827868026
SPAG5,0.0,0.14661681684076797
ATP6V1C2,0.0,0.1465405716109805
ZBTB3,0.0,0.14626670401840677
RP11-326C3.12,0.0,0.14604381948806144
EVI5L,0.0,0.14589085989439288
AC004854.4,0.0,0.14587016297361738
ZNF564,0.0,0.14576726590217193
CCDC120,0.0,0.14568326164856674
RP11-229P13.20,0.0,0.14567024116765553
LY6G6F,0.0,0.14552760716239815
RP11-841O20.2,0.0,0.1454861230122307
CASD1,0.0,0.14542783837300244
IGFBP6,0.0,0.14533935198644252
HIST1H2AG,0.0,0.14523161449160962
ZNF2,0.0,0.14522440812734894
AMY2B,0.0,0.14516294148235775
AC142528.1,0.0,0.14505246478951114
LTK,0.0,0.14503959415488685
AC021860.1,0.0,0.1449986636483944
RP11-617D20.1,0.0,0.14490452433392534
QSER1,0.0,0.14485334380559067
ZMYND15,0.0,0.1447257427597114
ROPN1L,0.0,0.14463468310467512
RP11-378A13.2,0.0,0.1445255958440507
C3orf18,0.0,0.14450820175476092
PAGR1,0.0,0.14432584252960162
CCDC180,0.0,0.14426872226624138
CLDN5,0.0,0.14426176739995342
CDKL1,0.0,0.14414938761085452
FBXL18,0.0,0.14414815207136078
AIM1L,0.0,0.1441084987190085
GINS4,0.0,0.14377274435288884
KIAA1524,0.0,0.14372276942479043
SLC5A2,0.0,0.14366366028399566
RP11-575L7.8,0.0,0.14350900043522719
RP11-50E11.3,0.0,0.14342733622201148
SEC61A2,0.0,0.1433935054228976
NPHP4,0.0,0.14333237534422444
LINC01023,0.0,0.14329021548698231
RP11-426C22.5,0.0,0.1431988856231432
FOXP3,0.0,0.14316310651076614
NRBP2,0.0,0.14314190735975393
PPT2,0.0,0.14293989250971656
F12,0.0,0.14286265088418282
PITPNM2,0.0,0.14277700545721922
ZNF93,0.0,0.14267963024939662
ZNF530,0.0,0.1424853934836619
MIR29A,0.0,0.14238490083659616
RP11-78A19.3,0.0,0.14232609472583152
MAP3K12,0.0,0.14224465132802275
ZNF808,0.0,0.14204107938753385
HIST1H2BG,0.0,0.14197074204830973
EGFL7,0.0,0.14193316081916826
KIFC3,0.0,0.14190331454936547
KLHDC1,0.0,0.1418934247691811
ZSWIM3,0.0,0.14187168914170886
C19orf33,0.0,0.1417773105065944
WDR19,0.0,0.1417190704381385
SULT1B1,0.0,0.14167846132472048
ZSCAN12,0.0,0.14164314493335264
MIER3,0.0,0.14163485752408975
KIF19,0.0,0.14163254214420487
CCRL2,0.0,0.14161552577213754
GAS6,0.0,0.14156232146522307
RP3-508I15.19,0.0,0.14155211088375538
PELI2,0.0,0.14154554995834412
RP11-463J10.3,0.0,0.141531717544462
CENPJ,0.0,0.1414684290925113
FAM20C,0.0,0.1414425933568078
PIF1,0.0,0.14143549091399626
FFAR3,0.0,0.14143411577849466
RP11-179B2.2,0.0,0.14136525200817077
AURKB,0.0,0.14130862458569124
PUS7,0.0,0.1412686423712895
AC007383.3,0.0,0.14120230407925935
RP11-446N19.1,0.0,0.14117968814979184
AC012358.8,0.0,0.14112685343849968
FAXDC2,0.0,0.14100315490825013
ARL10,0.0,0.14093788030587864
NEFH,0.0,0.1407814952823123
RP5-892K4.1,0.0,0.14075106815243585
MTX3,0.0,0.14074283455170206
LGALS9C,0.0,0.14069305601175586
KRBA2,0.0,0.14061398255927254
ADCK1,0.0,0.14047971860754588
RP11-804H8.6,0.0,0.14046641393485965
ZBTB6,0.0,0.14022538204748075
STX1A,0.0,0.1401727579337991
DOCK9-AS2,0.0,0.14017178722325443
CHPF,0.0,0.14008787913924112
MEOX1,0.0,0.1399737072962364
UBAP1L,0.0,0.1398516611449851
DHRS9,0.0,0.13981420473029468
RP11-481A20.11,0.0,0.1397823014810471
ZNF860,0.0,0.13977073620946817
RP11-398C13.6,0.0,0.13970795894958468
NHLRC1,0.0,0.13965263124567598
TCL1B,0.0,0.13963241073320076
CXorf57,0.0,0.13958646711314351
SLC22A17,0.0,0.13939787987488356
PTX3,0.0,0.13932525063429055
S100P,0.0,0.13930447102260077
RP11-111M22.2,0.0,0.13920022773196836
GMPPB,0.0,0.13910020832248784
XXbac-B135H6.18,0.0,0.13902590803148193
RP11-425D10.10,0.0,0.13900096523794137
RP11-47A8.5,0.0,0.13878960595325104
RP11-398K22.12,0.0,0.1387216562224352
ITPRIPL1,0.0,0.13866864582940483
RP11-119D9.1,0.0,0.13862461709583612
NBPF15,0.0,0.13840734704278224
SSH3,0.0,0.13839889102165795
RP11-734K2.4,0.0,0.13829281875597735
ZNF841,0.0,0.13810399398581186
LNX1,0.0,0.1380410120424513
7SK-2,0.0,0.1380338477879299
NAV1,0.0,0.13795777380962973
CARM1,0.0,0.1378952437300903
AP000692.10,0.0,0.13784994423556785
USP35,0.0,0.13781312346961844
CENPO,0.0,0.13780999448197873
ACY1,0.0,0.13780726036134358
HIST1H1B,0.0,0.1377403829503615
VPS54,0.0,0.13773071294746753
SLC35E4,0.0,0.13768569014627163
DNAJC18,0.0,0.13766773430208193
CATSPERG,0.0,0.13753963600988794
SH3PXD2A,0.0,0.13751147328480046
VEGFA,0.0,0.13750487772552353
BCO2,0.0,0.13732807792192736
ZNF79,0.0,0.1373129721467569
RP11-876N24.4,0.0,0.13709793796400288
RP11-267N12.3,0.0,0.13698516363460736
GNG3,0.0,0.13692978349590468
DISP1,0.0,0.13690367029469436
CETP,0.0,0.13687035689888757
ZNF618,0.0,0.1366992964563456
C15orf48,0.0,0.1366877882416042
SCGB1C1,0.0,0.13650613806471892
AC009133.12,0.0,0.13632765790930712
ADCY9,0.0,0.13631739831333786
ARHGAP22,0.0,0.1362863500918932
AP001062.7,0.0,0.13608309547561567
ZBTB9,0.0,0.1360172238014928
SLC2A9,0.0,0.13595002741066872
PAXBP1-AS1,0.0,0.13594036660579648
LINC00092,0.0,0.1358402754827267
NUDT13,0.0,0.13575632513597496
MYBL2,0.0,0.13570550005870907
RP11-98D18.9,0.0,0.1356159176260036
CDAN1,0.0,0.13552445982477818
PSPH,0.0,0.13550958983191094
MYLK-AS1,0.0,0.13548638124882528
CACNA1A,0.0,0.13545024435715622
NAT14,0.0,0.1353976524607354
PIK3R3,0.0,0.1353783740297706
HS3ST1,0.0,0.13534869655172613
RP1-29C18.10,0.0,0.13522028704289085
MORC4,0.0,0.1350684868322834
PLEKHG5,0.0,0.134995408279081
ZNF135,0.0,0.13499108637035762
THBS3,0.0,0.13473044798737493
KIAA0391-1,0.0,0.13472067300154145
XXbac-BPG181B23.7,0.0,0.13471462516506097
LCAT,0.0,0.13447436891475595
RP11-589P10.5,0.0,0.13445129880425538
FAN1,0.0,0.13434846397188047
ATP1A3,0.0,0.134310318594415
CTB-152G17.6,0.0,0.13429356950711538
ZNF154,0.0,0.1342750536567379
KIF23,0.0,0.13422923709271276
VASH1,0.0,0.134091695768788
ADCY4,0.0,0.1340269303162777
FMNL2,0.0,0.1340119134878395
C1orf112,0.0,0.13400105805877907
PCOLCE,0.0,0.13392470348398852
SSX2IP,0.0,0.13377250297999208
AEBP1,0.0,0.13376611740755293
HIST1H2AM,0.0,0.13369790651426303
RP3-322G13.5,0.0,0.13348259933982765
C10orf12,0.0,0.13336443529439412
CTPS2,0.0,0.13334066695794242
DEPTOR,0.0,0.1332939686727722
LUCAT1,0.0,0.13326929711423388
SH3BGRL2,0.0,0.13321427502390407
RP11-214N9.1,0.0,0.1330419678006008
FAM19A1,0.0,0.13301048426083217
SDR42E1,0.0,0.13300257442072244
FBXL19,0.0,0.13295314311081113
ZNF440,0.0,0.13286126341651983
RP11-178G16.4,0.0,0.1328189303784013
LRRIQ3,0.0,0.13281688584319812
SLC16A6,0.0,0.132811810384516
TXNDC5,0.0,0.13271610229694558
CTB-32O4.2,0.0,0.1326606739161824
POU6F1,0.0,0.13261459983131027
RP11-680A11.5,0.0,0.1326137533079656
RP11-79P5.9,0.0,0.1325745887114689
TMC4,0.0,0.13249836409380292
FAM109B,0.0,0.13246105752846157
MCF2L,0.0,0.1323850881688883
NEU3,0.0,0.13212067199153935
ZNF512B,0.0,0.13210908926047651
TTC28,0.0,0.13207842086391494
RP11-67L2.2,0.0,0.1319545438241451
PZP,0.0,0.13183976853555499
EFCAB13,0.0,0.13168999718258997
CARD6,0.0,0.13161012741093525
SIRT4,0.0,0.13157579847933004
ARL5B-AS1,0.0,0.13149714617562133
RP11-589C21.5,0.0,0.13144625021631143
DEGS2,0.0,0.13143315356389437
AC093388.3,0.0,0.1313276873065126
AC005306.3,0.0,0.13121371172076327
USP49,0.0,0.1309858774178441
MCM8,0.0,0.1309555131513341
F2RL1,0.0,0.13090278182516205
HRASLS2,0.0,0.13081599981594833
RAB25,0.0,0.13073199939968022
DOK7,0.0,0.13070383087287843
CSF1,0.0,0.1305584666148563
MEGF6,0.0,0.13053436995428527
RP11-809N8.4,0.0,0.13044662852168207
ATAD3C,0.0,0.13039638175615537
BAIAP3,0.0,0.13031549621302368
AGBL3,0.0,0.13027917520896393
MRVI1-AS1,0.0,0.13026886183433767
RP11-297N6.4,0.0,0.13016516977940856
ZNF696,0.0,0.130077341186207
AP003419.16,0.0,0.1298034020827644
C12orf61,0.0,0.12979166625939043
CCDC141,0.0,0.12965614609304454
CBX8,0.0,0.12964481397258718
RP11-166O4.6,0.0,0.12963665105434055
GNAL,0.0,0.1295725496484804
FGFR1,0.0,0.1295148761090114
CEP76,0.0,0.12946196431294665
NETO2,0.0,0.12944911250835264
RMI1,0.0,0.12944150026202092
ELOVL6,0.0,0.1293694241419067
RP11-14N7.2,0.0,0.12913093365029849
RP11-176H8.1,0.0,0.12911650023423135
RP11-705O1.8,0.0,0.12899232186217355
WDR35,0.0,0.12888707025766621
CLCN1,0.0,0.1287481302410133
FAM13A-AS1,0.0,0.12853923465082523
DST,0.0,0.12848604948616316
RP5-864K19.4,0.0,0.12843615821698826
ABHD4,0.0,0.12829906812493047
EDA,0.0,0.12819804347195243
PROK2,0.0,0.12813188999882924
RAD54B,0.0,0.1281297918381257
RP11-479G22.8,0.0,0.12806962509967107
GNE,0.0,0.12804261398920594
XKR6,0.0,0.1278266053077286
PER2,0.0,0.12775773519331346
RP11-298J20.3,0.0,0.1274919873008886
FSTL1,0.0,0.12747884714404514
C1QTNF6,0.0,0.1274508911691505
DNASE1L3,0.0,0.1274362851152155
LRRC7,0.0,0.12704166743696824
INSL3,0.0,0.12699940988989952
RP11-875O11.1,0.0,0.12685579237061337
PDGFC,0.0,0.12680451059033723
UCP3,0.0,0.12676885554208064
NBL1,0.0,0.1267373312409089
C12orf68,0.0,0.12662582556089283
XYLT2,0.0,0.1266104486344363
SPIN3,0.0,0.1265976640068461
LIM2,0.0,0.1265642040365388
RP11-798G7.6,0.0,0.12654056750313378
HGD,0.0,0.1264012648290009
TIGD3,0.0,0.12635608907350868
LINC00663,0.0,0.12634517921748106
DYSF,0.0,0.12621515557529103
TNFRSF12A,0.0,0.12619644043128014
TPRG1-AS1,0.0,0.12611614947730945
DHCR24,0.0,0.1260683903050903
MKI67,0.0,0.1260492212073578
SMOX,0.0,0.12604198237599304
LIPN,0.0,0.1260082887254622
UBTD2,0.0,0.12595927311359603
ZNF823,0.0,0.1259269787439588
RP11-355B11.2,0.0,0.12592396000679307
TRAM2-AS1,0.0,0.12587805213811415
RP4-583P15.10,0.0,0.1258192392854823
RP5-914P20.5,0.0,0.1257895183016913
ELMO3,0.0,0.12574802519685727
RP11-112J3.16,0.0,0.1257341688316973
ACVR2A,0.0,0.1257268431587625
PPP5D1,0.0,0.12547473932985703
MAP3K10,0.0,0.12541268240013104
ARHGAP33,0.0,0.1253864139553223
CEBPE,0.0,0.125279765840685
TEF,0.0,0.1252492005329159
MIR497HG,0.0,0.1252480498233166
TBC1D24,0.0,0.12514986041564027
SLCO4C1,0.0,0.1250489724038616
CCL20,0.0,0.12496845654423894
L3MBTL1,0.0,0.12487442348410752
FOCAD,0.0,0.12486991325811937
POLR3B,0.0,0.12482780264940242
MEF2BNB-MEF2B,0.0,0.12482487596859661
SLC51A,0.0,0.12467932732409391
DMKN,0.0,0.1246647380762543
B3GAT1,0.0,0.12462719353303717
ITGA3,0.0,0.1246080115949134
CTD-3131K8.2,0.0,0.1245885540004463
PKIB,0.0,0.12456171089930215
GOLIM4,0.0,0.12453983469058019
LGR6,0.0,0.12448887613224298
LRP5L,0.0,0.12425685394231603
RP11-131L23.1,0.0,0.1242552219749428
SBF2-AS1,0.0,0.12417279469016326
NUSAP1,0.0,0.12415443190003468
CTD-2325M2.1,0.0,0.12398257514755408
SMG8,0.0,0.12397243692458786
RFPL2,0.0,0.12397110064461178
ASTN2,0.0,0.12394545639021562
RP11-498P14.5,0.0,0.12394317788630299
RHOU,0.0,0.12383660547764135
SLC16A13,0.0,0.12374830891128961
UBAC2-AS1,0.0,0.12373844136027665
STAP2,0.0,0.12371868641714365
RP11-315I20.1,0.0,0.12365049678690913
PTGS2,0.0,0.12364271073827239
MAP6D1,0.0,0.12362558756068623
ZNF165,0.0,0.12359485196747289
RP11-430H10.1,0.0,0.12359407269030759
RP11-474G23.2,0.0,0.12358257653541643
ARL6,0.0,0.12353922028516977
ARMCX4,0.0,0.12348239965798896
GPSM2,0.0,0.12346348285143283
PDP2,0.0,0.1233377908159764
AIFM3,0.0,0.12329635281515247
RP6-99M1.2,0.0,0.12327357590284595
LPP-AS2,0.0,0.12327346720215764
TVP23C,0.0,0.1230882753908004
DDR1,0.0,0.12306405155201391
HARBI1,0.0,0.12301038156495421
RPS6KA2,0.0,0.12292112894767375
ZNF667,0.0,0.1228720333455356
FAM174B,0.0,0.122858560147381
EFCAB7,0.0,0.12280206758866548
ZNF442,0.0,0.1226339293004883
ENC1,0.0,0.12253487703015115
CCSAP,0.0,0.12225342905823766
RP11-383H13.1,0.0,0.12215894566395837
RP11-84C10.2,0.0,0.12214165290136887
NEK11,0.0,0.1219767490902178
C1orf172,0.0,0.12191170088428686
SMAD1,0.0,0.12186077969195631
RP4-798A10.2,0.0,0.12169595831093832
RNF43,0.0,0.12168979648547348
NBPF3,0.0,0.1216552349852381
RP11-326F20.5,0.0,0.12159631845514475
PLEKHG4,0.0,0.12146887936710807
RP5-1050D4.3,0.0,0.12145014536119006
RP11-98I9.4,0.0,0.12140458192673137
KDM8,0.0,0.12136254536107766
AC009299.3,0.0,0.12128674836607092
EPHX1,0.0,0.12124999605197645
TRIM46,0.0,0.12118497110454539
ZNF852,0.0,0.1211625938515942
U47924.30,0.0,0.12112979342159758
EML6,0.0,0.12112209646366488
CTD-2007H13.3,0.0,0.12109924707463829
C3,0.0,0.12104039446350337
RP11-74E22.3,0.0,0.12095729936104996
TUBG2,0.0,0.12094572932099926
ANKS6,0.0,0.12094528440847489
DKFZP434E1119,0.0,0.12085912570832397
RP11-142C4.6,0.0,0.12083382600380703
RP11-894P9.1,0.0,0.12080023552618532
ZSWIM1,0.0,0.12077996987263098
SUV39H2,0.0,0.12069093425835187
FANCE,0.0,0.12066070735140295
IL12RB2,0.0,0.1205715586635245
ZNF503,0.0,0.12051329499743493
ADAT3,0.0,0.12045803276474172
POPDC2,0.0,0.12041018543002904
RP11-672L10.6,0.0,0.12037597921579296
EFHC2,0.0,0.1203435227053867
DIP2C,0.0,0.12026470199127175
EPHA4,0.0,0.12022484368213561
NAA60,0.0,0.12019982934445067
KLHL17,0.0,0.12014291625458833
PTGDR2,0.0,0.12012258212237062
ZNF443,0.0,0.12007429411818395
LINC00886,0.0,0.12004239394040242
STARD8,0.0,0.12000136470527159
CLDND2,0.0,0.11994850017384612
TMEM45B,0.0,0.11992194447641896
CCND1,0.0,0.11991028849192707
ARL17A,0.0,0.11988459398148309
SLC24A1,0.0,0.11984106421384626
RGL1,0.0,0.11974482932728504
CTD-2035E11.5,0.0,0.11969623355026886
RP11-337C18.8,0.0,0.11969402768589515
GNAI1,0.0,0.11965611868515533
RP11-428J1.5,0.0,0.11955754279847972
C8orf31,0.0,0.11952243325421236
RP5-1085F17.3,0.0,0.11948521041548289
CTD-2256P15.4,0.0,0.11936183238406739
FAM3B,0.0,0.11930775777510903
FAM72A,0.0,0.11929440118153835
ARHGAP29,0.0,0.1192780456896981
ZNF417,0.0,0.1192134570254332
GALR2,0.0,0.1191086580692852
TPM2,0.0,0.11900415282002012
SMPD3,0.0,0.11896297729296336
PLXNA3,0.0,0.11895053821612105
ITPKC,0.0,0.1188555393568556
RP13-516M14.1,0.0,0.11884640498667638
RP11-309G3.3,0.0,0.11882644449742581
LOXL1,0.0,0.1187918404797745
PRDM8,0.0,0.11875672034183209
AL627309.1,0.0,0.1186492240770647
RP11-950C14.3,0.0,0.11862131590519805
DBF4B,0.0,0.1186163417182211
NKAPL,0.0,0.118588875539311
RP11-215P8.3,0.0,0.11856347806004722
FBXL14,0.0,0.11855525288800316
FAM89A,0.0,0.11845642211615415
ZNF155,0.0,0.11836816674688674
UTF1,0.0,0.11835037529125779
CPAMD8,0.0,0.11825386027631166
CCL4L2,0.0,0.11822457861899839
RP11-348F1.2,0.0,0.11819297787574318
RGS9,0.0,0.11806824888007647
WBP2NL,0.0,0.11804938577666992
HMGN3-AS1,0.0,0.11790249653546069
CXCL3,0.0,0.1177871102968107
NAP1L2,0.0,0.11778153071093198
CTD-2368P22.1,0.0,0.11762218783252398
GTF3C4,0.0,0.11748944894466008
NR2C2,0.0,0.11747157856642779
EPB42,0.0,0.11746673267400065
TMEM241,0.0,0.11737389944123768
C4orf36,0.0,0.1173352672021751
MTBP,0.0,0.11733433488446311
YES1,0.0,0.11728740780738246
RP11-258C19.7,0.0,0.11724843906166502
RP11-73K9.2,0.0,0.11719138628635174
BACE1,0.0,0.11717446227373943
ZNF490,0.0,0.1170844851492678
CACFD1,0.0,0.11706146674491398
STK36,0.0,0.116977143282239
TPRN,0.0,0.1169217992985949
MYO1D,0.0,0.11676695364823024
RP11-867G23.8,0.0,0.11673659586135901
SLC37A2,0.0,0.11668002665023398
ZNF543,0.0,0.11667681541386671
CCDC157,0.0,0.11660508041808239
AC025335.1,0.0,0.11641584076939401
CTD-3193K9.4,0.0,0.11639757732053146
REPS2,0.0,0.11636711465335975
PVRL1,0.0,0.11616717848559653
LRRC48,0.0,0.11616410925690344
ARHGEF39,0.0,0.11601268473224396
RP11-104N10.1,0.0,0.11591483260799687
THBS1,0.0,0.115885848021075
PYGM,0.0,0.11579392003067676
PLK4,0.0,0.11575578176560812
NAGS,0.0,0.11562728108726585
AC116366.6,0.0,0.1155517353628254
TMEM88,0.0,0.11546741734235337
RP5-1103G7.4,0.0,0.11544028391416321
GPR34,0.0,0.11543139297930975
ZNF484,0.0,0.1153452754663775
C1orf198,0.0,0.11530669863992252
NUDT17,0.0,0.11527864762290042
MAGIX,0.0,0.11525532510383536
PVR,0.0,0.11522984660432127
ZNF354C,0.0,0.11514245223526041
ADAT2,0.0,0.1151054550955098
RP11-582J16.5,0.0,0.11507368113793516
UGT8,0.0,0.1149724934746539
ZNF416,0.0,0.11496735172523964
RPH3A,0.0,0.11482110650345705
CAMKK1,0.0,0.11479621492188397
HIST1H3A,0.0,0.11477154191356732
RP11-385F7.1,0.0,0.11468821586488484
B4GALNT3,0.0,0.11453744718379705
MARS2,0.0,0.1145315986001182
SETD9,0.0,0.11433468414843966
RP1-315G1.3,0.0,0.11427198687930513
ALG9,0.0,0.11416987081183252
ALG1L,0.0,0.11416944291890668
SLC22A4,0.0,0.11385189231123458
ARHGEF11,0.0,0.11378921270455997
USP3-AS1,0.0,0.11377660578390054
MAPK11,0.0,0.11376124289397409
SEPT10,0.0,0.11373253991890706
ST6GALNAC1,0.0,0.11373166539615516
SNIP1,0.0,0.11372789675656209
AC011558.5,0.0,0.1136325669744528
SLC5A10,0.0,0.11345187497495947
SLC30A4,0.0,0.11341920003810621
RP5-943J3.2,0.0,0.11333699179020584
RP5-1125A11.1,0.0,0.11332736679442962
HOOK1,0.0,0.11329546719905156
FAM114A1,0.0,0.11325773397229726
HP,0.0,0.11325477965781637
ZNF286A,0.0,0.11323614728850816
CMC4,0.0,0.11303612939009391
SLC25A30,0.0,0.11302020477210097
TEC,0.0,0.11293947521869395
MAP3K9,0.0,0.1128139791656356
ZNF619,0.0,0.11278039249994347
PLCL1,0.0,0.11276708436114788
HSPA1L,0.0,0.11270075106241581
RRAGD,0.0,0.11267400522871242
ZNF80,0.0,0.11262263609429507
MSH5,0.0,0.11250590374344535
APOOL,0.0,0.11250329391649394
LAYN,0.0,0.11247769971320848
CCDC146,0.0,0.11247155244281991
RP11-701P16.5,0.0,0.11246845366786726
LL22NC03-75H12.2,0.0,0.11236635899708437
RP11-367J11.3,0.0,0.11231078746171112
RP3-455J7.4,0.0,0.11221528207670381
GPAM,0.0,0.11220956065464113
AC004257.3,0.0,0.11220327441113671
TNKS2-AS1,0.0,0.11217182214432976
RAB11FIP5,0.0,0.11210798069641495
CDC7,0.0,0.11202884604659914
RP11-527L4.5,0.0,0.1118804606509251
AXIN2,0.0,0.11175522772873583
KRT72,0.0,0.11165848768263109
ZNF813,0.0,0.11165427001369194
KIF5C,0.0,0.11154859907189943
AC005253.2,0.0,0.11154001729608436
ZNF670,0.0,0.11151999827225502
CTSK,0.0,0.11151585583729505
CAMK2N1,0.0,0.11150860152854537
LDHD,0.0,0.11149145234988282
AP000442.1,0.0,0.1114486562077112
EBI3,0.0,0.11140098805771882
DRAXIN,0.0,0.11137562683365558
NANP,0.0,0.11135582651823656
AVIL,0.0,0.11126577591670413
XRCC3,0.0,0.11120306378768086
ZNF324B,0.0,0.11118737092501434
ANPEP,0.0,0.11118246073266835
AC097713.4,0.0,0.11117080472513226
SLC27A4,0.0,0.11110480305924886
UBE2C,0.0,0.11108091590309513
FANK1,0.0,0.11101467576333489
EPB41L5,0.0,0.11095349184435119
MYO1E,0.0,0.11094079643854507
CRYBG3-1,0.0,0.1108832252578708
MBOAT2,0.0,0.11083498141183397
PSPN,0.0,0.1108121141613713
C5orf42,0.0,0.11065854154970456
RP11-16E12.1,0.0,0.11064213498566619
FAM21A,0.0,0.11060586527019539
SAMD12,0.0,0.11058229122286894
RP5-1024G6.7,0.0,0.11056035190006752
IRS1,0.0,0.11048693342532817
PRMT5-AS1,0.0,0.11045408459728773
C1orf233,0.0,0.11043094543641031
ZNF513,0.0,0.11039782618991058
ZNF554,0.0,0.11037658310928518
C19orf35,0.0,0.11024643722986145
TSTD3,0.0,0.1102399268375342
MARC2,0.0,0.11019456019983632
CTB-55O6.4,0.0,0.11012588790274108
RP1-28O10.1,0.0,0.10995913089587771
MITF,0.0,0.10988000690239329
ZNF613,0.0,0.10971298064054837
FAM111B,0.0,0.10964656169019664
FKBP7,0.0,0.10959510662642781
IFT122,0.0,0.1095789229481175
GPRASP1,0.0,0.10954609779964637
CTC-297N7.5,0.0,0.10949808824056326
ARHGAP32,0.0,0.10949113606251332
RP11-76E17.3,0.0,0.10938388374449974
ACRC,0.0,0.1093767594023144
ZNF461,0.0,0.10936506716866434
CLSPN,0.0,0.10936428748584574
WLS,0.0,0.1093191444494002
DNAAF1,0.0,0.10930946786896666
OSGIN1,0.0,0.10929564344452983
KLRC4,0.0,0.10919484583175519
PDZD7,0.0,0.10918200898170237
RPS6KL1,0.0,0.10916996451366925
ZNF596,0.0,0.10914017959837073
CTD-2366F13.1,0.0,0.10912402500365986
RP11-730K11.1,0.0,0.10903636863217817
HIST3H2A,0.0,0.1090157105069143
RP5-1021I20.1,0.0,0.10891336791441819
RP11-506M13.3,0.0,0.10883108393585712
SLC16A1-AS1,0.0,0.10881657298974469
FCHO2,0.0,0.10878881725254241
MORN4,0.0,0.10871233184880158
LINC00422,0.0,0.10857760763969866
FSD1,0.0,0.10855526258722102
PDZK1IP1,0.0,0.10854683309904088
RP4-610C12.3,0.0,0.10852523534828579
AC159540.1,0.0,0.10850581608200405
LINC00893,0.0,0.10848461510881179
LINC00264,0.0,0.10844845437673593
ARVCF,0.0,0.10837459177229553
RP11-440L14.1,0.0,0.10836772340229
CTD-2035E11.4,0.0,0.10830886299136304
ZNF19,0.0,0.1082162421719251
CXorf23,0.0,0.1082015048605022
AL353354.2,0.0,0.10807137511099826
CAND2,0.0,0.10802760374354595
RP11-973H7.1,0.0,0.10796919529881134
PARPBP,0.0,0.10795721583597391
CTD-2288F12.1,0.0,0.10795568065821066
AGRN,0.0,0.10789548387454229
CCNE1,0.0,0.10784556486743299
CARNS1,0.0,0.10781642412484631
RP11-1008C21.1,0.0,0.1077466070435866
TAS2R14,0.0,0.107671670277549
RP11-1060J15.4,0.0,0.10763904942938185
LINC00694,0.0,0.10761109904500374
TMIE,0.0,0.10759352833713297
CHST10,0.0,0.10750744734097345
PRPF40B,0.0,0.10746133157463754
CENPF,0.0,0.10745533098925239
TMCC3,0.0,0.10742675638771088
FIZ1,0.0,0.10716086974531684
STEAP4,0.0,0.10713789853163727
DLEC1,0.0,0.10712820986793
NOS3,0.0,0.10707510261694828
DLL1,0.0,0.10701984807114902
ACSBG1,0.0,0.10698208995350783
LINC00309,0.0,0.10695678598690415
ABCD2,0.0,0.10682363023172645
CEACAM1,0.0,0.10680521767072022
CCDC122,0.0,0.10677701560274869
KIF3C,0.0,0.10675462283010248
RP11-385D13.3,0.0,0.10673816592452831
RP11-1114A5.4,0.0,0.10671158708975945
ZNF441,0.0,0.10659308927977929
ZFR2,0.0,0.10658431393929975
TGFB1I1,0.0,0.10657030197031993
STX18-AS1,0.0,0.10656612872721395
TST,0.0,0.106442919651085
SOX15,0.0,0.10644214938411312
THAP9,0.0,0.10624807286965908
MFSD4,0.0,0.10615940799457578
LINC00265,0.0,0.10615793487911651
CCDC154,0.0,0.10614497396823601
MYH11,0.0,0.10608580607136403
ZNF717,0.0,0.10601438013699223
TTTY14,0.0,0.10598713727179195
RP11-1000B6.3,0.0,0.10594564940420093
RP11-395B7.4,0.0,0.1058145877580068
PRKAR2B,0.0,0.10563596299513525
HIST1H4H,0.0,0.10558458251629413
NPIPA5,0.0,0.10556742093114187
AC104532.4,0.0,0.10548763664315314
TRAF3IP1,0.0,0.10547857996399128
CUL7,0.0,0.1054523396983597
HYKK,0.0,0.10539714382314924
ME3,0.0,0.10538779062398014
RP11-60I3.5,0.0,0.10535103719694319
IGF2BP2,0.0,0.10534221903242952
RP5-935K16.1,0.0,0.10533453635752447
CTD-2369P2.2,0.0,0.10529577887711167
ACOT11,0.0,0.10525414296462719
PLLP,0.0,0.10519381265641045
MIR940,0.0,0.10517844827346294
CTTN,0.0,0.10510904966397759
GRK4,0.0,0.10508932671246368
SPATA7,0.0,0.10506123687872088
HAR1B,0.0,0.10505460703585456
STARD9,0.0,0.10495502255869282
CBLN3,0.0,0.1048905918583114
SGCA,0.0,0.10485400266444136
NT5M,0.0,0.10481036747354283
MB21D2,0.0,0.10480078383281821
PRSS36,0.0,0.1047983157652277
LMTK2,0.0,0.10468132404421103
PRTFDC1,0.0,0.10463773610814277
KLHL3,0.0,0.10455329495938061
IRAK1BP1,0.0,0.10453831683988243
AP001462.6,0.0,0.10444991255155547
BEST4,0.0,0.10434217793337633
SNTA1,0.0,0.10432905436586445
ZNF653,0.0,0.1041535791493771
CTD-2371O3.2,0.0,0.10414840875746537
AC069363.1,0.0,0.10414462644615555
BZRAP1,0.0,0.10411973366890609
RP11-181C3.1,0.0,0.10409231927987807
FBLN2,0.0,0.10402029297501826
RP11-158I9.5,0.0,0.10400483838666773
CCNJ,0.0,0.1040040046311957
NAP1L3,0.0,0.10397427414670894
IFNLR1,0.0,0.10393496916391591
VENTX,0.0,0.1039328562835126
B3GNT5,0.0,0.10387987703524944
OLFM1,0.0,0.1037648096412368
TMEM51,0.0,0.10370831921125284
HSD17B14,0.0,0.10365805448808095
RP11-603J24.5,0.0,0.1036492793194058
AP4B1-AS1,0.0,0.10359790229439203
BEX1,0.0,0.10354745986132831
SGOL1,0.0,0.10353984666435932
A2M,0.0,0.10352189032429768
TCTN2,0.0,0.10323920734182108
CTD-3074O7.12,0.0,0.10320082662712192
CXCR1,0.0,0.10304833383085746
CTD-2015H6.3,0.0,0.10299082885665836
MT3,0.0,0.102921108733794
CENPE,0.0,0.10291887687898811
TMEM201,0.0,0.10280735585671703
CDK20,0.0,0.10279396664741239
USP51,0.0,0.1027919052843907
PARS2,0.0,0.10274802661104264
RP11-135A24.4,0.0,0.10255982055088653
MAP4K3,0.0,0.10237817668799126
INCENP,0.0,0.10231973562640316
MAP7,0.0,0.10230318022013839
LYNX1,0.0,0.10228433611925325
RP11-499P20.2,0.0,0.1022822771509514
ZNF483,0.0,0.10226726270112076
BCL2L2,0.0,0.10206060986976558
RP11-452L6.1,0.0,0.10205090258283069
COPZ2,0.0,0.10200254163723121
DONSON,0.0,0.10200165221120659
ZNF283,0.0,0.10191763104001414
IFNL1,0.0,0.10190977319960542
RP5-1159O4.1,0.0,0.101893435949049
CTC-297N7.8,0.0,0.10187866822480911
TTC24,0.0,0.10187079094752963
HESX1,0.0,0.101768780821746
HSD11B1,0.0,0.10175546944282568
ITGB3,0.0,0.10173860769809204
RNF212,0.0,0.10166691531470053
GRAMD1B,0.0,0.10156016882111599
FLT3,0.0,0.10144494665785715
ANGPTL6,0.0,0.10131649031180169
RP11-432I5.1,0.0,0.10128479350005959
RP11-513I15.6,0.0,0.1012841728761271
C21orf58,0.0,0.10127294444693447
CTB-43P18.1,0.0,0.10122541332211607
BRCA2,0.0,0.10121017846026074
ZFP69B,0.0,0.10104855804476812
CLEC4C,0.0,0.10103824877021919
ZCCHC24,0.0,0.10102651539019926
RPS10P7,0.0,0.10102227295242434
AC021188.4,0.0,0.10090862816344705
LEKR1,0.0,0.10087604893977785
SLC45A3,0.0,0.10086906324844505
RBAK,0.0,0.10086163774843962
ASAH2,0.0,0.10085380172093414
ATP8B3,0.0,0.10077720448779992
PKHD1L1,0.0,0.10075623498891818
RHBDL1,0.0,0.10068897509151267
PRRT1,0.0,0.10067401168289664
MIR4453,0.0,0.10065367155297193
AL354822.1,0.0,0.10055591571558162
BIRC5,0.0,0.10042546552438479
RP11-78O7.2,0.0,0.10035045858078853
GLB1L,0.0,0.10029106483458734
MID2,0.0,0.10025482474691103
CDCA5,0.0,0.10010547782936534
KCNK7,0.0,0.0998726259696895
FLJ20306,0.0,0.099829743477704
CXCR2,0.0,0.09981761994995661
FAM161A,0.0,0.0998050649828227
LINC00211,0.0,0.09976454262282886
SHPK-1,0.0,0.09970414235316127
PLEKHA7,0.0,0.09962417850023647
MIR155HG,0.0,0.09947663658669166
ZBTB5,0.0,0.09946953677629367
RP11-960L18.1,0.0,0.09944412759330817
RP11-350F4.2,0.0,0.09939574063364982
RP11-190C22.8,0.0,0.09931604221638625
ZNF630,0.0,0.09906895051204306
CHML,0.0,0.09903787486605946
CDKN2B,0.0,0.09898761590066814
C11orf35,0.0,0.09895331537084777
PRICKLE1,0.0,0.09884882119231826
XXbac-BPG181M17.6,0.0,0.09883273150092825
IFT172,0.0,0.09880115991190802
RP1-159A19.4,0.0,0.09875753145004529
NCR3LG1,0.0,0.09872804908536251
DDX11-AS1,0.0,0.09871754915736437
AGAP4,0.0,0.09865094640903817
MSS51,0.0,0.09862059377717351
TRIM59,0.0,0.09861708770852606
KCNC3,0.0,0.09861316717628912
RP11-90P5.2,0.0,0.0985190276612249
RP11-533E19.5,0.0,0.09851315126112403
TNS1,0.0,0.09850309929012262
CCSER1,0.0,0.09847956635437066
GPRC5C,0.0,0.09841121642979628
RP11-496I9.1,0.0,0.09801437421600728
RP11-219B17.1,0.0,0.09794044511468045
AC009120.10,0.0,0.09792800335706316
MMP11,0.0,0.09783856883210335
ARHGAP19,0.0,0.0977497835475237
HOMER2,0.0,0.09773452725067569
PLEKHN1,0.0,0.09772636583670785
JAM3,0.0,0.09768307509337142
CHTF18,0.0,0.09759236314875437
LGALS12,0.0,0.09754973315465007
CPLX1,0.0,0.09746750409028891
SLC46A1,0.0,0.09743617992794991
RP11-275I4.1,0.0,0.09742229351370627
PPP2R3B,0.0,0.09736730192046612
CD274,0.0,0.09731490657477267
ZNF367,0.0,0.09726472278175372
IDO1,0.0,0.0971574840406283
KCNN1,0.0,0.09712098514395824
RP11-815J21.2,0.0,0.0970516062410902
CPED1,0.0,0.09690277477606415
TRIM58,0.0,0.09688853964822261
LEPR,0.0,0.09677584448648129
GDPD3,0.0,0.09676218651060976
KISS1R,0.0,0.09668843190938795
LRRC69,0.0,0.09658771979183411
RP11-793H13.3,0.0,0.09648471394301622
AMACR,0.0,0.09646530305826462
S1PR3,0.0,0.09644382027780751
PEX11A,0.0,0.09631896945614309
CACNA2D2,0.0,0.0962693143981414
TUFT1,0.0,0.09610435460775628
UFSP1,0.0,0.09606303098306344
KALRN,0.0,0.09601830475570323
LBX2-AS1,0.0,0.09595104018430474
PAPSS2,0.0,0.09590827179174369
RP11-382J12.1,0.0,0.09583660360529235
ANKRD18A,0.0,0.09577667559439448
RP11-390B4.5,0.0,0.09574481673533636
RP11-243J16.7,0.0,0.09560474834554072
RP11-61J19.4,0.0,0.09557743449777079
GAN,0.0,0.09551242302595596
CADM1,0.0,0.09539500759064606
ZNF77,0.0,0.09539380792827047
GUCY1A3,0.0,0.09536040886220666
C2CD4D,0.0,0.0953303452112685
LRP6,0.0,0.09531772382638459
GAL3ST4,0.0,0.09523236390078228
RP11-498C9.15,0.0,0.09512180389325857
RP11-869B15.1,0.0,0.09504451154358688
HDAC11,0.0,0.09498900815007101
SCD5,0.0,0.09494334560437788
PLTP,0.0,0.09491420458497367
ST6GALNAC3,0.0,0.09490998410068881
RCAN1,0.0,0.09474402238608103
LONRF3,0.0,0.09473343150608123
PEX12,0.0,0.09465639570980479
METTL21B,0.0,0.09462401413191336
BTBD8,0.0,0.09455093247066648
ZMYND10,0.0,0.09451126009112858
SLC9A7,0.0,0.09436408430018672
RP11-314N13.3,0.0,0.09435797836449535
ZNF470,0.0,0.09426683369726617
TEX2,0.0,0.09425366055962481
TRIM2,0.0,0.09415260886829227
HOXA9,0.0,0.0941395933909046
RPEL1,0.0,0.09409935386047547
KCNH8,0.0,0.09400944701606478
ZNF829,0.0,0.09397384376360758
SLC45A4,0.0,0.09397210829404928
ZNF565,0.0,0.09396018560138872
RAD51AP1,0.0,0.09383080531611282
RP11-339B21.11,0.0,0.09380100158890575
SIRPD,0.0,0.0937785797995026
AC103563.8,0.0,0.09373306439949465
SMIM5,0.0,0.09371618313255244
PBLD,0.0,0.09365655051379183
GAREML,0.0,0.09361140186833544
KANSL1L,0.0,0.09358487453399002
RP11-338I21.1,0.0,0.09338746163971509
RP1-92O14.3,0.0,0.09331829586313363
GPR84,0.0,0.09330763273068418
SLC35G2,0.0,0.09326901483489614
MARVELD1,0.0,0.09324841674533087
ANKLE1,0.0,0.09322483360526425
RP11-391M1.4,0.0,0.09316043067047168
GSTCD,0.0,0.09309628515236121
AC093609.1,0.0,0.09300084235703662
AC009961.3,0.0,0.09299344091449778
NPTXR,0.0,0.09296002549960596
ANKS1B,0.0,0.09295567105403109
RP3-510H16.3,0.0,0.09294090590113684
RP11-219B4.7,0.0,0.0928868861432284
MC1R,0.0,0.09288308120753004
BAALC,0.0,0.09285383601053751
ZNF502,0.0,0.09267009654992807
TONSL,0.0,0.09248065459702569
CRIP3,0.0,0.0924710973065613
SMARCA5-AS1,0.0,0.09242862520064318
PLA2G4C,0.0,0.09241071816622835
TMTC3,0.0,0.09232449743933797
HGF,0.0,0.09226699126553488
AP000769.7,0.0,0.09226070039029265
SERPINF2,0.0,0.09223723175277702
CDNF,0.0,0.09219729277490395
AC093391.2,0.0,0.09217272160826856
COLGALT2,0.0,0.09216223157282233
LINC00894,0.0,0.09216011729502975
ROM1,0.0,0.09210327527350731
SYDE2,0.0,0.09209270168707201
RP11-415F23.2,0.0,0.09208739259312833
RP11-566E18.3,0.0,0.0920795619715546
RP11-545I5.3,0.0,0.09207948339871666
RAD52,0.0,0.09202776615656301
FKBP14,0.0,0.09202648204406524
AC002116.7,0.0,0.09201814158802435
PIK3R6,0.0,0.09199282616886383
LGALSL,0.0,0.09197139308136879
ZMYND19,0.0,0.09196174709498732
CBWD3,0.0,0.09192576405867114
FSD1L,0.0,0.09189488357699144
CTD-2537I9.12,0.0,0.09173990685139347
RP11-750H9.5,0.0,0.09164648496346331
OIP5,0.0,0.09157104405691208
AC093157.1,0.0,0.09148823371249673
ABCC4,0.0,0.09146663295190564
RP11-288H12.4,0.0,0.09131773139442416
BOLA3-AS1,0.0,0.09131771684769323
BGLAP,0.0,0.09125515160291077
MMP9,0.0,0.09123678064489822
NAPSA,0.0,0.09123530264558058
RSG1,0.0,0.09122339845494856
RP11-677M14.2,0.0,0.09121191725269105
CHN1,0.0,0.09116482695711059
CDT1,0.0,0.09112890387637909
MBLAC1,0.0,0.09108440437375552
NUMBL,0.0,0.0910673524948953
IKZF4,0.0,0.09098118096751223
ZNF30,0.0,0.09093756765554883
REM2,0.0,0.09091746168796232
ZNF665,0.0,0.09089493406654654
HHAT,0.0,0.09084846872379501
DNM3,0.0,0.09072063597695995
ZNF436,0.0,0.09071574878377708
USP31,0.0,0.09063615253883896
RP11-879F14.2,0.0,0.0905620606494917
PKD2,0.0,0.0905357160467449
FAM171A1,0.0,0.09052652193190612
HBQ1,0.0,0.09045499215379656
SPESP1,0.0,0.09042735608650476
ENKUR,0.0,0.09038987100739469
WDFY3,0.0,0.09035308209010713
ITPRIPL2,0.0,0.09034193149882823
TNNC2,0.0,0.09031334474873436
RP11-598F7.3,0.0,0.09031276651608139
BBS12,0.0,0.09022660504235401
RP11-96K19.5,0.0,0.09013277149005043
ANKRD34A,0.0,0.09012459160165132
RP11-379H18.1,0.0,0.09005637015358248
WFIKKN1,0.0,0.09005390074720587
TGM1,0.0,0.0900163643867075
AZI1,0.0,0.08996592219954969
FAM53A,0.0,0.0897786199146608
MCC,0.0,0.0897782513543473
SLC14A1,0.0,0.08975366531966819
CASZ1,0.0,0.08972951803637144
SSTR3,0.0,0.08972712293030981
ELANE,0.0,0.08971750232698365
RSPH9,0.0,0.08971248514652376
LRTOMT,0.0,0.08960755426424577
RP11-486G15.2,0.0,0.08954068162598716
TOP2A,0.0,0.08952386938685739
ZNF883,0.0,0.08952297594285362
U91328.19,0.0,0.08944082015491832
BCAT1,0.0,0.08943715669869906
C5orf34,0.0,0.08935058452192918
ECHDC3,0.0,0.08930218458873973
ZMAT4,0.0,0.08929641306544664
BBS10,0.0,0.08924180216895121
RP11-367J11.2,0.0,0.0892130807812938
SALL2,0.0,0.08921210653108008
AC006116.20,0.0,0.0891870803864989
ZNF587B,0.0,0.08913649481429788
CTB-129O4.1,0.0,0.0891249042280462
LINC00494,0.0,0.08912365271143771
ZFP41,0.0,0.08899813000497787
POMK,0.0,0.08891370673219536
RP11-110I1.13,0.0,0.0888989117188456
ZNF532,0.0,0.08868376657928675
TTC8,0.0,0.08865917230884675
NME8,0.0,0.08863515274648423
KCNMA1,0.0,0.08858259705470345
SLC38A11,0.0,0.08857950509634831
RP11-536C5.7,0.0,0.08852224826640971
LPHN1,0.0,0.08845792540977576
KIAA0825,0.0,0.088274082733309
AMDHD1,0.0,0.08801406038071742
RP11-159G9.5,0.0,0.08793362821751205
AP000476.1,0.0,0.08790537000358943
ZNF772,0.0,0.08788499402896427
HRK,0.0,0.08767766602904946
DIRAS1,0.0,0.08764534237419956
LRRC3,0.0,0.08756583763428623
B9D1,0.0,0.08755868819392366
RNF219-AS1,0.0,0.08753698556385804
SCARF1,0.0,0.0875295424990803
CLDN23,0.0,0.08742124744264615
C12orf60,0.0,0.08740374720188744
CTD-3195I5.1,0.0,0.08736475261549558
VAV3-AS1,0.0,0.08728098643743719
ZNF629,0.0,0.08727890426167928
RP11-175O19.4,0.0,0.087269655261947
CABLES2,0.0,0.08724018139614391
ZNF778,0.0,0.08714478374178858
GTF2H4,0.0,0.08708933049175903
HIST1H2AH,0.0,0.08707951319053046
GAB1,0.0,0.08699556550278176
RP11-504P24.8,0.0,0.08683930962785683
RP11-42I10.1,0.0,0.08677744946541964
MCF2L2,0.0,0.08673065605282632
RP11-378J18.3,0.0,0.0867044962489021
C11orf63,0.0,0.08666532848174191
KCTD21-AS1,0.0,0.08664587491825132
ZNRF2,0.0,0.08647907455215287
PPFIBP1,0.0,0.08642842133062625
EPHX3,0.0,0.08642679526368564
EPHB2,0.0,0.08640411573866844
SEMA7A,0.0,0.08635839830666656
RP11-597D13.9,0.0,0.0862883122034015
TMEM171,0.0,0.08628053183865855
RP11-305L7.1,0.0,0.08622000425773751
C5AR2,0.0,0.08613551745987531
AC096772.6,0.0,0.08609587709854832
FAM110B,0.0,0.08598452366510817
PARD6B,0.0,0.08595045950151453
FAM179A,0.0,0.08594738966243008
CTD-2517O10.6,0.0,0.08568559335474317
RAP2C-AS1,0.0,0.0855238990709935
C17orf107,0.0,0.08550397895998636
C11orf84,0.0,0.08547728434055475
SNAI3-AS1,0.0,0.08547207202882333
BFSP1,0.0,0.08543333454280114
CTD-2012K14.6,0.0,0.08541728347448027
NEDD4L,0.0,0.08541003016507173
RP11-862L9.3,0.0,0.08534428186402616
RGAG4,0.0,0.08533371499916631
TTC26,0.0,0.08527460943449335
HIST2H2AB,0.0,0.08526681165202861
CENPU,0.0,0.08525559192539088
NRG2,0.0,0.08523550566819472
PDE1B,0.0,0.08523534594685123
KIAA1467,0.0,0.08522126317949906
FGD6,0.0,0.08502704837761962
KANK1,0.0,0.0849410783080453
AC007386.2,0.0,0.08491924646187653
RIN2,0.0,0.08490889448923106
KIAA0753,0.0,0.08488398387631838
HIST1H2AL,0.0,0.08483991704137836
ZDHHC23,0.0,0.08482210217101063
RP11-141B14.1,0.0,0.08480459523331153
POLA1,0.0,0.08477354575766105
TMEM117,0.0,0.0846714514631077
TUBA8,0.0,0.08463486467348022
ZNF620,0.0,0.08455520886129067
IPO9-AS1,0.0,0.08449061565199413
OTUD7B,0.0,0.08447322087331743
STXBP4,0.0,0.08441909794424159
RP11-700H6.1,0.0,0.08436516130344385
IQCK,0.0,0.08429221376100465
AC007880.1,0.0,0.0841589049946972
MTMR8,0.0,0.08412762051767651
TTC30A,0.0,0.08399095475754885
SGCE,0.0,0.08394955195295054
HLCS,0.0,0.0838481375438626
ARHGAP11A,0.0,0.08383019081797044
RP1-151F17.2,0.0,0.08373691013104483
UNC5CL,0.0,0.08370314807338791
CTD-2630F21.1,0.0,0.08368422387741545
RP11-509J21.2,0.0,0.08367317116242247
COL9A3,0.0,0.08367085772618306
FLJ45079,0.0,0.08365703009945112
CTC-273B12.10,0.0,0.08363674152419762
RP11-493L12.4,0.0,0.0836323752332019
DLEU2L,0.0,0.0836099224779544
MST1,0.0,0.08360900480917595
TGFB3,0.0,0.08358172085646526
RP11-488L18.8,0.0,0.0835800962971645
TMEM163,0.0,0.08348135575276253
RP11-452L6.7,0.0,0.08346352707038286
TMCC2,0.0,0.08344985232678144
WFS1,0.0,0.08344328773214883
ZSCAN22,0.0,0.08343637129495175
ANKDD1A,0.0,0.08339922942026284
SVOPL,0.0,0.08329311017590676
RBBP9,0.0,0.08319350096942613
ARHGAP5-AS1,0.0,0.08313684772027756
INPP5A,0.0,0.08310920285626751
POU5F1B,0.0,0.08307548103316864
CCDC121,0.0,0.08298523195832752
IRGM,0.0,0.08296651804425911
IL21R-AS1,0.0,0.08283899430441687
AP001046.5,0.0,0.08276437787240601
TSPYL5,0.0,0.08275313840776437
RP11-221J22.2,0.0,0.08270856607693045
RP11-713M15.2,0.0,0.08269260883028025
CTD-2165H16.4,0.0,0.08265336100842413
ARHGAP6,0.0,0.0826228180858907
RP11-473M20.16,0.0,0.08255133686521073
FITM1,0.0,0.08253633139250734
PWAR6,0.0,0.0825279410881688
CDC45,0.0,0.08249477185905141
RNF217,0.0,0.0823921430276384
RAB11FIP3,0.0,0.08238425516168674
FAM72B,0.0,0.08238002097407891
CTD-2012K14.7,0.0,0.0821072544202794
AMIGO1,0.0,0.0820609494308629
RP3-465N24.6,0.0,0.08204513937337775
MEGF8,0.0,0.08201774157335655
MORF4L2-AS1,0.0,0.08199466512855047
RP5-1148A21.3,0.0,0.08198504972351445
DLG3,0.0,0.08196981137247204
VSIG2,0.0,0.08195511697781876
LRRC34,0.0,0.08190527554989327
RP13-638C3.4,0.0,0.08190269113820893
JSRP1,0.0,0.08188869712693803
MFSD2A,0.0,0.08182849215190048
RP11-423H2.3,0.0,0.08179230882824835
C11orf95,0.0,0.08179122203119156
RP11-350G8.5,0.0,0.08175279381028006
RP11-443B7.1,0.0,0.08173041184305659
C22orf15,0.0,0.0816964535727157
FIBCD1,0.0,0.08167680873736828
hsa-mir-1199,0.0,0.08165764320816397
CCDC149,0.0,0.08162773951189271
TIGD7,0.0,0.0815793221533833
LINC00996,0.0,0.081565667316751
AC022182.1,0.0,0.08153711319456607
RP11-89K11.1,0.0,0.08149716146417227
RP4-635E18.8,0.0,0.08145436486965253
AXL,0.0,0.08137878400123277
AC022400.2,0.0,0.08135279778988357
RP11-297B17.3,0.0,0.08131542012577546
SLC35F3,0.0,0.0813045068009844
RP11-475O6.1,0.0,0.0812608475073852
THNSL2,0.0,0.08125027880987067
PVALB,0.0,0.0811874170709154
AC108488.4,0.0,0.08117480027379202
RP11-83N9.5,0.0,0.08113468416041916
TET1,0.0,0.08109003473073216
HPDL,0.0,0.08100781704905372
C2orf44,0.0,0.08098161438148159
MERTK,0.0,0.08082554929130195
C17orf51,0.0,0.08079685347202199
KCTD3,0.0,0.0807834442109188
MTUS1,0.0,0.0807312034357606
OCM,0.0,0.08066297876420622
U47924.31,0.0,0.0806163912700127
TMEM27,0.0,0.08055834117464118
RP11-326C3.11,0.0,0.08043684231181861
KLHL14,0.0,0.0804072255236838
RP11-867G23.4,0.0,0.0804067891395969
PTPLA,0.0,0.08040619576665953
ERI2,0.0,0.08036437102957279
KB-1460A1.5,0.0,0.08033869096842308
RP11-69E11.4,0.0,0.0802705947882444
RP11-732M18.3,0.0,0.08021577372389849
RP11-890B15.3,0.0,0.0801811097717314
GPX3,0.0,0.0801557285282556
IL17RE,0.0,0.08008721591029375
AC004893.11,0.0,0.08008507680840392
UHRF1BP1,0.0,0.08008068871825548
CTD-2302E22.4,0.0,0.08007944102896229
CYB5RL,0.0,0.08006980312115929
C9orf9,0.0,0.08005331866501145
SMIM10,0.0,0.0800307898472458
STON1,0.0,0.07990911182573629
EFNA3,0.0,0.0798596756950664
TIAM2,0.0,0.0798282008603184
RP11-359B12.2,0.0,0.07970349421354873
CTC-241N9.1,0.0,0.07968578959834499
RP11-385F5.5,0.0,0.07968077930900748
VANGL1,0.0,0.07960917257638625
PNMA3,0.0,0.07956533389101325
CHGB,0.0,0.07951483331159283
RP1-191J18.66,0.0,0.07951322045653346
MYCBPAP,0.0,0.07949841779741648
IFT140,0.0,0.07947617789758943
SULT1A4,0.0,0.07945044503678302
C1orf200,0.0,0.0794246330229344
CD1A,0.0,0.0793586004811006
USP46-AS1,0.0,0.07919252319984219
ZSWIM4,0.0,0.07911739500306236
C1QC,0.0,0.07908900339255587
TIGD2,0.0,0.0790805651922847
C1orf186,0.0,0.07891666988226322
SELP,0.0,0.07881562486818068
CEP112,0.0,0.07879829363690655
RP11-154H23.3,0.0,0.07876802263637651
AP003068.23,0.0,0.07875754165363712
HSPA2,0.0,0.07859318810732685
RP11-128M1.1,0.0,0.07859213481957511
MUC12,0.0,0.07855605429218665
ABCB9,0.0,0.0784977023070043
ATP9A,0.0,0.07848892463260565
TRIM34,0.0,0.07848277708791927
AC069513.4,0.0,0.07845814664469217
RP11-793H13.11,0.0,0.07837955355962692
SOBP,0.0,0.0783180656380993
AC074117.10,0.0,0.07828366086894525
CD248,0.0,0.07826430316226238
CPT1B,0.0,0.07820443388734323
WDHD1,0.0,0.07818964202964034
ZNF624,0.0,0.07815369928756756
AC131097.3,0.0,0.07814343261472279
CELF2-AS1,0.0,0.0780682064030981
LINC00957,0.0,0.07803094310720496
IGSF9B,0.0,0.07800631641037956
ITGA1,0.0,0.0779951080686143
RP11-192H23.4,0.0,0.07799110077312366
MDK,0.0,0.07795793277498093
SLC4A8,0.0,0.07794907396107423
PINLYP,0.0,0.0779045418257663
CCDC15,0.0,0.07784235803050392
RP11-252A24.3,0.0,0.07778417057653864
RP11-504P24.6,0.0,0.07761614503916232
ANKRD6,0.0,0.07760748146049912
TUBB4A,0.0,0.07757834342561422
RLN1,0.0,0.0775091378833814
MYO18A,0.0,0.07743211167298646
RP11-73O6.3,0.0,0.07741904837794031
CDK18,0.0,0.07740563509678898
ZFP3,0.0,0.07737520012181794
ZNF805,0.0,0.07736343621092256
AC026471.6,0.0,0.07730539879123337
PLK1,0.0,0.07726795259029039
LIME1,0.0,0.07720701638240877
SEPT4,0.0,0.0771979267730937
RP11-259K5.2,0.0,0.07713887185293072
RAB6B,0.0,0.07713477229110371
EFCAB4A,0.0,0.07702248644046897
AURKA,0.0,0.0769854476434407
AC016757.3,0.0,0.07692693505016665
RP11-775D22.2,0.0,0.07688295129227656
TFAP2E,0.0,0.07685599640520542
DNAJC27,0.0,0.07684718564742908
CAMSAP2,0.0,0.07682774761884573
KLRK1,0.0,0.0768199940216109
ATP8B1,0.0,0.07653866044588194
CTB-133G6.2,0.0,0.07653276600645773
AC024592.12,0.0,0.07648045106117561
DNAJB5,0.0,0.07645498579759548
ZNF594,0.0,0.07642526506408594
C11orf82,0.0,0.07641407565194192
SYP,0.0,0.07639464592061171
DNAH6,0.0,0.07633027759065739
CCL27,0.0,0.07632563189668193
ZBTB39,0.0,0.07631703987339859
CDK5R1,0.0,0.07631092869535218
EPS8L1,0.0,0.07630615006631608
RP11-324I22.4,0.0,0.07623254464415144
DOCK3,0.0,0.07616100513017027
ZNF304,0.0,0.07609720584581992
AC004447.2,0.0,0.07600075108804742
PTK6,0.0,0.07593679033115602
AC073283.7,0.0,0.07591704938922601
OCRL,0.0,0.07586114103315236
BATF2,0.0,0.07577398494725719
HLA-DQB1-AS1,0.0,0.07574997840420848
MANSC1,0.0,0.07574792728156785
RP3-508I15.22,0.0,0.07572761151971619
RP5-1180C10.2,0.0,0.07571708611686494
RP11-782C8.1,0.0,0.07570473555289133
NUF2,0.0,0.07567386132383222
RP11-72M17.1,0.0,0.07564519584088468
RP11-483I13.5,0.0,0.07549762576326702
RP11-333E1.1,0.0,0.07542733756069764
DMPK,0.0,0.07542088262415825
KIFC1,0.0,0.07538834280765266
SRXN1,0.0,0.07537754851390545
STK33,0.0,0.07535995443286823
ZNF546,0.0,0.07526886747992416
AC022498.1,0.0,0.07522658793770662
RP11-452L6.5,0.0,0.07522420559491438
PPP1R26,0.0,0.07519538104557927
HCFC1-AS1,0.0,0.07519536030218607
AC131056.3,0.0,0.07518418269257036
PHLDA3,0.0,0.07517211712674225
PAK3,0.0,0.07515851172442177
AP001469.9,0.0,0.0751475713294125
KCTD1,0.0,0.07509876170729111
FBXO45,0.0,0.07503268693238153
TOX2,0.0,0.07503050971761165
KIAA1671,0.0,0.07502595717070434
MMP14,0.0,0.07490992226009745
TMTC1,0.0,0.07486950842858113
AC012360.4,0.0,0.07479786951706843
ZFP30,0.0,0.07473451206370031
B4GALT6,0.0,0.07464686903913383
NPIPB3,0.0,0.07461602128751937
ZMYM6NB,0.0,0.07461353988011508
LINC00984,0.0,0.07459732781620634
ZNF579,0.0,0.0745813608687721
CTD-2031P19.3,0.0,0.07454281141832775
LINC00925,0.0,0.07454238579141113
TBC1D30,0.0,0.07445813340734397
AP000769.1,0.0,0.0743682115327181
HTR3A,0.0,0.0743653459090987
PLXNA1,0.0,0.07434187076002913
CYSLTR2,0.0,0.07433308021499625
MEIG1,0.0,0.0741491213107585
RP11-553K8.2,0.0,0.07405333535543153
TMEM9B-AS1,0.0,0.07395960617204127
PIGZ,0.0,0.07395276701499637
AKR1E2,0.0,0.07382670880453224
SYCE3,0.0,0.07367886949173236
TSKS,0.0,0.07364347265744728
ELOVL3,0.0,0.07364178605979714
LY6G5B,0.0,0.07356605084172764
RP13-753N3.1,0.0,0.07353708324141757
MMP25,0.0,0.073488305274246
C1R,0.0,0.07344524035575961
AC015849.19,0.0,0.07343498381573052
CTD-3214H19.4,0.0,0.07343202480544078
ZNF804A,0.0,0.07336992256242388
OSCP1,0.0,0.07335379368288968
RNF165,0.0,0.0733259784465984
RP11-408A13.4,0.0,0.07330048818159347
CTC-428G20.6,0.0,0.07329183013381334
RP11-1055B8.7,0.0,0.07328393749195519
RDH10,0.0,0.07320499793630074
MSRB3,0.0,0.07320167521394956
AIRE,0.0,0.07317332678200347
WNT16,0.0,0.07315786920253806
EIF3C,0.0,0.07311185078549463
AC006994.2,0.0,0.0730275773685799
RP11-582J16.4,0.0,0.07302357701184016
STEAP3,0.0,0.0730094384697922
RP11-305L7.3,0.0,0.07297437665039459
FOXRED2,0.0,0.07289502009172026
CTB-12A17.3,0.0,0.07281256265215251
RP11-294J22.6,0.0,0.07275446007880364
RP11-393I2.4,0.0,0.07274143728364423
C6orf99,0.0,0.07257930507132176
U73166.2,0.0,0.0725746645029096
LRRC20,0.0,0.07257047378908658
CUZD1,0.0,0.07253137085335785
FAM3D,0.0,0.07251157678660627
FCGBP,0.0,0.07240589827121549
POLE2,0.0,0.07239070392010831
TLDC2,0.0,0.07229981561759097
CTD-2544N14.3,0.0,0.07229943408846222
CDK1,0.0,0.0722151844923861
NIPSNAP3B,0.0,0.07219001633187586
NT5DC3,0.0,0.07218991902597034
KANK3,0.0,0.07216840377661382
RP11-876N24.2,0.0,0.07212602491330798
RNASE1,0.0,0.07211218515346264
PRDM15,0.0,0.07204166211345699
AGBL2,0.0,0.07196541311158733
AC015922.6,0.0,0.07196482695367755
GATS,0.0,0.07189729695092875
DOK4,0.0,0.07183177834280226
AZU1,0.0,0.07179134216550768
AC009005.2,0.0,0.07178584209666361
RP1-20N2.6,0.0,0.07176685957436088
RP11-92K15.3,0.0,0.07172824930168818
CLIP2,0.0,0.07172789945241585
GPR63,0.0,0.07171604435872561
KDM4A-AS1,0.0,0.07171143596918003
PLEK2,0.0,0.07168585950822907
VSIG10L,0.0,0.07168029430108835
AC005944.2,0.0,0.0716599591821902
APBB2,0.0,0.07162708078390484
RP11-154J22.1,0.0,0.07144998733730587
FZD2,0.0,0.07135850274189744
RP11-307C12.12,0.0,0.0712179604381202
EFHD1,0.0,0.07119265865047314
YPEL4,0.0,0.07117911956543332
ADORA2A,0.0,0.07115242065238972
SDCBP2,0.0,0.07114778842846237
RP11-728F11.4,0.0,0.07111789860368137
RP11-421M1.8,0.0,0.07109818284431162
UBXN10-AS1,0.0,0.07100596427434049
RNFT2,0.0,0.07098388052758525
ASAP2,0.0,0.07085697593803406
SDK2,0.0,0.07084256409793711
MYH10,0.0,0.07078772731182569
RP11-502I4.3,0.0,0.07077258259383788
AL441883.1,0.0,0.07076319765554297
HCG14,0.0,0.070740681023264
TNK2-AS1,0.0,0.07072108544341424
RP3-467K16.4,0.0,0.07071935302174513
PVRL3,0.0,0.07069347159631502
PPIL6,0.0,0.07068902107602587
RP11-318A15.2,0.0,0.07063028531676326
SEMA4F,0.0,0.0706214937296014
SNPH,0.0,0.07057973098199402
TSSK6,0.0,0.07039435596700035
DENND2C,0.0,0.07037624200173084
RP11-402D21.2,0.0,0.0703529199731742
GPR20,0.0,0.07033067477563854
GNAZ,0.0,0.07032082298544766
KIAA1324L,0.0,0.07030183930242467
AC004069.2,0.0,0.07027135832139261
RP3-508I15.21,0.0,0.07024322129760831
FAM81A,0.0,0.07017360114341246
SCN1B,0.0,0.07015162736098955
CABP4,0.0,0.07012923111329873
CAPS2,0.0,0.07012565478853518
FSCN1,0.0,0.0700915752828125
RP1-202O8.3,0.0,0.07008473077532902
LRRC37A,0.0,0.07004878381344834
CYTH3,0.0,0.07001082541117777
FBXO10,0.0,0.0700005969680295
PDK4,0.0,0.06994413176978183
LL21NC02-1C16.2,0.0,0.0699405067139454
LINC00623,0.0,0.0699342196347361
AC016700.5,0.0,0.06993161420669536
BMP1,0.0,0.06991759579617213
CACNB1,0.0,0.06990616835232505
ZNF35,0.0,0.06990016406949356
HIC1,0.0,0.06989898814311517
ACOX2,0.0,0.06986683590245434
CTD-2623N2.11,0.0,0.06985412902661609
AC090186.1,0.0,0.06976067350399946
RP11-196G18.24,0.0,0.06976053353350467
TXNRD3,0.0,0.06974993996380886
RP11-160O5.1,0.0,0.06972151472253289
CDKL5,0.0,0.06968803788398446
FAM66C,0.0,0.0696211182919068
MCOLN3,0.0,0.06961535383228305
CTD-2547L24.4,0.0,0.06960810695009867
RP11-1348G14.5,0.0,0.06960192462425077
DUSP8,0.0,0.0695744337489717
DYNC2H1,0.0,0.06955886762215141
SERHL2,0.0,0.06946597317345686
RP11-423O2.5,0.0,0.0694539246208045
AC092667.2,0.0,0.06943404990515809
HTRA1,0.0,0.06940233857426478
RP11-197P3.4,0.0,0.06938876225254771
TRIP10,0.0,0.06934274221939328
C12orf39,0.0,0.0692501694538556
RP11-432J24.2,0.0,0.06923025342875576
CERCAM,0.0,0.06921904730514306
DUOX1,0.0,0.06921775907996526
ZNF486,0.0,0.06920727026293734
SGSM1,0.0,0.06918813445334444
DZANK1,0.0,0.06913723152644745
RP11-1149M10.2,0.0,0.06912191331797667
SEZ6L,0.0,0.06909162779421228
APOA1,0.0,0.0690858631736169
CNKSR2,0.0,0.06907483036090904
HSD17B1,0.0,0.06901208347191597
BCL2L14,0.0,0.06900359072344563
KRT2,0.0,0.06899058166245427
RP11-433J8.1,0.0,0.06899055824755619
AC137932.6,0.0,0.0688666020077224
DCBLD2,0.0,0.06886485649878277
CDYL2,0.0,0.06883442043897159
DVL1,0.0,0.06880844251666876
RP11-644F5.16,0.0,0.06875322607808709
TMEM200A,0.0,0.06874927484098779
PHYHD1,0.0,0.06870995864391533
ZBTB20-AS1,0.0,0.06869527987430518
RP11-97C16.1,0.0,0.06869328795240114
EML5,0.0,0.06867902742268138
UST,0.0,0.0686589659954374
TNIP3,0.0,0.06861888649899289
LL22NC03-2H8.5,0.0,0.06859271934186222
CCDC85C,0.0,0.06858371238939143
ME1,0.0,0.06857874898428051
VSIG8,0.0,0.06853204068629785
GPR55,0.0,0.06848042319252066
RP11-469M7.1,0.0,0.06847139543892107
DOK6,0.0,0.06842323654600238
FSIP1,0.0,0.06842284447747542
VSIG4,0.0,0.06841594686299285
C16orf46,0.0,0.06840566997330537
MED4-AS1,0.0,0.06838906221386284
TCFL5,0.0,0.0683669252001647
GNG5P2,0.0,0.06835434163462765
AC009404.2,0.0,0.06833330115019265
ESPN,0.0,0.06828211411614958
SMTN,0.0,0.06824304806967017
RP11-661A12.5,0.0,0.06822154557133081
RP11-424N24.2,0.0,0.06818992722162515
NID1,0.0,0.06805059194671603
SFTPD,0.0,0.06801475750823402
SSSCA1-AS1,0.0,0.0679815785939785
RP1-234P15.4,0.0,0.06798132813317728
GREM2,0.0,0.06797483647032314
RP11-327F22.2,0.0,0.06794805377681512
RPA4,0.0,0.06793483827243416
KLHL32,0.0,0.06790469364495132
CORO6,0.0,0.06786704206620661
ITGA10,0.0,0.06781693713898544
RP11-422P24.11,0.0,0.06780006450002002
RP11-441O15.3,0.0,0.06777294477841407
FSCN3,0.0,0.06776818375896079
RP11-761I4.3,0.0,0.06776652850428704
HID1,0.0,0.06776330274072062
ORC1,0.0,0.06775774886994046
ATP6V0E2-AS1,0.0,0.06767220095874021
MIR146A,0.0,0.0676341655532898
AC009120.6,0.0,0.0676132446759928
TMEM38A,0.0,0.06761157554340097
ZNF239,0.0,0.06761112658915217
DOCK7,0.0,0.0675698502100163
DSCC1,0.0,0.0675677470306493
MDGA1,0.0,0.06755720619461615
ZNF391,0.0,0.06744820183088661
MXRA8,0.0,0.06741445429673978
CSNK2A3,0.0,0.0673946442706599
PLEKHA4,0.0,0.06737905413249913
NXPH4,0.0,0.06733517852495265
C8orf37,0.0,0.06726689169680022
RP4-803J11.2,0.0,0.06725132366090246
RP11-245J9.4,0.0,0.06720961503391805
GPT2,0.0,0.06715781444256781
CAPN8,0.0,0.06715399950490511
SHF,0.0,0.06713082050502933
KDM4D,0.0,0.06712443511075578
TIGD5,0.0,0.0670449678481007
UGT2B17,0.0,0.06695646486121362
DLL3,0.0,0.06694860826454221
STXBP1,0.0,0.06694002153851097
RP11-315O6.1,0.0,0.06687468498732906
RP1-266L20.2,0.0,0.06687213528381837
RP11-480D4.6,0.0,0.06678855088187094
RP11-755F10.1,0.0,0.06667786537532391
RP11-90D4.3,0.0,0.06663042532892248
NRCAM,0.0,0.0665761713687829
C22orf26,0.0,0.06655489614380405
TIFAB,0.0,0.06654955074319147
L1TD1,0.0,0.06653607785080518
RP4-781K5.2,0.0,0.0665304080241858
RP11-407G23.3,0.0,0.06651561827903746
PDGFRB,0.0,0.06651126870763983
NEURL4,0.0,0.06651031053697251
AATK,0.0,0.0665052442836066
MPO,0.0,0.06649839659660249
RP11-472N13.3,0.0,0.06645018441375213
ZNF517,0.0,0.06642350728219514
GNAO1,0.0,0.06637265484517718
TBX19,0.0,0.06630836674300519
ZBTB26,0.0,0.06630390305336294
AURKC,0.0,0.06628596600167858
MYLK,0.0,0.06617401872236982
AC008443.1,0.0,0.06617186630400086
ACTR3C,0.0,0.06612105315852018
DGUOK-AS1,0.0,0.06608397833352156
DYNLL1-AS1,0.0,0.06605995743497498
ACACB,0.0,0.06601801445891632
SPAG8,0.0,0.06601660300323275
SEMA6B,0.0,0.06597543023117541
CCDC13,0.0,0.06587893130232647
CNRIP1,0.0,0.06587577911098867
CTD-2410N18.3,0.0,0.06578509595173877
ABHD1,0.0,0.06574476945701195
CCNF,0.0,0.06572236182784
MICALL2,0.0,0.06571763987959457
CCDC183,0.0,0.0657162832151249
GLCE,0.0,0.06570957190800147
RP5-1074L1.4,0.0,0.06569939710606341
GATA2,0.0,0.06565618030587864
GSTO2,0.0,0.06563827261052065
RP11-404F10.2,0.0,0.06559804552280443
CCDC73,0.0,0.06551645102853393
SLC6A12,0.0,0.06551227859938291
SNX33,0.0,0.06544198448136766
RP11-713P17.3,0.0,0.06544058782701961
GPR27,0.0,0.06542023407502098
OXT,0.0,0.06541585419385923
NPR2,0.0,0.06533246999106082
RP5-1157M23.2,0.0,0.06532870010135194
RP11-96K19.2,0.0,0.06531905345527136
ATP8B4,0.0,0.06527426988996143
C10ORF68,0.0,0.06518332866684941
PSD,0.0,0.06514013884986038
RNF175,0.0,0.06512176997187284
LRRC16A,0.0,0.06511099574019345
CCDC96,0.0,0.06510679057605198
RNF157-AS1,0.0,0.06509186378953534
RP11-421L21.2,0.0,0.06508497998567615
RP11-483P21.2,0.0,0.0650790596922395
BMPR1A,0.0,0.06507564201294476
RTN4R,0.0,0.06507109834436609
SMCR8,0.0,0.06506444749692719
CLIC5,0.0,0.06500241092799612
AC083949.1,0.0,0.0649532740876392
LINC00880,0.0,0.06494101203367846
SAMD14,0.0,0.06488638156076852
IFITM10,0.0,0.0648854537093674
CTC-444N24.6,0.0,0.06488293685826503
RP11-158M2.3,0.0,0.06485709511275976
NT5DC2,0.0,0.06480823527287138
MFSD2B,0.0,0.06477742438089887
RP4-647C14.3,0.0,0.06476933080298035
RP11-558F24.4,0.0,0.06471053973308769
AP003774.4,0.0,0.06464059342172956
RP11-57H14.2,0.0,0.06461944726872189
RP11-343H5.6,0.0,0.06461260011221796
CAMP,0.0,0.06459727967953233
RP11-426L16.3,0.0,0.06458057961471231
AC079807.2,0.0,0.06457800525800697
RP11-58B17.2,0.0,0.0645678897308324
RP4-798A10.4,0.0,0.06448961995637396
ASB9,0.0,0.0644632780140685
ABCA3,0.0,0.06445236014118241
DCHS1,0.0,0.06439773848507399
MAP10,0.0,0.0643501770641234
RP11-452C13.1,0.0,0.0643183868325005
TDRP,0.0,0.06431102678986295
YOD1,0.0,0.06425732879320775
UACA,0.0,0.06420750309229721
POLN,0.0,0.06416150698288002
DDO,0.0,0.06414605204803912
RP11-932O9.7,0.0,0.06407171652934285
CCNJL,0.0,0.0640303455725939
ALDH7A1,0.0,0.06402849389430446
RP11-342K6.1,0.0,0.06401835913725967
SUOX,0.0,0.06396298477604738
AC007879.7,0.0,0.06395187164106426
SPERT,0.0,0.06394296887143901
PRRT2,0.0,0.06391687497401452
RP11-641A6.2,0.0,0.0639160411083557
RP11-701P16.2,0.0,0.06379898497963725
FITM2,0.0,0.06379137307889442
RP11-802O23.3,0.0,0.06378873476883103
OAZ3,0.0,0.06374840855049395
ENKD1,0.0,0.06358754785448129
IL27,0.0,0.06353845109779484
RUSC1-AS1,0.0,0.06343764254757918
RP11-680G24.5,0.0,0.06333604913510324
ANKRD50,0.0,0.06331310410675507
OTOF,0.0,0.0632918842571499
GALNT12,0.0,0.0632897274007702
ZBTB42,0.0,0.06328871570217996
CTD-2162K18.4,0.0,0.06309287323698477
PTPN13,0.0,0.06305707380050433
MUC20,0.0,0.06304541631497307
RP11-457M11.5,0.0,0.06302944389192608
SHROOM1,0.0,0.06300075750838754
CTC-425F1.4,0.0,0.06299119706151707
ABCA1,0.0,0.06297071384277098
DPY19L2,0.0,0.06290381251557808
CYB5R2,0.0,0.06285697016551417
EPDR1,0.0,0.06276314935831244
RP11-89K10.1,0.0,0.06275748549382332
RP1-168L15.5,0.0,0.06269954998862298
STS,0.0,0.06259332485827519
RP11-388M20.1,0.0,0.06256196523119859
LAMTOR5-AS1,0.0,0.06255870671401266
RP11-195F19.9,0.0,0.06245875854778761
MIR378D2,0.0,0.06243553958427029
RP11-308N19.1,0.0,0.06236859682845929
NEDD4,0.0,0.06225726114338448
CTD-2047H16.4,0.0,0.062254968352620635
CTC-428G20.3,0.0,0.062122486974765405
PPT2-EGFL8,0.0,0.06211750161287642
CTC-454I21.3,0.0,0.06210948703458811
C15orf26,0.0,0.06199210837603071
PIWIL4,0.0,0.0619399832462285
RP11-442N24__B.1,0.0,0.06192908317612523
RP11-22P6.3,0.0,0.06187538991402917
CTD-3203P2.2,0.0,0.06181750593750741
PP13439,0.0,0.06178552189430956
FAM218A,0.0,0.06171002096303165
KAZALD1,0.0,0.061685828053979944
LNP1,0.0,0.061655696141779084
PABPC3,0.0,0.061628299640979885
RP11-191L17.1,0.0,0.06156796980654468
VIL1,0.0,0.061445539116633426
AC009501.4,0.0,0.061432381975415014
LINC00174,0.0,0.061401621516390385
CCNE2,0.0,0.061357743469386945
TEX22,0.0,0.06135440624461968
HOXA10,0.0,0.06132499389391177
TEX12,0.0,0.06118212493418195
WWC2,0.0,0.061178954759021256
XXbac-B476C20.9,0.0,0.06115816353507861
BFSP2,0.0,0.06115397540723452
RP5-894D12.3,0.0,0.06112598761664977
RP5-1098D14.1,0.0,0.06112364900376771
B3GALT2,0.0,0.061116983815860025
NTNG2,0.0,0.06111383563369803
KCNJ14,0.0,0.060988033692616586
ZNF571-AS1,0.0,0.060959309476954736
ALS2CR12,0.0,0.060940719891841195
RP11-277P12.20,0.0,0.06091838003450745
CA6,0.0,0.06087762044596503
C1orf51,0.0,0.06086857606505311
WNT5B,0.0,0.06083594715768664
CACNA1C-AS1,0.0,0.06071865315414262
CDH26,0.0,0.06067866219408895
DCLRE1A,0.0,0.06067600673916578
RP13-270P17.1,0.0,0.06066252866153312
FRMD3,0.0,0.06043451320195603
SLC15A2,0.0,0.060249446661967486
TMEM86A,0.0,0.060229845885906935
BRCA1,0.0,0.06019268821184975
RP11-511B23.1,0.0,0.06019201785814662
AC000003.2,0.0,0.06015882107325556
CTD-2666L21.1,0.0,0.06012203626086632
RAC3,0.0,0.060118013897035874
CDC20,0.0,0.0601171715020287
RP11-190C22.9,0.0,0.06006875320148937
SLC2A5,0.0,0.06006753833554327
RP11-336K24.12,0.0,0.06005185042867828
RP11-213H15.1,0.0,0.060046349693336214
LIPC,0.0,0.05995180439653346
CTD-2210P24.4,0.0,0.059917673499290225
SCRG1,0.0,0.05989540099616838
AK4,0.0,0.05983484911401109
LRRC1,0.0,0.059823079381141876
CTD-2619J13.14,0.0,0.0598184013613285
FOSL1,0.0,0.059715311025186166
FAM65C,0.0,0.05971436007298392
LAMA5,0.0,0.05971321694746362
AC010894.5,0.0,0.05965787387383662
IFT81,0.0,0.05962604461748792
DND1,0.0,0.05943704210525961
RP13-314C10.5,0.0,0.05941902843317812
RP11-66B24.2,0.0,0.05940466028515355
RAVER2,0.0,0.05933558163170178
AC026202.1,0.0,0.05933048998852812
KIAA0895L,0.0,0.059307956585524776
PTK7,0.0,0.059256788126609894
RP11-10K16.1,0.0,0.05925651335240644
AE000662.92,0.0,0.05925205839492399
HSPG2,0.0,0.05924827057117688
GEN1,0.0,0.059168123539173896
AC073072.5,0.0,0.059139363625093117
C20orf197,0.0,0.0591325882060925
CITF22-92A6.1,0.0,0.05912945424100425
NEUROD2,0.0,0.05896908719262183
SLC14A2,0.0,0.05896290907837873
CTD-2227I18.1,0.0,0.05893047257105062
EPPK1,0.0,0.058921121281009965
AK8,0.0,0.058842705258385364
BAMBI,0.0,0.058841194712945556
ABCG2,0.0,0.058777888619360084
RP11-91G21.1,0.0,0.058714266881835946
RHOD,0.0,0.058686210662840244
PCSK4,0.0,0.05862191908587917
HMMR,0.0,0.05848236915524078
DGKG,0.0,0.058349451179305074
GPR133,0.0,0.05829971495804756
ERMN,0.0,0.05829907136946451
OVGP1,0.0,0.05828498391600825
TMPRSS11E,0.0,0.0582584471428563
AC018766.4,0.0,0.05823859681449897
RP11-8L8.2,0.0,0.058226731401995045
RBM12B-AS1,0.0,0.05821152736247708
CNNM4,0.0,0.058202349189669024
BTBD3,0.0,0.05818424633910288
RP11-309M23.1,0.0,0.058164753898594275
FANCC,0.0,0.058155449440508364
MIR181A2HG,0.0,0.058000456821648214
RP11-206L10.2,0.0,0.05778711739944736
RP11-274B21.10,0.0,0.057727005121239836
RP11-379K17.12,0.0,0.05771933069416958
LINC01146,0.0,0.05767174045797528
FAM151B,0.0,0.0576557140428489
LINC00299,0.0,0.05757744895822563
PCBP3,0.0,0.05756186055532478
PIFO,0.0,0.05745510719739457
VWDE,0.0,0.05744706287169022
CTD-2532N20.1,0.0,0.05732985752563851
PTOV1-AS1,0.0,0.05731580163808362
SPOCD1,0.0,0.057314285901401966
AGAP5,0.0,0.05730725054069996
GRAMD1C,0.0,0.05729019378162021
CYP4F35P,0.0,0.057277895007172855
B3GNT4,0.0,0.05727772814912752
RP11-805I24.1,0.0,0.05725587424657578
ANKRD34B,0.0,0.05722813296594021
RP11-266J6.2,0.0,0.05720148801953904
C10orf95,0.0,0.05718604336632367
RP11-134G8.7,0.0,0.05717576927822082
RP11-157J24.2,0.0,0.057173380617265714
MYOM1,0.0,0.057142091389299945
RP11-271K21.11,0.0,0.05714201573921584
RP11-89F3.2,0.0,0.05714195994369724
PPM1J,0.0,0.057127549348637036
DSCR9,0.0,0.05710883479576799
RP11-279F6.3,0.0,0.057108803504965035
CTTNBP2NL,0.0,0.05709509420728169
RP11-211G3.2,0.0,0.057091357355587576
RP11-559M23.1,0.0,0.057032177423361766
AC123768.4,0.0,0.056988542821804954
SLC41A2,0.0,0.056950730950320376
ZFP37,0.0,0.05687665116281112
DEPDC1B,0.0,0.05687449528617298
PPIP5K1,0.0,0.05681446759200201
SNORA40-1,0.0,0.056790727793213494
OOEP,0.0,0.05678207855242368
RP11-643M14.1,0.0,0.05675441422979147
FAM167B,0.0,0.05674698336377779
FBXO36,0.0,0.05667985734064891
STX16-NPEPL1,0.0,0.056671858693729475
AC011747.4,0.0,0.05662261846207667
ZRSR1,0.0,0.05661624955231075
AC007036.6,0.0,0.05661548227809651
CKAP2L,0.0,0.05659061750241473
NUAK1,0.0,0.05658729776480624
RP11-105N14.1,0.0,0.05656765223675092
GFRA2,0.0,0.05655266946593728
CALCRL,0.0,0.05649596278156698
H1FX-AS1,0.0,0.05638715722100718
AD000671.6,0.0,0.056366056023863284
RP11-560J1.2,0.0,0.0563150496360265
GCNT4,0.0,0.05626574588676368
RP11-77H9.8,0.0,0.05625324009476742
HOXA5,0.0,0.05620824660462974
RP11-162A12.2,0.0,0.05614101527065704
PDGFB,0.0,0.05612824782948346
HKDC1,0.0,0.05610003613884863
RP1-244F24.1,0.0,0.056096109324987355
FAM154B,0.0,0.0560232477050515
ZNF219,0.0,0.05595823536898099
TNKS1BP1,0.0,0.05594189453939138
RP11-446E9.2,0.0,0.05594171227776152
JMJD7-PLA2G4B,0.0,0.055938580899008855
GPR153,0.0,0.055919923609366026
GP6,0.0,0.055891440554044616
PLD1,0.0,0.055870771916570444
RP11-318C24.2,0.0,0.05586358492199256
RP11-326C3.2,0.0,0.055816356713133314
RP3-473L9.4,0.0,0.055814338233141976
PIWIL1,0.0,0.05578280173121803
TACR2,0.0,0.0557702815740505
AF131217.1,0.0,0.05576693176249419
UNC45B,0.0,0.05576412642071094
VPS13A-AS1,0.0,0.05574576279586084
PC,0.0,0.05572863357900939
LGALS4,0.0,0.055650247277991505
FAM47E-STBD1-1,0.0,0.055633265740783484
AC004158.2,0.0,0.055558050270989284
IL1R2,0.0,0.05552854146011583
POMT2,0.0,0.055499148151091054
PDE4C,0.0,0.0554848969408274
RP11-339B21.13,0.0,0.0554845746229826
TPBG,0.0,0.05545061697089216
RP3-399L15.3,0.0,0.05543776335796979
CYP2D6,0.0,0.05543713508251181
CTD-3064H18.1,0.0,0.05543440818648381
NHSL2,0.0,0.05536922241382793
RP11-580I16.2,0.0,0.0553689021495446
RAPGEFL1,0.0,0.05536277660968529
MXRA7,0.0,0.05536273789996347
ZKSCAN7,0.0,0.05535192921409185
PXDC1,0.0,0.05534121231317633
ARHGEF4,0.0,0.05532489303888687
HIST1H4I,0.0,0.055324425447860426
HCG27,0.0,0.05531551245202285
AC073115.7,0.0,0.05530784908002115
RP11-156K13.3,0.0,0.05530734066627836
RNASE3,0.0,0.055301320349337005
SIGLEC12,0.0,0.055291456394637215
TMEM81,0.0,0.05526544727244358
TRPV3,0.0,0.05523389874796737
EPN2,0.0,0.05520149064186184
SPTLC3,0.0,0.05519124821276023
AC009473.1,0.0,0.05517875268931539
RP5-1115A15.1,0.0,0.05517381686469175
AC004463.6,0.0,0.055167087703115625
RP4-549L20.3,0.0,0.05515692333166515
SLC4A5,0.0,0.05515280147399166
PRR7-AS1,0.0,0.055130802486476414
PLEKHH2,0.0,0.05511251444056268
RP11-1151B14.4,0.0,0.055111160304061074
ZNF286B,0.0,0.0551079601670964
RAB23,0.0,0.05504783045900431
CCDC153,0.0,0.05503851131108876
LINC00304,0.0,0.05503238391293534
GRB10,0.0,0.055030661539345944
AL136376.1,0.0,0.054994387621808014
RILPL1,0.0,0.05497853453360465
LINC00106,0.0,0.05495936209418856
AC109333.10,0.0,0.05489690112154277
BEND4,0.0,0.054894872843931436
RASSF6,0.0,0.054868439003558804
RP11-46H11.3,0.0,0.05482833991583285
COL13A1,0.0,0.05482828782611513
CTB-118N6.3,0.0,0.05482240166970317
RP11-381K20.2,0.0,0.05478676768662744
VPS9D1-AS1,0.0,0.054785416288807606
ABLIM2,0.0,0.05478150012446135
PARK2,0.0,0.05473811015743738
RP11-15H20.7,0.0,0.05469685327044131
SPDYA,0.0,0.054682171549603746
PPP2R3A,0.0,0.05461555069267337
ZKSCAN2,0.0,0.05461532316995856
RP11-456D7.1,0.0,0.054541437581881604
SYTL4,0.0,0.05454084377025057
RP1-257A7.5,0.0,0.0544912842421693
RP11-392P7.6,0.0,0.05446070447656255
CCNI2,0.0,0.054398948486698684
KCNH2,0.0,0.05431346111559748
RPGRIP1L,0.0,0.054301084024479085
AC107081.5,0.0,0.05428988356625621
RP11-517I3.1,0.0,0.05426521931260235
NUGGC,0.0,0.05424746141864345
PRR22,0.0,0.054239718149233826
RP11-390F4.3,0.0,0.05415822668979954
C1orf213,0.0,0.05414888270076038
FAM178B,0.0,0.054136470733683155
CLDN12,0.0,0.054131203809000834
COL4A3,0.0,0.05406360772614817
GPR124,0.0,0.05405224879868142
RP11-467P9.1,0.0,0.054035583365571196
TCP10L,0.0,0.05403065956659962
RP11-342I1.2,0.0,0.05399314595439422
SUGCT,0.0,0.053984095714840516
RP11-203J24.8,0.0,0.05394220014925885
CIB2,0.0,0.053933544005734295
SENP8,0.0,0.05387475786597419
GPR126,0.0,0.0538434177636408
CRB1,0.0,0.05383949403078774
SYCP3,0.0,0.05383511783950633
RP4-789D17.5,0.0,0.053797074846968905
HSPB9,0.0,0.053788182670384294
ADAM12,0.0,0.05378158988660925
LINC01063,0.0,0.053734499884230215
NPM2,0.0,0.05371712667938682
CEP170B,0.0,0.05369238259268765
ZNF225,0.0,0.05369175242480876
TCEAL2,0.0,0.05362812225017778
SLC16A10,0.0,0.053597589295966454
GS1-114I9.1,0.0,0.05358675317438742
NRP2,0.0,0.053566109304021614
SLC19A2,0.0,0.05355854479367524
TMOD1,0.0,0.053546773385129
AC007228.5,0.0,0.05353771633795853
UGGT2,0.0,0.0534616795458557
CTB-129P6.4,0.0,0.053452766731617404
ZNF57,0.0,0.05337190143598784
MLLT4,0.0,0.05336144023122666
CTD-2350C19.2,0.0,0.05334458635824267
HSF4,0.0,0.053341144506808755
FAM83G,0.0,0.053320419386743
KLHL11,0.0,0.053315159418816926
CCDC136,0.0,0.05331340325631907
RP5-1057J7.6,0.0,0.05329360396096548
PARM1,0.0,0.05328749939928368
HCG25,0.0,0.053279643683813355
ZBED3,0.0,0.053257249667853654
BDNF-AS,0.0,0.05323161438692439
IL10,0.0,0.053227944591570306
GTSE1,0.0,0.05320436447783901
ADAM23,0.0,0.05318113469242089
AMER1,0.0,0.053180424360765345
RP1-261D10.2,0.0,0.05313391706416396
C14orf132,0.0,0.053124605789232476
AC006129.1,0.0,0.053098042711733795
CTD-2260A17.1,0.0,0.05305573183536986
ANKRD23,0.0,0.05303519505737428
GVQW1,0.0,0.05297217038428299
SCD,0.0,0.0529356440590604
SEZ6,0.0,0.05292447864458632
CTD-3065J16.9,0.0,0.052885450684444744
AC009950.2,0.0,0.05283544840354411
RP11-80H8.4,0.0,0.05282449449964571
ZNF300,0.0,0.05281055963125827
ANKRD18B,0.0,0.05277170844431156
RP11-215G15.5,0.0,0.05277139642047764
CPA5,0.0,0.05275874619867085
PRKAR2A-AS1,0.0,0.05275622164239044
CENPA,0.0,0.05272662902252033
COL6A1,0.0,0.052714093682273325
ADAM22,0.0,0.05269090051424456
RP11-758P17.3,0.0,0.05266706243090151
SYCP2,0.0,0.052653094959139154
ZFP2,0.0,0.052638636039853116
RP11-95D17.1,0.0,0.05262769475252616
AC018755.1,0.0,0.052625871636211075
INTU,0.0,0.05261241852897914
NRXN2,0.0,0.0525925174505056
RP11-95P2.1,0.0,0.05258998836718796
CTD-2547L16.1,0.0,0.052577400929667055
TSPAN7,0.0,0.05255911744932955
RP1-223E5.4,0.0,0.052550233157783725
TMEM136,0.0,0.05244633102109153
MTSS1L,0.0,0.05244470940402786
PHLDB2,0.0,0.05244219785135522
SERINC4,0.0,0.052372030513212625
RP1-224A6.3,0.0,0.052352169146614114
MCM10,0.0,0.052352090304335776
RP11-429J17.2,0.0,0.052329183521148195
AL928742.12,0.0,0.05232742680101406
RP11-227D13.4,0.0,0.052299549224891786
GRIK4,0.0,0.05228571191340529
TTC4,0.0,0.05228372062743154
AC005253.4,0.0,0.05227311646593848
ZNF674,0.0,0.05219478228952907
RP11-443B7.3,0.0,0.05219249666842855
RP11-403I13.4,0.0,0.052159847060881205
EIF4EBP3,0.0,0.05213302472777405
RP11-434H6.6,0.0,0.05212095570481616
ZNF70,0.0,0.05210610578889405
RP11-160H22.5,0.0,0.05205190664234151
B3GNT9,0.0,0.051968258300570086
SRCRB4D,0.0,0.05196500027773189
RBMS2,0.0,0.05191378129970644
CNKSR1,0.0,0.051902063306558666
FRMPD3,0.0,0.05190173778516326
LZTS1,0.0,0.05189505091764153
RP6-206I17.2,0.0,0.0518713930308364
CTA-373H7.7,0.0,0.0518671053318216
AC116614.1,0.0,0.0518515153084173
CTD-2555O16.4,0.0,0.05179083014370299
GIPR,0.0,0.05178576306052167
MOV10L1,0.0,0.0517553146532208
LRP3,0.0,0.05174722674969198
CTD-2616J11.2,0.0,0.051742972598673664
RP11-647K16.1,0.0,0.05167663082613758
SLC26A1,0.0,0.051673502722604174
NKD1,0.0,0.05162065889340676
DAB1,0.0,0.05160430724220394
NDN,0.0,0.051597328570246535
THTPA,0.0,0.051596524891970835
TDRD9,0.0,0.051584949870423835
LCN2,0.0,0.05157924958603875
JARID2-AS1,0.0,0.051554212688241174
RP11-568N6.1,0.0,0.05154758070395047
LINC00630,0.0,0.051523844727191986
C1orf101,0.0,0.051501436533228195
WDR62,0.0,0.05147974810384544
RP11-196G11.2,0.0,0.05145839284556328
RP11-438L19.1,0.0,0.05144496791144761
SOX7,0.0,0.05142600130915263
ZNF365,0.0,0.05141384291919186
SV2A,0.0,0.051411319043811285
DLGAP1-AS2,0.0,0.05125742219420905
HSF5,0.0,0.051223677480855836
PRR19,0.0,0.0511992495896013
RP11-173M1.8,0.0,0.0511432867444576
COX6B2,0.0,0.05113949661317375
STEAP1B,0.0,0.051053043634857354
PGBD3,0.0,0.05104773774482951
HDGFRP3,0.0,0.05101651703611842
SLX1A,0.0,0.050965546493107
RP11-379F4.9,0.0,0.0509294655977102
DMD,0.0,0.05090460368235324
PPP1R32,0.0,0.05087899183140926
CLCN5,0.0,0.05081856684887238
RP11-692D12.1,0.0,0.050792155814335375
DSC2,0.0,0.050780476553901055
SPATA21,0.0,0.050778336990212856
RNU11,0.0,0.05075677458978518
DCUN1D3,0.0,0.050687163825059695
LINC00968,0.0,0.05068060385764765
KCNAB3,0.0,0.050646387429174954
PYCR1,0.0,0.05064344652837178
RP11-77H9.2,0.0,0.05056763632049091
ACE,0.0,0.05056268219896225
SOX13,0.0,0.05055782592641174
NRN1L,0.0,0.050557480247371264
KRT8,0.0,0.05054067702072011
RP11-359I18.5,0.0,0.050539746139710455
ITIH4,0.0,0.05052479849340696
AP001046.6,0.0,0.05049904665459604
WBSCR27,0.0,0.05047006267700434
DAPK2,0.0,0.05042385991464591
TTC34,0.0,0.050362772711644244
PLEKHM3,0.0,0.05033099580591742
KNTC1,0.0,0.05032593186048529
SCIN,0.0,0.05032537426317021
CCDC163P,0.0,0.050307937870045595
KCNQ5,0.0,0.05030671184563068
ADORA2B,0.0,0.05026772342086603
RP11-16N11.2,0.0,0.05025111681026278
ZFPM1,0.0,0.05024639321790695
NHSL1,0.0,0.050188814209066485
CTD-2083E4.6,0.0,0.05012993149194166
NLGN4Y,0.0,0.05012797140450206
RP11-101E13.5,0.0,0.05012434710737642
MTCP1,0.0,0.050086478311288186
RGPD2,0.0,0.05008348744587388
TGFBR3L,0.0,0.05005282368594919
CKM,0.0,0.05004615499249314
LINC00852,0.0,0.05003852835774628
TPX2,0.0,0.050021128300380004
PRSS53,0.0,0.05000839892259325
RNF122,0.0,0.04994407054548284
DDTL,0.0,0.04993537615362005
OTUD7A,0.0,0.04992599326394721
RP11-126L15.4,0.0,0.04992497893870914
SYNM,0.0,0.04987987491429442
RP11-420A6.2,0.0,0.04987068648678986
AC104809.3,0.0,0.04986171235126022
CTD-2514K5.2,0.0,0.04982771089200422
RP11-54O7.11,0.0,0.049766359177500934
ECT2,0.0,0.04971096018238834
CTD-2353F22.1,0.0,0.04970102629931324
LINC00482,0.0,0.049653455142713486
GP5,0.0,0.04964312350869615
HIST1H4A,0.0,0.049623048618634695
RP11-114O18.1,0.0,0.049622190123768964
RP11-803B1.8,0.0,0.049605427521453
ASMTL-AS1,0.0,0.04951472250059492
SGMS2,0.0,0.0494567136696355
C9orf96,0.0,0.04941967958512589
KRT73,0.0,0.04941260089621403
AMZ1,0.0,0.049407798596512675
RP11-159H10.3,0.0,0.04927858619677593
RAB12,0.0,0.04925930975258985
RUNDC3B,0.0,0.049253997011278916
ZNF223-1,0.0,0.049243337050916214
RP11-96D1.11,0.0,0.049201782901962116
LRG1,0.0,0.0491545917968107
ZNF449,0.0,0.04914808819959514
KLHL23,0.0,0.049094066663758144
C10orf105,0.0,0.04908377491581145
PHLPP1,0.0,0.04903068324377816
RP1-100J12.1,0.0,0.04901798814202572
RP1-90J20.12,0.0,0.048998691011482264
SLC27A2,0.0,0.04891185725335077
CAV1,0.0,0.04887450712254119
RNF32,0.0,0.048873716712478706
C1QTNF4,0.0,0.048858857870080055
VNN3,0.0,0.04881757798878796
TMEM169,0.0,0.048732828472451056
TROAP,0.0,0.048731007204460275
C2orf62,0.0,0.0486958121159269
ZNF777,0.0,0.04859579825201894
RP11-356N1.2,0.0,0.048581449025255484
ASPM,0.0,0.048575735604060886
CTD-2054N24.2,0.0,0.04849916891671812
CTD-2012J19.3,0.0,0.048451146557451245
LSM11,0.0,0.04841662299737559
OSGEPL1-AS1,0.0,0.04837138574624799
LRP12,0.0,0.048367666740894405
RP11-261C10.3,0.0,0.04827654075551322
AC093642.3,0.0,0.04826903291636125
IGF2BP3,0.0,0.0481112580945359
RASIP1,0.0,0.048096602294922436
CH25H,0.0,0.04808169856688168
SPRED1,0.0,0.04800093925088379
SLFNL1,0.0,0.047959751857656406
PBX1,0.0,0.047849792806404286
CALD1,0.0,0.04782951863905778
CASS4,0.0,0.04781522623363297
LL22NC03-86G7.1,0.0,0.047769817280335594
SLAMF8,0.0,0.047757612580590726
RP5-899E9.1,0.0,0.04772403299603379
NBPF20,0.0,0.04766980818351574
RP11-178L8.7,0.0,0.047647062624971266
CYP4F22,0.0,0.047581617323113314
MINOS1-NBL1,0.0,0.04749439798060655
NPIPB6,0.0,0.04745592421498258
S100A5,0.0,0.047309386891844676
BHLHE40-AS1,0.0,0.04727866442155277
TAL1,0.0,0.047275443114584655
SHISA4,0.0,0.04723542435017517
NCAPH,0.0,0.047137426248189944
ENTPD7,0.0,0.04704962387700802
RP11-277B15.3,0.0,0.04704078128683557
MAGI3,0.0,0.047035229390010896
ZNF425,0.0,0.046984487514855046
KCNH3,0.0,0.0469392211220808
PDE8B,0.0,0.04693676233931884
GLS2,0.0,0.04692854410661826
STON2,0.0,0.04691218864996656
NUDT12,0.0,0.04687742297941167
RP11-490M8.1,0.0,0.04677486474207122
KRTAP5-AS1,0.0,0.04676197665600236
CTC-260E6.6,0.0,0.046697830002591596
RP11-389O22.1,0.0,0.046619270590811925
SSC5D,0.0,0.04656619949931413
NPPA-AS1,0.0,0.04651800387638342
ABHD16B,0.0,0.046478880528869594
RP5-1043L13.1,0.0,0.04647874780238416
SLC22A15,0.0,0.04646395586683218
LRRC46,0.0,0.046403459648333804
RP11-492E3.2,0.0,0.04638483626480134
GUCA1B,0.0,0.046338124640292334
NCKAP1,0.0,0.04626504422367768
AC068580.6,0.0,0.04623226053343497
RP11-977G19.12,0.0,0.04622311554107433
ATP8A2,0.0,0.04615123390487123
AP001412.1,0.0,0.04606487902967527
TVP23A,0.0,0.04596175661032199
ESR2,0.0,0.04595482108336292
RP11-1079K10.4,0.0,0.045865004953592824
ZNF433,0.0,0.045830845988712975
SH3D21,0.0,0.04583050128723035
RP11-805J14.5,0.0,0.04579410421302976
RP11-1055B8.4,0.0,0.045770236728777954
WDR66,0.0,0.045761582793626424
MTFR2,0.0,0.04575955393332303
IL1RL2,0.0,0.0457535681962471
RP11-466F5.8,0.0,0.045737182161280185
XYLB,0.0,0.045638672014456746
DNAJC28,0.0,0.04559608412624224
RP11-17M16.1,0.0,0.04557121442753076
ZNF547,0.0,0.04550577945267404
ZNF763,0.0,0.04550544961389424
AC016683.5,0.0,0.04542590115352062
FAM92A1,0.0,0.045376895170239906
CTD-3154N5.1,0.0,0.0453510529982714
RP11-247A12.2,0.0,0.045350503770227694
DMC1,0.0,0.04514668073129363
RBL1-1,0.0,0.0451438804596573
HAS3,0.0,0.045139136128255916
RP11-513M16.8,0.0,0.04512438762668811
RP4-684O24.5,0.0,0.045071076556511026
PLCH2,0.0,0.04501219841727664
HIST1H2BH,0.0,0.04495166491124057
RP5-1042K10.10,0.0,0.044923161430990795
KIAA1211L,0.0,0.04479314443241758
SERPINE1,0.0,0.044746380963651806
CYP2S1,0.0,0.044730118487849475
RP11-505P4.6,0.0,0.04472597094951463
TAS2R30,0.0,0.04472068103116243
Y_RNA,0.0,0.0446968488071907
RP11-137H2.4,0.0,0.04467255948121381
ZNF492,0.0,0.04465657684915414
CMTM4,0.0,0.04465051203261655
FAM132A,0.0,0.044529158886223
DPF3,0.0,0.04451910538336309
RTKN,0.0,0.044498507519256936
C14orf79,0.0,0.04448583274045615
AC195454.1,0.0,0.04447653221931331
SUMO4,0.0,0.044470317086971994
USP12-AS2,0.0,0.044463222834828384
AGAP1,0.0,0.04445612649403086
CCNT2-AS1,0.0,0.04444872244820703
RP11-338C15.3,0.0,0.04440860958302177
RP11-661A12.14,0.0,0.04439665946861064
AC013449.1,0.0,0.044394602483713484
GS1-393G12.14,0.0,0.04438070518651336
PDE2A,0.0,0.044379925810741384
P2RY6,0.0,0.04429779415755484
LRRC24,0.0,0.04429316624322907
RP11-178C3.2,0.0,0.04425487843077297
SLC2A1-AS1,0.0,0.04419773191519625
OTOA,0.0,0.044179524817152566
TRNP1,0.0,0.04417612374221747
CCDC78,0.0,0.04415707765837254
RP5-1112D6.4,0.0,0.04415001281010082
PLIN5,0.0,0.04414213336197129
RP11-600F24.7,0.0,0.04411908191147099
KRT86,0.0,0.044083820439067514
CRYGS,0.0,0.04405868358704177
TTC30B,0.0,0.044038401745562304
MEIS1,0.0,0.04403115159151386
HIST2H2BF,0.0,0.043999440500841154
RP11-342M1.3,0.0,0.043970241239421226
CTD-2541M15.1,0.0,0.04396897946087652
MRPL30,0.0,0.043961428312399214
TRIP13,0.0,0.043938342406068136
WNT10B,0.0,0.043926679399435
MAP3K14-AS1,0.0,0.04391225571209273
CECR6,0.0,0.04384972733493177
PGF,0.0,0.04384927500300231
FBXL22,0.0,0.04382470090936367
SCARF2,0.0,0.04377733290050371
AC145110.1,0.0,0.043765456072225255
MYO16,0.0,0.04376291766575634
RASA4B,0.0,0.043729140647743026
KLHL29,0.0,0.04372561525563796
RP11-863K10.7,0.0,0.04372546724519803
ARHGAP42,0.0,0.04371970559197946
RP11-359K18.3,0.0,0.04371229122564837
AC008440.5,0.0,0.04370362475246799
AC083843.2,0.0,0.04367040392039803
SORBS1,0.0,0.043666171320717276
SCT,0.0,0.04365662477314637
GAS8,0.0,0.04363952545456613
WNK3,0.0,0.043599392791874504
USP54,0.0,0.04357353876953183
LINC00884,0.0,0.04355251747852094
RP11-138I18.2,0.0,0.04354900491915807
RP11-388M20.6,0.0,0.04354656953739026
SLC6A4,0.0,0.0435237404313494
LA16c-358B7.3,0.0,0.04352220560679954
BEND2,0.0,0.043510035419535666
LINGO3,0.0,0.04350184156773221
PAQR7,0.0,0.04347207108827816
SEMA5A,0.0,0.04346295546009881
SCGB1B2P,0.0,0.04339504236845041
SPIRE1,0.0,0.04335609636521294
TCAP,0.0,0.04335340046045872
AC104655.3,0.0,0.043351372902418514
RP3-329E20.2,0.0,0.04332831223127016
CCDC3,0.0,0.043317722024351635
ZNF415,0.0,0.04330309031323692
CTB-91J4.1,0.0,0.04328430394649523
AQP10,0.0,0.04324026244214075
CTD-2555C10.3,0.0,0.04323016685331836
PLGLB1,0.0,0.04321938056977679
LAMC1,0.0,0.043179198493171866
RET,0.0,0.04316057407005845
RP5-940J5.6,0.0,0.04315205359243702
FOXD2,0.0,0.04315015836047938
RP11-20B24.5,0.0,0.043132179275391695
C1orf177,0.0,0.04308857344945945
RP11-290D2.3,0.0,0.04307846653603192
RP11-884K10.7,0.0,0.04307123751140772
RP11-302B13.5,0.0,0.04306934495228015
LRRC16B,0.0,0.043055831395126413
RP11-656D10.3,0.0,0.043006929328380225
TLL2,0.0,0.04299521011035026
RANBP17,0.0,0.042979313738811864
RP11-498C9.2,0.0,0.04297221705223954
CDH20,0.0,0.04297068375838781
KHDRBS2,0.0,0.04292010864710729
C10orf25,0.0,0.04288727996399201
CTC-550B14.7,0.0,0.04288582614135117
COLCA2,0.0,0.0428575583630569
KRT23,0.0,0.0428350511834937
UPK2,0.0,0.04282331038575713
C19orf44,0.0,0.042822781663504075
RFPL1S,0.0,0.04281335755065761
CCNB2,0.0,0.042792028974477286
CECR5-AS1,0.0,0.042776177619418175
ZNF711,0.0,0.0427562331548508
EVC,0.0,0.04274610208560781
RP11-242D8.1,0.0,0.042721535080317494
CTD-2201I18.1,0.0,0.042705438113984424
BOP1,0.0,0.042702155043168245
RP4-583P15.15,0.0,0.042690671098732084
CTD-2023M8.1,0.0,0.04266137493196469
ZNF625,0.0,0.04262749043960936
CLECL1,0.0,0.04262641292667781
RP11-159D12.5,0.0,0.04261452036681632
TLR9,0.0,0.04260035843163955
ZNF578,0.0,0.04259235145441026
KTN1-AS1,0.0,0.042572246447052826
FAM209A,0.0,0.04253894758022216
LINC00562,0.0,0.04251795759486805
LYG1,0.0,0.04250427564152764
RP11-544A12.4,0.0,0.04247539709922057
MAMSTR,0.0,0.04245056305395113
BOK,0.0,0.042437744670218824
RP11-11N7.4,0.0,0.04243755911582837
PANK1,0.0,0.04242534849847139
CTC-338M12.6,0.0,0.04239654623028216
LTB4R2-1,0.0,0.042385120242684385
CLTCL1,0.0,0.04238358338455993
VIPR2,0.0,0.042375616477608846
AP000254.8,0.0,0.04236891277194226
RP11-803D5.4,0.0,0.042329812402961714
RP11-484K9.4,0.0,0.04231875095157478
RBFOX2,0.0,0.04230599047412663
RP11-351I24.1,0.0,0.04230566314331941
ZNF208,0.0,0.042299333600985374
FAM106A,0.0,0.04229483217084911
WDR11-AS1,0.0,0.04229378211592626
CTA-14H9.5,0.0,0.04229136130471791
ITPKB-AS1,0.0,0.042278947869823474
CTD-2587H19.1,0.0,0.04226185687248003
CD1E,0.0,0.04221085763874118
TRIM61,0.0,0.042182692343169535
CTD-2017C7.1,0.0,0.042177484566117245
ACVR2B,0.0,0.04216782730090119
CTD-2541M15.4,0.0,0.042133515712799476
CTD-2033A16.3,0.0,0.04206726747895254
MIR3615,0.0,0.04205854920101995
RP11-774O3.3,0.0,0.04203777861620408
GLIPR1L2,0.0,0.04203044379396103
LINC01119,0.0,0.04201039364866006
RP11-996F15.2,0.0,0.04200125218483858
RP11-15A1.7,0.0,0.04199913662452777
MEG3,0.0,0.04198507944390957
RP11-477N3.1,0.0,0.04198303199640113
C6orf229,0.0,0.0419779251977472
CCDC62,0.0,0.04196117249978267
CTC-523E23.1,0.0,0.041958592441829104
AASS,0.0,0.04195687547233791
RP11-282O18.3,0.0,0.04195220102352342
CTD-2516F10.2,0.0,0.041949451632791145
C5,0.0,0.04190025933786199
FAM47E,0.0,0.04187523882975626
AC024940.1,0.0,0.041868021338679416
GAS2,0.0,0.04186493702372164
LINC00959,0.0,0.04186278154663303
FGF9,0.0,0.04184456833390662
RP1-317E23.3,0.0,0.041838856015391945
CHRNA1,0.0,0.04183856904053447
CLCN4,0.0,0.0418169122766847
RP11-379K17.4,0.0,0.041785748544860335
RP13-131K19.7,0.0,0.041784512602078425
PHLDB1,0.0,0.04178077637519332
CBX2,0.0,0.04175983516253183
SEPP1,0.0,0.041746050511157894
TRIM31,0.0,0.04174235909753124
AC012074.2,0.0,0.041721683634413656
LINC00511,0.0,0.04168885923344507
CTD-2006K23.2,0.0,0.04163679572491313
GPER1,0.0,0.04159945592787819
EPM2A,0.0,0.04159713133417209
AP001058.3,0.0,0.041577038215094134
HIST1H2BF,0.0,0.04155914525290562
L3MBTL4,0.0,0.041554430143537914
RP1-140A9.1,0.0,0.04154741961538399
BNC2,0.0,0.04151554138688203
AC137932.1,0.0,0.041512321880898165
RP5-930J4.4,0.0,0.041508652075208145
PRDM11,0.0,0.04149005499977818
SPEG,0.0,0.041455620229385065
HSF2BP,0.0,0.04142814683169777
RP11-707M3.3,0.0,0.04138819311319416
SLC10A1,0.0,0.04138169506026788
RP3-486I3.7,0.0,0.0413783884115477
C7orf25,0.0,0.04137669874826468
RP11-707G14.1,0.0,0.04137352704249623
MAP1A,0.0,0.04136722921317441
RP11-106M3.3,0.0,0.04136534485618308
CTAGE9,0.0,0.04134164926061049
MMRN1,0.0,0.04134055831767899
RP11-661A12.12,0.0,0.04133464796449442
YY2,0.0,0.04132498196304499
TNFRSF11A,0.0,0.0413206724780987
RP11-225H22.7,0.0,0.041283237181406474
RP11-312B8.1,0.0,0.04126505228203789
CTB-102L5.4,0.0,0.04119738118109711
KDELC1,0.0,0.041187941319808026
RP11-111J6.2,0.0,0.041176649692687646
DNAJC5B,0.0,0.041163870161151306
RP5-884G6.2,0.0,0.04114739677529313
RP11-36B15.1,0.0,0.0411221077607275
RP3-380B8.4,0.0,0.04109197637259377
C19orf18,0.0,0.041080722844839775
NUP62CL,0.0,0.04105234195893591
ZNF541,0.0,0.04104642021546823
RP11-33O4.1,0.0,0.04104490264862921
ADAMTSL5,0.0,0.04102612491596568
NPAS2,0.0,0.040989603425456794
C4orf47,0.0,0.04096457728781918
CELSR1,0.0,0.04096334164028819
SNORD3A,0.0,0.04096189915555938
RP11-588G21.2,0.0,0.04094026342232071
KLHDC9,0.0,0.04092809913848276
CTD-2571L23.8,0.0,0.04091767455200583
CELSR2,0.0,0.04090934047960491
CTB-114C7.4,0.0,0.040896746852077316
DTX4,0.0,0.040892947867335785
TMEM238,0.0,0.04088993655474392
BSPRY,0.0,0.04087231447816947
SEC14L5,0.0,0.040862964650518044
COL17A1,0.0,0.04085255628242803
ENAH,0.0,0.04084847153037722
CTC-459I6.1,0.0,0.040833635125371186
RP11-571M6.7,0.0,0.04083340564206931
RP11-265P11.2,0.0,0.04081102159518222
AC124944.3,0.0,0.0408072854367079
AL020996.1,0.0,0.04078013703741362
ARSE,0.0,0.04075131482116509
ADD2,0.0,0.04073599206507024
HRASLS,0.0,0.04073293019764998
RP11-293A21.1,0.0,0.040728289300213945
CCL3L1,0.0,0.040728046577283225
ALPL,0.0,0.04072632124615023
DYX1C1,0.0,0.04072227180485939
RP11-540O11.6,0.0,0.040720205707021055
C9orf147,0.0,0.040695206310707194
GPR157,0.0,0.04069264414110836
AKR1CL1,0.0,0.040691009885863
LRRC56,0.0,0.04068259862045138
OMG,0.0,0.04066503430962325
FAM228A,0.0,0.04065661069043678
RP11-452H21.4,0.0,0.04054043213445312
SGPP2,0.0,0.04053975805888319
RP11-98D18.3,0.0,0.04053898549621943
C15orf52,0.0,0.040532360994718686
AC129492.6,0.0,0.040521392330144804
PLA2G1B,0.0,0.040514022195310896
KIAA1107,0.0,0.04051326382914417
RP4-548D19.3,0.0,0.04050829810333936
RP11-216B9.6,0.0,0.04049247702199786
C5orf27,0.0,0.04048053176403124
CTC-209H22.3,0.0,0.040480036130975144
QRICH2,0.0,0.04047763631210554
CTB-47B11.3,0.0,0.04047707398068567
RP11-791G15.2,0.0,0.040472599071572614
LRRC26,0.0,0.040470197083316006
MYCBP2-AS1,0.0,0.04044850008215204
MYO1B,0.0,0.04040780968920076
HPD,0.0,0.04039690052200628
PAGE5,0.0,0.04031815540079459
DACT1,0.0,0.04029803702291853
RP3-477O4.16,0.0,0.040294089339562404
RP11-260M2.1,0.0,0.04027864202832753
AC005932.1,0.0,0.04027684527780349
ZNF205-AS1,0.0,0.040217925291864125
C22orf43,0.0,0.040208463827481375
CTD-2215E18.1,0.0,0.04020106737643192
C4BPB,0.0,0.04019502209958159
RP11-566K11.5,0.0,0.040178390637234634
ARHGEF10,0.0,0.04017629285318472
RP11-56B16.4,0.0,0.04017134712616053
RP4-773N10.4,0.0,0.04016966895991606
SUN3,0.0,0.040160427627100044
AP006222.2,0.0,0.04015736446084569
RP11-13P5.1,0.0,0.04015424798694195
FRMD4A,0.0,0.040153452594481116
KLB,0.0,0.04015034278569572
RP11-439L18.2,0.0,0.040121519997478386
AP001610.5,0.0,0.04011582196618911
CSRP2,0.0,0.04010480415400668
CTD-2540F13.2,0.0,0.04010427728640084
CABP7,0.0,0.040093473924346784
UXT-AS1,0.0,0.040069206323204126
ZACN,0.0,0.04006059821959272
TPO,0.0,0.04004946892581331
CTRL,0.0,0.04003143168949235
RP11-656E20.5,0.0,0.040010990300814356
P2RY1,0.0,0.03999199545403426
ZFP28,0.0,0.03998718637079986
AL590822.2,0.0,0.03998687836762057
RP13-131K19.2,0.0,0.039950809699486965
RP11-532F12.5,0.0,0.03991409514207262
ZNF284,0.0,0.039903023880908
RP11-110I1.14,0.0,0.039882282793597464
KIF9-AS1,0.0,0.03987269202590548
EPHB3,0.0,0.03987103737880025
MCAM,0.0,0.03981335365267312
ANKRD31,0.0,0.0398128333890596
FKBP9,0.0,0.039804340668458525
TULP2,0.0,0.039804213999691654
GDPGP1,0.0,0.03979601549474701
PADI2,0.0,0.03978102345633664
CCR9,0.0,0.03975522416650295
RNF222,0.0,0.039741747458166
CTD-2196E14.4,0.0,0.03974157273335707
CTC-366B18.2,0.0,0.03973959751039772
LOXL2,0.0,0.039739367253207966
LIG4,0.0,0.0396761157756799
LRRC37A2,0.0,0.03967201520783016
RP11-666A20.4,0.0,0.03967199761081401
RP1-151F17.1,0.0,0.03964280493181816
CTC-518P12.6,0.0,0.03962770586884702
AC008174.3,0.0,0.03961532885539345
RP11-81A22.5,0.0,0.03960403136038306
ABCC6,0.0,0.03959030467040192
RP11-677M14.7,0.0,0.03958824490051057
CTD-2651B20.3,0.0,0.03957687682340492
AC110771.1,0.0,0.039561088444596354
ZNF280B,0.0,0.039547959112111036
HIST1H4K,0.0,0.03951689368741175
SERPINB2,0.0,0.039509760259434444
TNFRSF21,0.0,0.039503704329272804
TGM2,0.0,0.039493131413709616
RP11-46A10.5,0.0,0.039485666292916055
TRBV11-2,0.0,0.03948077451375714
MADCAM1,0.0,0.039474845297399024
RP4-794H19.1,0.0,0.03944492637398821
KCNE1L,0.0,0.03942140491050577
RAPGEF3,0.0,0.03940845099058372
PEBP4,0.0,0.03940583808760897
GNMT,0.0,0.03939791973530301
CTD-3093M3.1,0.0,0.03939390016432571
NEB,0.0,0.039393173410451864
PTPRM,0.0,0.0393824604582763
RP11-161M6.3,0.0,0.03937695802244943
RP11-529K1.4,0.0,0.03937562479275088
RP11-849F2.7,0.0,0.039371105134898506
CTB-113P19.5,0.0,0.0393647441819699
ZBTB8A,0.0,0.03935853396166674
CTD-2659N19.9,0.0,0.03932400011503187
RP11-416N2.4,0.0,0.03930373731759722
TIMD4,0.0,0.03929620770134174
LCNL1,0.0,0.03927360894678715
RND1,0.0,0.039269676489164546
RP13-317D12.3,0.0,0.039268162752292134
RP11-417F21.1,0.0,0.03926015926065531
OVCH1-AS1,0.0,0.039255197357572755
RP11-830F9.6,0.0,0.03925246425816925
ZNF84,0.0,0.03924428020100976
PKN3,0.0,0.03921533639005359
RP11-356C4.3,0.0,0.03921450785299025
PLVAP,0.0,0.03920579239269076
SRGAP1,0.0,0.039202641607540493
TMPRSS3,0.0,0.039197571051716264
RP11-513M16.7,0.0,0.03918695632068736
RIMS3,0.0,0.03918406094718703
ZNF396,0.0,0.03917857281651567
RP11-362K14.6,0.0,0.0391753593252274
CRHBP,0.0,0.039172102328738745
RP11-666A1.5,0.0,0.03916626556306436
RP11-317N8.5,0.0,0.039160219389595415
CTH,0.0,0.03915633505016555
RP11-793H13.10,0.0,0.039127103908706655
TLR3,0.0,0.03912225183524953
CUBN,0.0,0.039113287069244176
RP11-429E11.3,0.0,0.039078590195625706
RP11-23P13.7,0.0,0.03906987389001267
CRIM1,0.0,0.039069403203216085
TMEM262,0.0,0.03904045687898044
RP11-56G10.2,0.0,0.03902932548549772
RP11-292F22.7,0.0,0.039026513571934755
NSUN7,0.0,0.039024378576014346
WNT2B,0.0,0.03901552266990522
CERKL,0.0,0.03901281151927881
C3orf52,0.0,0.03900654536784134
SEMA4G,0.0,0.038981152818394114
RP11-138P22.1,0.0,0.03895733469210429
RP11-46J23.1,0.0,0.03893344776627244
RP4-536B24.3,0.0,0.038920510792087304
RP3-462E2.5,0.0,0.03891462470423645
EHHADH,0.0,0.03890484906871906
RP11-787I22.3,0.0,0.038900482876618354
PDE5A,0.0,0.038881727240332724
SRRM5,0.0,0.03887767203418239
LAMP5,0.0,0.038858616323441696
CTIF,0.0,0.038856106767344335
ZNF205,0.0,0.03881602302903316
ADIRF,0.0,0.03880760205162251
SLC23A3,0.0,0.03878306453699412
FNBP1L,0.0,0.03877741370693336
CACNA1C,0.0,0.03874325507421502
RP4-561L24.3,0.0,0.03870542731325112
RP11-305K5.1,0.0,0.03867778686275071
RPL34-AS1,0.0,0.03864499617102233
CTA-445C9.14,0.0,0.03862858503898457
AC015971.2,0.0,0.03860833952729532
SOX12,0.0,0.038595783452922
RP11-624C23.1,0.0,0.03856382425915891
CTD-3088G3.8,0.0,0.03855148774450913
RP4-813F11.4,0.0,0.03854303982795856
EFEMP2,0.0,0.03845303331448737
ATP2A1,0.0,0.03844763387690221
PSMA8,0.0,0.03844451030515746
RTEL1-TNFRSF6B,0.0,0.038443538267639
RP11-264L1.4,0.0,0.038435019188339824
PM20D1,0.0,0.038419998860825526
MYO5C,0.0,0.0383784596254439
RP6-206I17.1,0.0,0.038358325786081976
RP11-290L1.3,0.0,0.038347843223704485
ZNF252P-AS1,0.0,0.038317556225532845
CTD-2545M3.2,0.0,0.038311014393327805
PODN,0.0,0.038305020973889076
AC006547.15,0.0,0.03829691479683729
RP5-1142A6.2,0.0,0.03829155058787304
MOCS1,0.0,0.03828046060830715
PKD2L1,0.0,0.038261338918586546
NUPR1L,0.0,0.0382450772541336
FAM127C,0.0,0.038196831183729484
GNA11,0.0,0.038188648854241704
ACAD11,0.0,0.03818441080433005
RP11-347C12.1,0.0,0.03817443965434497
C9orf24,0.0,0.03814923422305159
C9orf116,0.0,0.03812883221102776
KLHL25,0.0,0.038120554578763705
ABTB2,0.0,0.0381036665953775
RP13-131K19.6,0.0,0.038089660952535104
RP11-6F2.5,0.0,0.03807746412335594
CTD-2135D7.5,0.0,0.038060707942296226
RP11-511I2.2,0.0,0.03803836842707847
RP11-305L7.7,0.0,0.03803103467930985
SLC4A4,0.0,0.038026151272457606
RP11-166B2.8,0.0,0.03802040697965727
BTBD19,0.0,0.03800049121814615
USP27X,0.0,0.03797598090740143
C10orf111,0.0,0.03797472507904316
TMEM52,0.0,0.03797291666966445
ATP6AP1L,0.0,0.03797291288741837
TUSC1,0.0,0.03790858720924727
RAB15,0.0,0.037907014173640494
CEBPA-AS1,0.0,0.037894494926242826
RP11-458D21.6,0.0,0.03781513170072981
RP11-252C15.1,0.0,0.03780862316862618
LINC00865,0.0,0.03778703006368579
B3GALNT1,0.0,0.03777304811240943
TMEM105,0.0,0.0377557572973686
PAPL,0.0,0.037725663503563996
CTD-2086O20.3,0.0,0.03767437482295871
NIPAL1,0.0,0.03767365946167776
RP11-403A21.1,0.0,0.03767237168325243
RP4-784A16.5,0.0,0.037667260075812656
ARC,0.0,0.0376537042201249
DPEP3,0.0,0.03764749066927219
AC017002.1,0.0,0.037642152991921536
CYP2J2,0.0,0.03758477028002431
RP1-265C24.8,0.0,0.0375773177479712
C1orf145,0.0,0.037536786738514814
CASC5,0.0,0.037525502291705704
RP11-163N6.2,0.0,0.0375004323129145
AP003068.9,0.0,0.03748155654778776
RP11-286E11.1,0.0,0.03746019271274748
LATS2-AS1,0.0,0.03745965385171792
CDH1,0.0,0.03745587367955821
MAP1B,0.0,0.037454600376250424
IL12A,0.0,0.03745451962073874
ZNF709,0.0,0.0373738295390101
SPR,0.0,0.03732785623099145
SLC45A1,0.0,0.03732229747116835
TRIM60,0.0,0.0373187064501939
LGALS8-AS1,0.0,0.037317574763288786
FOXN3-AS1,0.0,0.03729228863861484
ZSCAN31,0.0,0.037269817994293034
RP11-531A24.5,0.0,0.03726028781181365
C1orf204,0.0,0.037254300533430054
CD1B,0.0,0.03724901671188663
TMEM200B,0.0,0.037247850627757456
RP4-798A10.7,0.0,0.037240701063976374
TMPRSS13,0.0,0.037233115896563314
SIPA1L2,0.0,0.03723224414492907
LINC00656,0.0,0.03721442922920193
ADORA3,0.0,0.03716104731397483
MEX3B,0.0,0.03712477805258778
LRP5,0.0,0.03712048403268494
TMEM254-AS1,0.0,0.03711921547868292
CEMP1,0.0,0.03710798867341228
FAM167A,0.0,0.03709928487374812
RP11-1299A16.3,0.0,0.03709081395260222
ANKHD1-EIF4EBP3,0.0,0.03704444757931984
PFKFB2,0.0,0.037029349973601154
FOXD2-AS1,0.0,0.037029215759078894
MOK,0.0,0.03697013839933161
DUSP19,0.0,0.03696504535150585
BCL2L15,0.0,0.03696325806528646
CRIP1-1,0.0,0.03694742871299459
C9orf47,0.0,0.03688236532004812
FA2H,0.0,0.03687795807802485
RP11-317J10.2,0.0,0.03686268823926568
AC011893.3,0.0,0.036816794939694635
BRSK1,0.0,0.03679791325228767
TEX14,0.0,0.03679759393247533
C2orf27A,0.0,0.03674402942920277
AC004381.6,0.0,0.03667912047704894
WNT11,0.0,0.03663652069440052
RP11-930P14.2,0.0,0.03659692165662617
RASAL1,0.0,0.036572375855005244
CTD-2085J24.4,0.0,0.03654773071378424
CTB-96E2.7,0.0,0.03654532873490666
RP11-46D6.1,0.0,0.03651592255233119
CTD-2583P5.3,0.0,0.036496239072058005
GPM6A,0.0,0.036465937208606344
CXCL9,0.0,0.036451850947748526
AC099850.1,0.0,0.03639102652992421
RP11-54O7.17,0.0,0.036372670062207554
RP11-362F19.3,0.0,0.03629368301308917
HOXB3,0.0,0.03628350842918049
MATN1,0.0,0.03627725815645914
TRAIP,0.0,0.0362697950641083
ALDH4A1,0.0,0.03615640889921417
RP11-361D15.2,0.0,0.03611660856657733
RP5-1142A6.8,0.0,0.036081155508296686
INHBA-AS1,0.0,0.0359653399408589
ATP13A4,0.0,0.035916382873280396
FGF14-AS2,0.0,0.03588957923941914
CDON,0.0,0.03587052584822482
SLC12A5,0.0,0.03586403911799
PROS1,0.0,0.03581449729912495
TMEM144,0.0,0.03578743844566581
TMCC1-AS1,0.0,0.035739669218959116
GEM,0.0,0.03571313407945117
ZFYVE9,0.0,0.035623639073666905
C1orf115,0.0,0.035601061950324926
PTRF,0.0,0.03557416350593729
ITLN1,0.0,0.03552178808939609
AC004540.5,0.0,0.03549859601161857
DHDH,0.0,0.03548882534271125
TRIM54,0.0,0.0354644513335395
CTC-507E2.1,0.0,0.03544632128265731
RP4-607J23.2,0.0,0.03541630533030973
RAPH1,0.0,0.03540209123530439
CELSR3,0.0,0.035368029128438
CRYM,0.0,0.035360315328567496
RP11-10C24.1,0.0,0.03529602112712579
RP11-764K9.1,0.0,0.0352411730209097
LINC01094,0.0,0.035149939594685764
AC137934.1,0.0,0.035109906132629
KIF2C,0.0,0.03505274182846803
COL4A4,0.0,0.035038146665739095
ATL1,0.0,0.03500815217118206
C19orf77,0.0,0.03492320463125876
NPHP1,0.0,0.03489761069275985
PCSK6,0.0,0.034742439929986005
AC139100.2,0.0,0.034732632533915155
PRDM10,0.0,0.03468447885684395
KIF18A,0.0,0.034655611934348705
EMP1,0.0,0.03464587119978266
RP11-552D4.1,0.0,0.0346237285706059
UCHL1,0.0,0.03460088074888356
DTNA,0.0,0.034593079724486546
PLS3,0.0,0.03457939424874234
FOXM1,0.0,0.03451886152013407
TRIM74,0.0,0.03450810159405852
SLC3A1,0.0,0.034499914843254625
AF127936.7,0.0,0.034485715936057086
HOXA-AS2,0.0,0.03441202767345306
RP11-279O9.4,0.0,0.03437993909128186
RP11-314O13.1,0.0,0.034303556231896126
GPR125,0.0,0.034270126223940545
RP11-873E20.1,0.0,0.034249758083393124
DLG5,0.0,0.03420408393796723
C5orf54,0.0,0.03419920557676663
UBXN10,0.0,0.03419222494284082
CRYBG3,0.0,0.03416263242113725
RP11-863P13.2,0.0,0.034104652744078104
KCNC4,0.0,0.03400087567804559
AC007285.6,0.0,0.033975425712789456
RP3-466P17.1,0.0,0.03387393301323437
AC104699.1,0.0,0.03379799258682005
CTD-2319I12.2,0.0,0.03377999627108376
RP11-731C17.2,0.0,0.033667134611183654
CTA-407F11.8,0.0,0.03365406112897294
TMEM63C,0.0,0.03364266883854462
KB-1507C5.4,0.0,0.033631889031965956
NHS,0.0,0.03361828842534859
RP11-525A16.4,0.0,0.03358528679926328
AVEN,0.0,0.033538287277630016
GTF2IRD1,0.0,0.0334023945092582
RP11-212I21.4,0.0,0.033203735223901465
CTB-178M22.2,0.0,0.033087901459535225
RP11-206L10.9,0.0,0.032981167165154465
OPLAH,0.0,0.0328577966950541
ZNF724P,0.0,0.032817361272587414
WDR65,0.0,0.032553887897692285
CIT,0.0,0.03250269320924098
P2RY12,0.0,0.03244185514245111
GS1-393G12.13,0.0,0.032349776302424894
SDS,0.0,0.03212997850261159
SKA1,0.0,0.03206763142838039
DOCK4,0.0,0.03206217583842737
SAPCD2,0.0,0.03195941814202441
CABLES1,0.0,0.03192968872090917
SCARA5,0.0,0.03189419466278088
PMP22,0.0,0.031868837355748775
CDCA8,0.0,0.03184075134785622
C9orf169,0.0,0.03166477098061352
OSR2,0.0,0.031614233553597326
AC004540.4,0.0,0.03146258575062497
CDC25A,0.0,0.03145245758957789
DNAJC9-AS1,0.0,0.03140066430307699
DLC1,0.0,0.031355731732929576
CTA-293F17.1,0.0,0.031327779695259655
RHOBTB1,0.0,0.03128564060159133
CEP55,0.0,0.03112522044806437
ZGPAT,0.0,0.031081504695818312
MYO10,0.0,0.031027922368985012
SLCO4A1,0.0,0.03100048424893936
SKA3,0.0,0.030998463500224595
PROC,0.0,0.030189730106406507
GPR61,0.0,0.030028251641352147
CCDC26,0.0,0.029905654391169004
C1orf61,0.0,0.029862604638088503
NEK2,0.0,0.029547445532954974
LHFP,0.0,0.029458730699077867
PKMYT1,0.0,0.029455852243186625
PBK,0.0,0.029332378714714034
VPREB1,0.0,0.028616955089212314
ESCO2,0.0,0.028437951239208253
SHCBP1,0.0,0.02773244096756687
CDC6,0.0,0.02299723634868691
